,Financial Benchmarks India Private Ltd,,,,
,,,,,
FBIL SDL/SGS Prices/Yields,,,18-Sep-26,,
Calculating Agent: FBIL,,,,,
ISIN,Description,Coupon,Maturity (dd-mmm-yyyy),Price(Rs),YTM% p.a. (Semi-Annual)
IN1420160047,07.16 GA SDL 2026,7.16,28/Sep/2026,100.0282,5.5932
IN2220160070,07.16 MH SDL 2026,7.16,28/Sep/2026,100.0282,5.5932
IN2120160048,07.16 MP SDL 2026,7.16,28/Sep/2026,100.0282,5.5932
IN2920160164,07.17 RJ SDL 2026,7.17,28/Sep/2026,100.0284,5.5932
IN1620160193,07.18 HR SDL 2026,7.18,28/Sep/2026,100.0286,5.5932
IN1820160043,07.18 JK SDL 2026,7.18,28/Sep/2026,100.0286,5.5932
IN2420160052,07.18 ML SDL 2026,7.18,28/Sep/2026,100.0286,5.5932
IN3620160041,07.18 UK SDL 2026,7.18,28/Sep/2026,100.0286,5.5932
IN3320160234,07.19 UP SDL 2026,7.19,28/Sep/2026,100.0288,5.5932
IN3420160068,07.19 WB SDL 2026,7.19,28/Sep/2026,100.0288,5.5932
IN1520220097,07.49 GJ SGS 2026,7.49,28/Sep/2026,100.0345,5.5932
IN3820210018,05.96 PY SDL 2026,5.96,29/Sep/2026,100.0064,5.5932
IN2920210316,06.01 RJ SDL 2026,6.01,06/Oct/2026,100.0142,5.5932
IN3620160058,07.18 UK SDL 2026OCT,7.18,13/Oct/2026,100.0907,5.5932
IN1720160010,07.17 HP SDL 2026,7.17,13/Oct/2026,100.0901,5.5932
IN4520160107,07.16 TS SDL 2026,7.16,13/Oct/2026,100.0895,5.5932
IN3320160242,07.16 UP SDL 2026,7.16,13/Oct/2026,100.0895,5.5932
IN3420160076,07.16 WB SDL 2026,7.16,13/Oct/2026,100.0895,5.5932
IN2020160098,07.15 KL SDL 2026,7.15,13/Oct/2026,100.0889,5.5932
IN2120160055,07.15 MP SDL 2026,7.15,13/Oct/2026,100.0889,5.5932
IN2220160088,07.15 MH SDL 2026,7.15,13/Oct/2026,100.0889,5.5932
IN1620160201,07.14 HR SDL 2026,7.14,13/Oct/2026,100.0883,5.5932
IN1920160018,07.14 KA SDL 2026,7.14,13/Oct/2026,100.0883,5.5932
IN3120160111,07.14 TN SDL 2026,7.14,13/Oct/2026,100.0883,5.5932
IN1120160024,07.09 AR SDL 2026,7.09,13/Oct/2026,100.0854,5.5932
IN2320160053,07.09 MN SDL 2026,7.09,13/Oct/2026,100.0854,5.5932
IN1520220121,07.41 GJ SGS 2026,7.41,19/Oct/2026,100.1333,5.5932
IN1520210130,06.04 GJ SDL 2026,6.04,20/Oct/2026,100.0308,5.5932
IN3420160084,07.25 WB SDL 2026,7.25,26/Oct/2026,100.1520,5.5932
IN3620160066,07.25 UK SDL 2026,7.25,26/Oct/2026,100.1520,5.5932
IN3720160016,07.25 JH SDL 2026,7.25,26/Oct/2026,100.1520,5.5932
IN3320160259,07.24 UP SDL 2026,7.24,26/Oct/2026,100.1511,5.5932
IN1020160355,07.23 AP SDL 2026,7.23,26/Oct/2026,100.1502,5.5932
IN1220160015,07.23 AS SDL 2026,7.23,26/Oct/2026,100.1502,5.5932
IN2120160063,07.23 MP SDL 2026,7.23,26/Oct/2026,100.1502,5.5932
IN3020160021,07.23 SK SDL 2026,7.23,26/Oct/2026,100.1502,5.5932
IN3120160129,07.23 TN SDL 2026,7.23,26/Oct/2026,100.1502,5.5932
IN1620160219,07.22 HR SDL 2026,7.22,26/Oct/2026,100.1492,5.5932
IN1920160026,07.22 KA SDL 2026,7.22,26/Oct/2026,100.1492,5.5932
IN2220160096,07.22 MH SDL 2026,7.22,26/Oct/2026,100.1492,5.5932
IN2320160061,07.22 MN SDL 2026,7.22,26/Oct/2026,100.1492,5.5932
IN2620160043,07.22 NG SDL 2026,7.22,26/Oct/2026,100.1492,5.5932
IN3220160037,07.22 TR SDL 2026,7.22,26/Oct/2026,100.1492,5.5932
IN2920160172,07.21 RJ SDL 2026,7.21,26/Oct/2026,100.1483,5.5932
IN1220210091,06.09 AS SDL 2026,6.09,27/Oct/2026,100.0437,5.5932
IN3820200035,05.75 PY SDL 2026,5.75,28/Oct/2026,100.0110,5.5932
IN2820200052,06.80 PN SDL 2026,6.8,06/Nov/2026,100.1262,5.5932
IN1020160371,07.42 AP SDL 2026,7.42,09/Nov/2026,100.2164,5.5932
IN1220160023,07.42 AS SDL 2026,7.42,09/Nov/2026,100.2164,5.5932
IN1620160227,07.39 HR SDL 2026,7.39,09/Nov/2026,100.2125,5.5932
IN1720160028,07.39 HP SDL 2026,7.39,09/Nov/2026,100.2125,5.5932
IN3720160024,07.40 JH SDL 2026,7.4,09/Nov/2026,100.2138,5.5932
IN1920160034,07.37 KA SDL 2026,7.37,09/Nov/2026,100.2099,5.5932
IN2020160106,07.38 KL SDL 2026,7.38,09/Nov/2026,100.2112,5.5932
IN2120160071,07.40 MP SDL 2026,7.4,09/Nov/2026,100.2138,5.5932
IN2220160104,07.39 MH SDL 2026,7.39,09/Nov/2026,100.2125,5.5932
IN2320160079,07.35 MN SDL 2026,7.35,09/Nov/2026,100.2073,5.5932
IN2920160180,07.37 RJ SDL 2026,7.37,09/Nov/2026,100.2099,5.5932
IN3120160137,07.39 TN SDL 2026,7.39,09/Nov/2026,100.2125,5.5932
IN4520160115,07.40 TS SDL 2026,7.4,09/Nov/2026,100.2138,5.5932
IN3320160267,07.41 UP SDL 2026,7.41,09/Nov/2026,100.2151,5.5932
IN3620160074,07.42 UK SDL 2026,7.42,09/Nov/2026,100.2164,5.5932
IN3420160092,07.42 WB SDL 2026,7.42,09/Nov/2026,100.2164,5.5932
IN1520220154,07.57 GJ SGS 2026,7.57,09/Nov/2026,100.2359,5.5932
IN3120190191,07.05 TN SDL 2026,7.05,20/Nov/2026,100.2122,5.5932
IN3820190038,07.08 PY SDL 2026,7.08,20/Nov/2026,100.2170,5.5932
IN1220160031,06.97 AS SDL 2026,6.97,23/Nov/2026,100.2109,5.5932
IN1320160113,06.89 BR SDL 2026,6.89,23/Nov/2026,100.1975,5.5932
IN1420160054,06.88 GA SDL 2026,6.88,23/Nov/2026,100.1958,5.5932
IN1620160235,06.86 HR SDL 2026,6.86,23/Nov/2026,100.1925,5.5932
IN1820160159,06.97 JK SDL 2026,6.97,23/Nov/2026,100.2109,5.5932
IN3720160032,06.90 JH SDL 2026,6.9,23/Nov/2026,100.1992,5.5932
IN1920160042,06.83 KA SDL 2026,6.83,23/Nov/2026,100.1875,5.5932
IN2020160114,06.85 KL SDL 2026,6.85,23/Nov/2026,100.1908,5.5932
IN2220160112,06.82 MH SDL 2026,6.82,23/Nov/2026,100.1858,5.5932
IN2620160050,06.89 NL SDL 2026,6.89,23/Nov/2026,100.1975,5.5932
IN2920160198,06.82 RJ SDL 2026,6.82,23/Nov/2026,100.1858,5.5932
IN3120160145,06.84 TN SDL 2026,6.84,23/Nov/2026,100.1891,5.5932
IN3320160275,06.85 UP SDL 2026,6.85,23/Nov/2026,100.1908,5.5932
IN3620160082,06.97 UK SDL 2026,6.97,23/Nov/2026,100.2109,5.5932
IN3420160100,06.88 WB SDL 2026,6.88,23/Nov/2026,100.1958,5.5932
IN2420220054,07.39 ML SGS 2026,7.39,23/Nov/2026,100.2812,5.5932
IN1520230104,07.58 GJ SGS 2026,7.58,29/Nov/2026,100.3458,5.5932
IN2920160206,06.85 RJ SDL 2026,6.85,30/Nov/2026,100.2153,5.5932
IN3320160283,06.87 UP SDL 2026,6.87,30/Nov/2026,100.2190,5.5932
IN2920210381,06.07 RJ SDL 2026,6.07,01/Dec/2026,100.0713,5.5932
IN1220210158,06.04 AS SDL 2026,6.04,08/Dec/2026,100.0751,5.5932
IN3520200079,05.93 CG SDL 2026,5.93,09/Dec/2026,100.0533,5.5932
IN1020160405,07.08 AP SDL 2026,7.08,14/Dec/2026,100.3165,5.5932
IN1220160049,07.10 AS SDL 2026,7.1,14/Dec/2026,100.3210,5.5932
IN1320160121,07.10 BR SDL 2026,7.1,14/Dec/2026,100.3210,5.5932
IN1420160062,07.10 GA SDL 2026,7.1,14/Dec/2026,100.3210,5.5932
IN1520160152,07.05 GJ SDL 2026,7.05,14/Dec/2026,100.3098,5.5932
IN1820160167,07.10 JK SDL 2026,7.1,14/Dec/2026,100.3210,5.5932
IN1920160059,07.08 KA SDL 2026,7.08,14/Dec/2026,100.3165,5.5932
IN2420160060,07.10 ML SDL 2026,7.1,14/Dec/2026,100.3210,5.5932
IN2620160068,07.10 NL SDL 2026,7.1,14/Dec/2026,100.3210,5.5932
IN2720160075,07.08 OD SDL 2026,7.08,14/Dec/2026,100.3165,5.5932
IN2920160214,07.06 RJ SDL 2026,7.06,14/Dec/2026,100.3120,5.5932
IN3020160039,07.10 SK SDL 2026,7.1,14/Dec/2026,100.3210,5.5932
IN3120160152,07.07 TN SDL 2026,7.07,14/Dec/2026,100.3143,5.5932
IN3420160118,07.10 WB SDL 2026,7.1,14/Dec/2026,100.3210,5.5932
IN1520230146,07.40 GJ SGS 2026,7.4,27/Dec/2026,100.3556,5.9632
IN1020160413,07.25 AP SDL 2026 ,7.25,28/Dec/2026,100.3205,5.9632
IN1220160056,07.22 AS SDL 2026,7.22,28/Dec/2026,100.3126,5.9632
IN1320160139,07.29 BR SDL 2026,7.29,28/Dec/2026,100.3310,5.9632
IN3420160126,07.29 WB SDL 2026,7.29,28/Dec/2026,100.3310,5.9632
IN1520160160,07.24 GJ SDL 2026,7.24,28/Dec/2026,100.3179,5.9632
IN1420160070,07.21 GA SDL 2026,7.21,28/Dec/2026,100.3100,5.9632
IN1620160243,07.28 HR SDL 2026,7.28,28/Dec/2026,100.3283,5.9632
IN1920160067,07.27 KA SDL 2026,7.27,28/Dec/2026,100.3257,5.9632
IN2020160122,07.29 KL SDL 2026,7.29,28/Dec/2026,100.3310,5.9632
IN2220160120,07.25 MH SDL 2026,7.25,28/Dec/2026,100.3205,5.9632
IN2520160028,07.21 MZ SDL 2026,7.21,28/Dec/2026,100.3100,5.9632
IN2920210407,06.29 RJ SDL 2026 29 DEC,6.29,29/Dec/2026,100.0705,5.9632
IN1220210182,06.33 AS SDL 2026 29 DEC,6.33,29/Dec/2026,100.0811,5.9632
IN3520200087,05.88 CG SDL 2026,5.88,30/Dec/2026,99.9622,5.9632
IN1520230161,07.43 GJ SGS 2027,7.43,03/Jan/2027,100.3724,5.9632
IN2920200556,05.82 RJ SDL 2027,5.82,06/Jan/2027,99.9294,5.9632
IN1020160421,07.14 AP SDL 2027,7.14,11/Jan/2027,100.3206,5.9632
IN1320160147,07.12 BR SDL 2027,7.12,11/Jan/2027,100.3147,5.9632
IN1420160088,07.10 GA SDL 2027,7.1,11/Jan/2027,100.3087,5.9632
IN1520160178,07.14 GJ SDL 2027,7.14,11/Jan/2027,100.3206,5.9632
IN1920160075,07.15 KA SDL 2027,7.15,11/Jan/2027,100.3236,5.9632
IN2020160130,07.15 KL SDL 2027,7.15,11/Jan/2027,100.3236,5.9632
IN2920160222,07.15 RJ SDL 2027,7.15,11/Jan/2027,100.3236,5.9632
IN3120160178,07.16 TN SDL 2027,7.16,11/Jan/2027,100.3265,5.9632
IN3320160291,07.17 UP SDL 2027,7.17,11/Jan/2027,100.3295,5.9632
IN3620160090,07.18 UK SDL 2027,7.18,11/Jan/2027,100.3324,5.9632
IN3420160134,07.16 WB SDL 2027,7.16,11/Jan/2027,100.3265,5.9632
IN3520200095,05.97 CG SDL 2027,5.97,13/Jan/2027,99.9743,5.9632
IN2920210431,06.43 RJ SDL 2027,6.43,19/Jan/2027,100.1230,5.9632
IN2820160348,07.14 PN SDL 2027,7.14,20/Jan/2027,100.3524,5.9632
IN1320160154,07.20 BR SDL 2027,7.2,25/Jan/2027,100.3904,5.9632
IN3520160018,07.22 CG SDL 2027,7.22,25/Jan/2027,100.3971,5.9632
IN1420160096,07.19 GA SDL 2027,7.19,25/Jan/2027,100.3870,5.9632
IN1520160186,07.19 GJ SDL 2027,7.19,25/Jan/2027,100.3870,5.9632
IN1720160036,07.25 HP SDL 2027,7.25,25/Jan/2027,100.4071,5.9632
IN3720160040,07.21 JH SDL 2027,7.21,25/Jan/2027,100.3937,5.9632
IN1920160083,07.20 KA SDL 2027,7.2,25/Jan/2027,100.3904,5.9632
IN2120160089,07.19 MP SDL 2027,7.19,25/Jan/2027,100.3870,5.9632
IN2620160076,07.27 NG SDL 2027,7.27,25/Jan/2027,100.4138,5.9632
IN3020160047,07.24 SK SDL 2027,7.24,25/Jan/2027,100.4037,5.9632
IN3120160186,07.20 TN SDL 2027,7.2,25/Jan/2027,100.3904,5.9632
IN3220160045,07.22 TR SDL 2027,7.22,25/Jan/2027,100.3971,5.9632
IN3320160309,07.20 UP SDL 2027,7.2,25/Jan/2027,100.3904,5.9632
IN3420160142,07.21 WB SDL 2027,7.21,25/Jan/2027,100.3937,5.9632
IN2920210449,06.45 RJ SDL 2027 25 JAN,6.45,25/Jan/2027,100.1396,5.9632
IN3520200103,06.10 CG SDL 2027,6.1,27/Jan/2027,100.0241,5.9632
IN2920200614,06.45 RJ SDL 2027,6.45,03/Feb/2027,100.1374,5.9632
IN1520240186,06.75 GJ SGS 2027,6.75,05/Feb/2027,100.2494,5.9632
IN2220210271,06.54 MH SDL 2027,6.54,09/Feb/2027,100.1816,5.9632
IN3420160159,07.63 WB SDL 2027,7.63,15/Feb/2027,100.6172,5.9632
IN3320160317,07.62 UP SDL 2027,7.62,15/Feb/2027,100.6133,5.9632
IN1020160439,07.61 AP SDL 2027,7.61,15/Feb/2027,100.6095,5.9632
IN3120160194,07.61 TN SDL 2027,7.61,15/Feb/2027,100.6095,5.9632
IN2120160097,07.60 MP SDL 2027,7.6,15/Feb/2027,100.6056,5.9632
IN1520160194,07.59 GJ SDL 2027,7.59,15/Feb/2027,100.6017,5.9632
IN1620160268,07.59 HR SDL 2027,7.59,15/Feb/2027,100.6017,5.9632
IN1920160091,07.59 KA SDL 2027,7.59,15/Feb/2027,100.6017,5.9632
IN2820160355,07.59 PN SDL 2027,7.59,15/Feb/2027,100.6017,5.9632
IN2920160412,07.59 RJ SDL 2027,7.59,15/Feb/2027,100.6017,5.9632
IN1320160162,07.59 BR SDL 2027,7.59,15/Feb/2027,100.6017,5.9632
IN1820160175,07.58 JK SDL 2027,7.58,15/Feb/2027,100.5978,5.9632
IN2320160087,07.57 MN SDL 2027,7.57,15/Feb/2027,100.5939,5.9632
IN2420160078,07.57 MG SDL 2027,7.57,15/Feb/2027,100.5939,5.9632
IN3820230024,07.35 PY SGS 2027,7.35,21/Feb/2027,100.5342,5.9632
IN1220200290,06.70 AS SDL 2027,6.7,24/Feb/2027,100.2789,5.9632
IN1320160170,07.78 BR SDL 2027,7.78,01/Mar/2027,100.7951,5.9632
IN3520160026,07.80 CG SDL 2027,7.8,01/Mar/2027,100.8038,5.9632
IN1520160202,07.71 GJ SDL 2027,7.71,01/Mar/2027,100.7649,5.9632
IN1620160276,07.80 HR SDL 2027,7.8,01/Mar/2027,100.8038,5.9632
IN3720160057,07.80 JH SDL 2027,7.8,01/Mar/2027,100.8038,5.9632
IN1920160109,07.75 KA SDL 2027,7.75,01/Mar/2027,100.7822,5.9632
IN2020160148,07.77 KL SDL 2027,7.77,01/Mar/2027,100.7908,5.9632
IN2120160105,07.76 MP SDL 2027,7.76,01/Mar/2027,100.7865,5.9632
IN2620160084,07.74 NL SDL 2027,7.74,01/Mar/2027,100.7779,5.9632
IN2820160363,07.88 PN SDL 2027,7.88,01/Mar/2027,100.8383,5.9632
IN2920160420,07.73 RJ SDL 2027,7.73,01/Mar/2027,100.7736,5.9632
IN3120161309,07.74 TN SDL 2027,7.74,01/Mar/2027,100.7779,5.9632
IN4520160156,07.79 TS SDL 2027,7.79,01/Mar/2027,100.7995,5.9632
IN3320160325,07.78 UP SDL 2027,7.78,01/Mar/2027,100.7951,5.9632
IN3420160167,07.78 WB SDL 2027,7.78,01/Mar/2027,100.7951,5.9632
IN2920210506,06.48 RJ SDL 2027,6.48,02/Mar/2027,100.2360,5.9632
IN3820180070,08.35 PY SDL 2027,8.35,13/Mar/2027,101.1260,5.9632
IN1020160454,07.88 AP SDL 2027,7.88,15/Mar/2027,100.9195,5.9632
IN1320160188,07.85 BR SDL 2027,7.85,15/Mar/2027,100.9055,5.9632
IN3520160034,07.88 CG SDL 2027,7.88,15/Mar/2027,100.9195,5.9632
IN1420160104,07.89 GA SDL 2027,7.89,15/Mar/2027,100.9242,5.9632
IN1620160284,07.89 HR SDL 2027,7.89,15/Mar/2027,100.9242,5.9632
IN1720160549,07.91 HP SDL 2027,7.91,15/Mar/2027,100.9336,5.9632
IN1820160183,08.05 JK SDL 2027,8.05,15/Mar/2027,100.9993,5.9632
IN3720160065,07.94 JH SDL 2027,7.94,15/Mar/2027,100.9477,5.9632
IN1920160117,07.86 KA SDL 2027,7.86,15/Mar/2027,100.9102,5.9632
IN2020160155,07.80 KL SDL 2027,7.8,15/Mar/2027,100.8820,5.9632
IN2420160086,07.83 MG SDL 2027,7.83,15/Mar/2027,100.8961,5.9632
IN2820160371,07.88 PN SDL 2027MAR,7.88,15/Mar/2027,100.9195,5.9632
IN2920160438,07.85 RJ SDL 2027,7.85,15/Mar/2027,100.9055,5.9632
IN3120161317,07.85 TN SDL 2027,7.85,15/Mar/2027,100.9055,5.9632
IN3320160341,07.87 UP SDL 2027,7.87,15/Mar/2027,100.9148,5.9632
IN3620160108,07.93 UK SDL 2027,7.93,15/Mar/2027,100.9430,5.9632
IN3420160175,07.92 WB SDL 2027,7.92,15/Mar/2027,100.9383,5.9632
IN2020200290,06.72 KL SDL 2027,6.72,24/Mar/2027,100.1976,6.3171
IN1020160462,07.62 AP SDL 2027,7.62,29/Mar/2027,100.6566,6.3171
IN1120160032,07.60 AR SDL 2027,7.6,29/Mar/2027,100.6465,6.3171
IN1420160112,07.60 GA SDL 2027,7.6,29/Mar/2027,100.6465,6.3171
IN1620160292,07.64 HR SDL 2027,7.64,29/Mar/2027,100.6667,6.3171
IN1720160556,07.62 HP SDL 2027,7.62,29/Mar/2027,100.6566,6.3171
IN3720160073,07.59 JH SDL 2027,7.59,29/Mar/2027,100.6414,6.3171
IN1920160125,07.59 KA SDL 2027MAR,7.59,29/Mar/2027,100.6414,6.3171
IN2420160094,07.60 MG SDL 2027,7.6,29/Mar/2027,100.6465,6.3171
IN2620160092,07.60 NG SDL 2027,7.6,29/Mar/2027,100.6465,6.3171
IN2820160389,07.60 PN SDL 2027,7.6,29/Mar/2027,100.6465,6.3171
IN2920160446,07.61 RJ SDL 2027,7.61,29/Mar/2027,100.6515,6.3171
IN3120161424,07.62 TN SDL 2027,7.62,29/Mar/2027,100.6566,6.3171
IN3320160358,07.64 UP SDL 2027,7.64,29/Mar/2027,100.6667,6.3171
IN3420160183,07.64 WB SDL 2027,7.64,29/Mar/2027,100.6667,6.3171
IN3120190274,07.25 TN SDL 2027,7.25,31/Mar/2027,100.4717,6.3171
IN1520200347,06.58 GJ SDL 2027,6.58,31/Mar/2027,100.1313,6.3171
IN2920200036,08.31 RJ SDL 2027,8.31,08/Apr/2027,101.0501,6.3171
IN1520170011,07.63 GJ SDL 2027,7.63,12/Apr/2027,100.7032,6.3171
IN2020170014,07.64 KL SDL 2027,7.64,12/Apr/2027,100.7086,6.3171
IN2820170016,07.63 PN SDL 2027,7.63,12/Apr/2027,100.7032,6.3171
IN3120170011,07.63 TN SDL 2027,7.63,12/Apr/2027,100.7032,6.3171
IN3320170019,07.67 UP SDL 2027,7.67,12/Apr/2027,100.7248,6.3171
IN1120170015,07.62 AR SDL 2027,7.62,19/Apr/2027,100.7202,6.3171
IN1020200086,06.90 AP SDL 2027,6.9,22/Apr/2027,100.3226,6.3171
IN1020170016,07.60 AP SDL 2027,7.6,26/Apr/2027,100.7312,6.3171
IN1820170018,07.59 JK SDL 2027,7.59,26/Apr/2027,100.7254,6.3171
IN2820170024,07.59 PN SDL 2027APR,7.59,26/Apr/2027,100.7254,6.3171
IN3620170016,07.59 UK SDL 2027,7.59,26/Apr/2027,100.7254,6.3171
IN3320170027,07.61 UP SDL 2027,7.61,26/Apr/2027,100.7370,6.3171
IN1020200110,06.35 AP SDL 2027,6.35,06/May/2027,100.0106,6.3171
IN3120170029,07.55 TN SDL 2027,7.55,11/May/2027,100.7485,6.3171
IN2020170022,07.55 KL SDL 2027,7.55,11/May/2027,100.7485,6.3171
IN2820170032,07.55 PN SDL 2027,7.55,11/May/2027,100.7485,6.3171
IN3320170035,07.61 UP SDL 2027MAY,7.61,11/May/2027,100.7854,6.3171
IN1020220100,07.46 AP SDL 2027,7.46,18/May/2027,100.7132,6.3171
IN1220170014,07.55 AS SDL 2027,7.55,24/May/2027,100.7890,6.3171
IN1420170012,07.49 GA SDL 2027,7.49,24/May/2027,100.7501,6.3171
IN1520170045,07.52 GJ SDL 2027,7.52,24/May/2027,100.7695,6.3171
IN1620170010,07.53 HR SDL 2027,7.53,24/May/2027,100.7760,6.3171
IN1720170019,07.54 HP SDL 2027,7.54,24/May/2027,100.7825,6.3171
IN1820170026,07.50 JK SDL 2027,7.5,24/May/2027,100.7566,6.3171
IN2220170020,07.51 MH SDL 2027,7.51,24/May/2027,100.7630,6.3171
IN2820170040,07.49 PN SDL 2027,7.49,24/May/2027,100.7501,6.3171
IN2920170015,07.51 RJ SDL 2027,7.51,24/May/2027,100.7630,6.3171
IN3020170012,07.51 SK SDL 2027,7.51,24/May/2027,100.7630,6.3171
IN3120170037,07.52 TN SDL 2027,7.52,24/May/2027,100.7695,6.3171
IN3220170010,07.50 TR SDL 2027,7.5,24/May/2027,100.7566,6.3171
IN3320170043,07.52 UP SDL 2027,7.52,24/May/2027,100.7695,6.3171
IN1620230046,07.16 HR SGS 2027,7.16,24/May/2027,100.5359,6.3171
IN1320210017,06.39 BR SDL 2027,6.39,25/May/2027,100.0362,6.3171
IN4520190021,07.78 TS SDL 2027,7.78,29/May/2027,100.9570,6.3171
IN1020180098,08.34 AP SDL 2027,8.34,30/May/2027,101.3330,6.3171
IN1320210025,06.45 BR SDL 2027,6.45,02/Jun/2027,100.0773,6.3171
IN3720190013,07.60 JH SDL 2027,7.6,12/Jun/2027,100.8808,6.3171
IN4520190039,07.61 TS SDL 2027,7.61,12/Jun/2027,100.8877,6.3171
IN1220170022,07.15 AS SDL 2027,7.15,14/Jun/2027,100.5719,6.3171
IN1520170052,07.20 GJ SDL 2027,7.2,14/Jun/2027,100.6069,6.3171
IN2020170030,07.20 KL SDL 2027,7.2,14/Jun/2027,100.6069,6.3171
IN2320170011,07.15 MN SDL 2027,7.15,14/Jun/2027,100.5719,6.3171
IN2820170057,07.25 PN SDL 2027,7.25,14/Jun/2027,100.6420,6.3171
IN2920170023,07.23 RJ SDL 2027,7.23,14/Jun/2027,100.6279,6.3171
IN3120170045,07.23 TN SDL 2027,7.23,14/Jun/2027,100.6279,6.3171
IN3620170024,07.21 UK SDL 2027,7.21,14/Jun/2027,100.6139,6.3171
IN1620220096,07.69 HR SDL 2027,7.69,15/Jun/2027,100.9541,6.3171
IN1020200193,06.48 AP SDL 2027,6.48,17/Jun/2027,100.1033,6.3171
IN1520240012,07.23 GJ SGS 2027,7.23,19/Jun/2027,100.6398,6.3171
IN4520190047,07.38 TS SDL 2027,7.38,26/Jun/2027,100.7664,6.3171
IN1020170040,07.24 AP SDL 2027,7.24,28/Jun/2027,100.6687,6.3171
IN1220170030,07.29 AS SDL 2027,7.29,28/Jun/2027,100.7056,6.3171
IN1620170028,07.26 HR SDL 2027,7.26,28/Jun/2027,100.6835,6.3171
IN1820170034,07.20 JK SDL 2027,7.2,28/Jun/2027,100.6392,6.3171
IN3720170015,07.27 JH SDL 2027,7.27,28/Jun/2027,100.6908,6.3171
IN2020170048,07.22 KL SDL 2027,7.22,28/Jun/2027,100.6539,6.3171
IN2820170065,07.20 PN SDL 2027,7.2,28/Jun/2027,100.6392,6.3171
IN2920170031,07.22 RJ SDL 2027,7.22,28/Jun/2027,100.6539,6.3171
IN3120170052,07.24 TN SDL 2027,7.24,28/Jun/2027,100.6687,6.3171
IN3420170018,07.28 WB SDL 2027,7.28,28/Jun/2027,100.6982,6.3171
IN1220220025,07.53 AS SDL 2027,7.53,29/Jun/2027,100.8858,6.3171
IN4520190054,07.28 TS SDL 2027,7.28,03/Jul/2027,100.7109,6.3171
IN1320210033,06.75 BR SDL 2027,6.75,07/Jul/2027,100.3177,6.3171
IN1120170023,07.22 AR SDL 2027,7.22,12/Jul/2027,100.6875,6.3171
IN1420170020,07.22 GA SDL 2027,7.22,12/Jul/2027,100.6875,6.3171
IN1520170060,07.25 GJ SDL 2027,7.25,12/Jul/2027,100.7108,6.3171
IN1720170027,07.27 HP SDL 2027,7.27,12/Jul/2027,100.7263,6.3171
IN1820170042,07.34 JK SDL 2027,7.34,12/Jul/2027,100.7805,6.3171
IN2020170055,07.25 KL SDL 2027,7.25,12/Jul/2027,100.7108,6.3171
IN2520170019,07.22 MZ SDL 2027,7.22,12/Jul/2027,100.6875,6.3171
IN2820170073,07.34 PN SDL 2027,7.34,12/Jul/2027,100.7805,6.3171
IN3120170060,07.27 TN SDL 2027,7.27,12/Jul/2027,100.7263,6.3171
IN3620170032,07.22 UK SDL 2027,7.22,12/Jul/2027,100.6875,6.3171
IN3320170050,07.29 UP SDL 2027,7.29,12/Jul/2027,100.7417,6.3171
IN3420170026,07.28 WB SDL 2027JUL,7.28,12/Jul/2027,100.7340,6.3171
IN1920200087,06.12 KA SDL 2027,6.12,22/Jul/2027,99.8314,6.3171
IN4520190062,07.05 TS SDL 2027,7.05,24/Jul/2027,100.5799,6.3171
IN1220170048,07.30 AS SDL 2027,7.3,26/Jul/2027,100.7866,6.3171
IN1520170078,07.17 GJ SDL 2027,7.17,26/Jul/2027,100.6812,6.3171
IN2020170063,07.19 KL SDL 2027,7.19,26/Jul/2027,100.6974,6.3171
IN2420170010,07.26 MG SDL 2027,7.26,26/Jul/2027,100.7542,6.3171
IN2820170081,07.24 PN SDL 2027,7.24,26/Jul/2027,100.7380,6.3171
IN3120170078,07.18 TN SDL 2027,7.18,26/Jul/2027,100.6893,6.3171
IN3320170068,07.19 UP SDL 2027,7.19,26/Jul/2027,100.6974,6.3171
IN3420170034,07.20 WB SDL 2027,7.2,26/Jul/2027,100.7055,6.3171
IN2920200267,06.20 RJ SDL 2027,6.2,29/Jul/2027,99.8941,6.3171
IN4520190070,07.03 TS SDL 2027,7.03,07/Aug/2027,100.5895,6.3171
IN1920190023,07.04 KA SDL 2027,7.04,07/Aug/2027,100.5979,6.3171
IN1220170055,07.26 AS SDL 2027,7.26,09/Aug/2027,100.7878,6.3171
IN3420170042,07.25 WB SDL 2027,7.25,09/Aug/2027,100.7794,6.3171
IN1420170038,07.20 GA SDL 2027,7.2,09/Aug/2027,100.7371,6.3171
IN1520170086,07.21 GJ SDL 2027,7.21,09/Aug/2027,100.7456,6.3171
IN1820170059,07.27 JK SDL 2027,7.27,09/Aug/2027,100.7963,6.3171
IN2120170013,07.22 MP SDL 2027,7.22,09/Aug/2027,100.7540,6.3171
IN2220170061,07.20 MH SDL 2027,7.2,09/Aug/2027,100.7371,6.3171
IN2820170099,07.30 PN SDL 2027,7.3,09/Aug/2027,100.8216,6.3171
IN3120170086,07.21 TN SDL 2027,7.21,09/Aug/2027,100.7456,6.3171
IN3220170028,07.27 TR SDL 2027,7.27,09/Aug/2027,100.7963,6.3171
IN3320170076,07.23 UP SDL 2027,7.23,09/Aug/2027,100.7625,6.3171
IN2220210222,06.43 MH SDL 2027,6.43,18/Aug/2027,100.0907,6.3171
IN1020180213,08.49 AP SDL 2027,8.49,21/Aug/2027,101.8970,6.3171
IN1220170063,07.30 AS SDL 2027AUG,7.3,23/Aug/2027,100.8599,6.3171
IN1520170094,07.25 GJ SDL 2027AUG,7.25,23/Aug/2027,100.8158,6.3171
IN1420170046,07.32 GA SDL 2027,7.32,23/Aug/2027,100.8775,6.3171
IN1620170036,07.29 HR SDL 2027,7.29,23/Aug/2027,100.8511,6.3171
IN1720170035,07.30 HP SDL 2027,7.3,23/Aug/2027,100.8599,6.3171
IN2120170021,07.28 MP SDL 2027,7.28,23/Aug/2027,100.8423,6.3171
IN2420170028,07.31 ML SDL 2027,7.31,23/Aug/2027,100.8687,6.3171
IN2820170107,07.32 PN SDL 2027,7.32,23/Aug/2027,100.8775,6.3171
IN3020170020,07.33 SK SDL 2027,7.33,23/Aug/2027,100.8863,6.3171
IN3320170084,07.27 UP SDL 2027,7.27,23/Aug/2027,100.8335,6.3171
IN3620170040,07.29 UK SDL 2027,7.29,23/Aug/2027,100.8511,6.3171
IN2220210230,06.38 MH SDL 2027,6.38,25/Aug/2027,100.0497,6.3171
IN4520190088,07.03 TS SDL 2027AUG,7.03,28/Aug/2027,100.6322,6.3171
IN1520210098,06.28 GJ SDL 2027,6.28,01/Sep/2027,99.9617,6.3171
IN3120180119,08.61 TN SDL 2027,8.61,03/Sep/2027,102.0764,6.3171
IN3120250243,06.27 TN SGS 2027,6.27,03/Sep/2027,99.9529,6.3171
IN4520190096,07.11 TS SDL 2027,7.11,04/Sep/2027,100.7175,6.3171
IN1620170044,07.32 HR SDL 2027,7.32,13/Sep/2027,100.9343,6.3171
IN1820170067,07.44 JK SDL 2027,7.44,13/Sep/2027,101.0463,6.3171
IN2120170039,07.35 MP SDL 2027,7.35,13/Sep/2027,100.9623,6.3171
IN2220170103,07.33 MH SDL 2027,7.33,13/Sep/2027,100.9436,6.3171
IN2420170036,07.43 ML SDL 2027,7.43,13/Sep/2027,101.0370,6.3171
IN2520170027,07.41 MZ SDL 2027,7.41,13/Sep/2027,101.0183,6.3171
IN2620170018,07.43 NL SDL 2027,7.43,13/Sep/2027,101.0370,6.3171
IN3820170022,07.39 PY SDL 2027,7.39,13/Sep/2027,100.9996,6.3171
IN2820170115,07.42 PN SDL 2027,7.42,13/Sep/2027,101.0276,6.3171
IN3620170057,07.35 UK SDL 2027,7.35,13/Sep/2027,100.9623,6.3171
IN3320170092,07.37 UP SDL 2027,7.37,13/Sep/2027,100.9810,6.3171
IN1520230062,07.40 GJ SGS 2027,7.4,22/Sep/2027,100.5424,6.8309
IN3520190023,07.28 CG SDL 2027,7.28,25/Sep/2027,100.4304,6.8309
IN4520190104,07.38 TS SDL 2027SEP,7.38,25/Sep/2027,100.5265,6.8309
IN3520170017,07.47 CG SDL 2027,7.47,27/Sep/2027,100.6156,6.8309
IN1620170051,07.41 HR SDL 2027,7.41,27/Sep/2027,100.5576,6.8309
IN1820170075,07.42 JK SDL 2027,7.42,27/Sep/2027,100.5673,6.8309
IN1920170025,07.38 KA SDL 2027,7.38,27/Sep/2027,100.5286,6.8309
IN2120170047,07.46 MP SDL 2027,7.46,27/Sep/2027,100.6059,6.8309
IN2820170123,07.42 PN SDL 2027SEP,7.42,27/Sep/2027,100.5673,6.8309
IN2920170072,07.45 RJ SDL 2027,7.45,27/Sep/2027,100.5963,6.8309
IN3320170100,07.47 UP SDL 2027,7.47,27/Sep/2027,100.6156,6.8309
IN3620170065,07.40 UK SDL 2027,7.4,27/Sep/2027,100.5480,6.8309
IN2920210290,06.23 RJ SDL 2027,6.23,29/Sep/2027,99.4141,6.8309
IN1920240026,06.90 KA SGS 2027,6.9,03/Oct/2027,100.0642,6.8309
IN2820170131,07.46 PN SDL 2027,7.46,04/Oct/2027,100.6150,6.8309
IN3120200305,06.72 TN SDL 2027,6.72,07/Oct/2027,99.8855,6.8309
IN1420170053,07.54 GA SDL 2027,7.54,11/Oct/2027,100.7043,6.8309
IN1820170083,07.56 JK SDL 2027,7.56,11/Oct/2027,100.7243,6.8309
IN1920170033,07.51 KA SDL 2027,7.51,11/Oct/2027,100.6742,6.8309
IN2120170054,07.55 MP SDL 2027,7.55,11/Oct/2027,100.7143,6.8309
IN2820170149,07.61 PN SDL 2027,7.61,11/Oct/2027,100.7743,6.8309
IN2920170080,07.55 RJ SDL 2027,7.55,11/Oct/2027,100.7143,6.8309
IN3020170038,07.55 SK SDL 2027,7.55,11/Oct/2027,100.7143,6.8309
IN3320170118,07.56 UP SDL 2027,7.56,11/Oct/2027,100.7243,6.8309
IN3620170073,07.54 UK SDL 2027,7.54,11/Oct/2027,100.7043,6.8309
IN2220200249,06.45 MH SDL 2027,6.45,14/Oct/2027,99.6094,6.8309
IN1920190072,07.17 KA SDL 2027,7.17,16/Oct/2027,100.3369,6.8309
IN1520240046,06.82 GJ SGS 2027,6.82,16/Oct/2027,99.9821,6.8309
IN1520190126,07.19 GJ SDL 2027OCT,7.19,23/Oct/2027,100.3619,6.8309
IN1220170071,07.61 AS SDL 2027,7.61,25/Oct/2027,100.7986,6.8309
IN1620170069,07.57 HR SDL 2027,7.57,25/Oct/2027,100.7571,6.8309
IN1920170041,07.55 KA SDL 2027,7.55,25/Oct/2027,100.7364,6.8309
IN2820170156,07.62 PN SDL 2027,7.62,25/Oct/2027,100.8089,6.8309
IN3620170081,07.59 UK SDL 2027OCT,7.59,25/Oct/2027,100.7779,6.8309
IN3320170126,07.59 UP SDL 2027,7.59,25/Oct/2027,100.7779,6.8309
IN2920210340,06.34 RJ SDL 2027,6.34,27/Oct/2027,99.4797,6.8309
IN2920200440,06.10 RJ SDL 2027,6.1,28/Oct/2027,99.2277,6.8309
IN3120190134,07.20 TN SDL 2027OCT,7.2,30/Oct/2027,100.3774,6.8309
IN1520170110,07.62 GJ SDL 2027,7.62,01/Nov/2027,100.8197,6.8309
IN1620170077,07.64 HR SDL 2027NOV,7.64,01/Nov/2027,100.8407,6.8309
IN1920170058,07.62 KA SDL 2027,7.62,01/Nov/2027,100.8197,6.8309
IN2120170062,07.65 MP SDL 2027,7.65,01/Nov/2027,100.8512,6.8309
IN2820170164,07.65 PN SDL 2027,7.65,01/Nov/2027,100.8512,6.8309
IN2920170098,07.64 RJ SDL 2027,7.64,01/Nov/2027,100.8407,6.8309
IN3620170099,07.65 UK SDL 2027,7.65,01/Nov/2027,100.8512,6.8309
IN3420170091,07.66 WB SDL 2027,7.66,01/Nov/2027,100.8618,6.8309
IN2020200050,06.70 KL SDL 2027,6.7,06/Nov/2027,99.8500,6.8309
IN1220170089,07.67 AS SDL 2027,7.67,08/Nov/2027,100.8859,6.8309
IN1420170061,07.66 GA SDL 2027,7.66,08/Nov/2027,100.8752,6.8309
IN1520170128,07.64 GJ SDL 2027,7.64,08/Nov/2027,100.8538,6.8309
IN1920170066,07.64 KA SDL 2027,7.64,08/Nov/2027,100.8538,6.8309
IN3620170107,07.67 UK SDL 2027,7.67,08/Nov/2027,100.8859,6.8309
IN1220170097,07.73 AS SDL 2027,7.73,15/Nov/2027,100.9648,6.8309
IN1620170085,07.70 HR SDL 2027,7.7,15/Nov/2027,100.9322,6.8309
IN1820170091,07.75 JK SDL 2027,7.75,15/Nov/2027,100.9865,6.8309
IN1920170074,07.70 KA SDL 2027,7.7,15/Nov/2027,100.9322,6.8309
IN2820170172,07.75 PN SDL 2027,7.75,15/Nov/2027,100.9865,6.8309
IN3320170134,07.70 UP SDL 2027,7.7,15/Nov/2027,100.9322,6.8309
IN3120190209,07.15 TN SDL 2027,7.15,20/Nov/2027,100.3381,6.8309
IN2020200084,06.50 KL SDL 2027,6.5,20/Nov/2027,99.6237,6.8309
IN1720170050,07.53 HP SDL 2027,7.53,22/Nov/2027,100.7590,6.8309
IN1920170082,07.54 KA SDL 2027,7.54,22/Nov/2027,100.7700,6.8309
IN2420170044,07.53 MG SDL 2027,7.53,22/Nov/2027,100.7590,6.8309
IN3820170048,07.53 PY SDL 2027,7.53,22/Nov/2027,100.7590,6.8309
IN3020170046,07.53 SK SDL 2027,7.53,22/Nov/2027,100.7590,6.8309
IN3420170117,07.53 WB SDL 2027,7.53,22/Nov/2027,100.7590,6.8309
IN1020170123,07.66 AP SDL 2027,7.66,29/Nov/2027,100.9165,6.8309
IN3520170025,07.68 CG SDL 2027,7.68,29/Nov/2027,100.9389,6.8309
IN1620170093,07.68 HR SDL 2027,7.68,29/Nov/2027,100.9389,6.8309
IN1920170090,07.65 KA SDL 2027,7.65,29/Nov/2027,100.9052,6.8309
IN2720170074,07.65 OD SDL 2027,7.65,29/Nov/2027,100.9052,6.8309
IN2820170180,07.67 PN SDL 2027,7.67,29/Nov/2027,100.9277,6.8309
IN2920170106,07.65 RJ SDL 2027,7.65,29/Nov/2027,100.9052,6.8309
IN3320170142,07.67 UP SDL 2027NOV,7.67,29/Nov/2027,100.9277,6.8309
IN3620170115,07.67 UK SDL 2027NOV,7.67,29/Nov/2027,100.9277,6.8309
IN1620220294,07.44 HR SGS 2027,7.44,30/Nov/2027,100.6712,6.8309
IN2020200225,06.22 KL SDL 2027,6.22,02/Dec/2027,99.2965,6.8309
IN3520190031,07.18 CG SDL 2027,7.18,04/Dec/2027,100.3821,6.8309
IN1720170068,07.68 HP SDL 2027,7.68,06/Dec/2027,100.9534,6.8309
IN1920170108,07.65 KA SDL 2027DEC,7.65,06/Dec/2027,100.9192,6.8309
IN2420170051,07.69 MG SDL 2027,7.69,06/Dec/2027,100.9648,6.8309
IN2920170114,07.65 RJ SDL 2027DEC,7.65,06/Dec/2027,100.9192,6.8309
IN3120170094,07.65 TN SDL 2027,7.65,06/Dec/2027,100.9192,6.8309
IN3420170133,07.68 WB SDL 2027,7.68,06/Dec/2027,100.9534,6.8309
IN3720190021,07.26 JH SDL 2027,7.26,11/Dec/2027,100.4801,6.8309
IN1420170079,07.80 GA SDL 2027,7.8,13/Dec/2027,101.1068,6.8309
IN1520170136,07.75 GJ SDL 2027,7.75,13/Dec/2027,101.0490,6.8309
IN1920170116,07.76 KA SDL 2027,7.76,13/Dec/2027,101.0605,6.8309
IN2620170026,07.78 NG SDL 2027,7.78,13/Dec/2027,101.0837,6.8309
IN2820170198,07.78 PN SDL 2027,7.78,13/Dec/2027,101.0837,6.8309
IN3320170159,07.76 UP SDL 2027,7.76,13/Dec/2027,101.0605,6.8309
IN3620170123,07.77 UK SDL 2027,7.77,13/Dec/2027,101.0721,6.8309
IN2420220062,07.40 ML SGS 2027,7.4,14/Dec/2027,100.6455,6.8309
IN3820210042,06.30 PY SDL 2027,6.3,15/Dec/2027,99.3690,6.8309
IN1520170144,07.69 GJ SDL 2027,7.69,20/Dec/2027,100.9946,6.8309
IN1920170124,07.69 KA SDL 2027,7.69,20/Dec/2027,100.9946,6.8309
IN2520170035,07.71 MZ SDL 2027,7.71,20/Dec/2027,101.0181,6.8309
IN2820170206,07.72 PN SDL 2027,7.72,20/Dec/2027,101.0298,6.8309
IN3120170102,07.69 TN SDL 2027,7.69,20/Dec/2027,100.9946,6.8309
IN3420170158,07.72 WB SDL 2027,7.72,20/Dec/2027,101.0298,6.8309
IN2420220070,07.49 ML SGS 2027,7.49,21/Dec/2027,100.7614,6.8309
IN1520170151,07.80 GJ SDL 2027,7.8,27/Dec/2027,101.1409,6.8309
IN1620170101,07.86 HR SDL 2027,7.86,27/Dec/2027,101.2124,6.8309
IN1920170132,07.82 KA SDL 2027,7.82,27/Dec/2027,101.1647,6.8309
IN2820170214,07.82 PN SDL 2027,7.82,27/Dec/2027,101.1647,6.8309
IN2920170122,07.86 RJ SDL 2027,7.86,27/Dec/2027,101.2124,6.8309
IN3320170167,07.85 UP SDL 2027,7.85,27/Dec/2027,101.2005,6.8309
IN2020200233,06.17 KL SDL 2027,6.17,30/Dec/2027,99.1931,6.8309
IN3520170033,07.79 CG SDL 2028,7.79,03/Jan/2028,100.9377,6.9997
IN1920170140,07.79 KA SDL 2028,7.79,03/Jan/2028,100.9377,6.9997
IN2820170222,07.79 PN SDL 2028,7.79,03/Jan/2028,100.9377,6.9997
IN1520230179,07.47 GJ SGS 2028,7.47,03/Jan/2028,100.5521,6.9997
IN1020170131,07.77 AP SDL 2028,7.77,10/Jan/2028,100.9276,6.9997
IN1320170013,07.74 BR SDL 2028,7.74,10/Jan/2028,100.8909,6.9997
IN1520170169,07.75 GJ SDL 2028,7.75,10/Jan/2028,100.9031,6.9997
IN2020170105,07.75 KL SDL 2028,7.75,10/Jan/2028,100.9031,6.9997
IN2820170230,07.77 PN SDL 2028,7.77,10/Jan/2028,100.9276,6.9997
IN3420170166,07.77 WB SDL 2028,7.77,10/Jan/2028,100.9276,6.9997
IN1320170021,07.89 BR SDL 2028,7.89,17/Jan/2028,101.0905,6.9997
IN1520170177,07.90 GJ SDL 2028,7.9,17/Jan/2028,101.1029,6.9997
IN1820170109,08.00 JK SDL 2028,8,17/Jan/2028,101.2269,6.9997
IN1920170157,08.00 KA SDL 2028,8,17/Jan/2028,101.2269,6.9997
IN2320170029,08.02 MN SDL 2028JAN,8.02,17/Jan/2028,101.2517,6.9997
IN1320170039,07.86 BR SDL 2028,7.86,24/Jan/2028,101.0692,6.9997
IN1420170087,07.88 GA SDL 2028,7.88,24/Jan/2028,101.0943,6.9997
IN1720170076,07.88 HP SDL 2028,7.88,24/Jan/2028,101.0943,6.9997
IN2120170070,07.88 MP SDL 2028,7.88,24/Jan/2028,101.0943,6.9997
IN2620170034,07.88 NG SDL 2028,7.88,24/Jan/2028,101.0943,6.9997
IN3820170063,07.88 PD SDL 2028,7.88,24/Jan/2028,101.0943,6.9997
IN2920170130,07.88 RJ SDL 2028,7.88,24/Jan/2028,101.0943,6.9997
IN3020170053,07.88 SK SDL 2028,7.88,24/Jan/2028,101.0943,6.9997
IN3220170036,07.88 TR SDL 2028,7.88,24/Jan/2028,101.0943,6.9997
IN3320170175,07.92 UP SDL 2028,7.92,24/Jan/2028,101.1446,6.9997
IN1220170113,08.08 AS SDL 2028,8.08,31/Jan/2028,101.3629,6.9997
IN3520170041,08.11 CG SDL 2028,8.11,31/Jan/2028,101.4011,6.9997
IN1520170185,08.05 GJ SDL 2028,8.05,31/Jan/2028,101.3248,6.9997
IN1620170119,08.20 HR SDL 2028,8.2,31/Jan/2028,101.5157,6.9997
IN1820170117,08.10 JK SDL 2028,8.1,31/Jan/2028,101.3884,6.9997
IN1920170165,08.03 KA SDL 2028,8.03,31/Jan/2028,101.2993,6.9997
IN2320170037,08.02 MN SDL 2028,8.02,31/Jan/2028,101.2866,6.9997
IN2920170148,08.07 RJ SDL 2028,8.07,31/Jan/2028,101.3502,6.9997
IN3620170131,08.08 UK SDL 2028,8.08,31/Jan/2028,101.3629,6.9997
IN3420170174,08.09 WB SDL 2028,8.09,31/Jan/2028,101.3757,6.9997
IN1320200141,06.89 BR SDL 2028,6.89,03/Feb/2028,99.8478,6.9997
IN1720190116,07.11 HP SDL 2028,7.11,05/Feb/2028,100.1304,6.9997
IN1020180403,08.32 AP SDL 2028,8.32,06/Feb/2028,101.6892,6.9997
IN1220170121,08.20 AS SDL 2028,8.2,07/Feb/2028,101.5379,6.9997
IN1520170193,08.19 GJ SDL 2028,8.19,07/Feb/2028,101.5250,6.9997
IN1620170127,08.20 HR SDL 2028FEB,8.2,07/Feb/2028,101.5379,6.9997
IN2020170113,08.20 KL SDL 2028,8.2,07/Feb/2028,101.5379,6.9997
IN2820170248,08.20 PN SDL 2028,8.2,07/Feb/2028,101.5379,6.9997
IN3320170183,08.20 UK SDL 2028,8.2,07/Feb/2028,101.5379,6.9997
IN2220190119,07.00 MH SDL 2028,7,12/Feb/2028,99.9903,6.9997
IN3820190061,07.03 PY SDL 2028,7.03,12/Feb/2028,100.0293,6.9997
IN1220170139,08.05 AS SDL 2028,8.05,14/Feb/2028,101.3640,6.9997
IN1320170047,08.05 BR SDL 2028,8.05,14/Feb/2028,101.3640,6.9997
IN1420170095,08.13 GA SDL 2028,8.13,14/Feb/2028,101.4687,6.9997
IN1520170201,08.05 GJ SDL 2028FEB,8.05,14/Feb/2028,101.3640,6.9997
IN2120170088,08.05 MP SDL 2028,8.05,14/Feb/2028,101.3640,6.9997
IN3120170110,08.05 TN SDL 2028,8.05,14/Feb/2028,101.3640,6.9997
IN3620170149,08.05 UK SDL 2028,8.05,14/Feb/2028,101.3640,6.9997
IN2220190127,06.97 MH SDL 2028,6.97,18/Feb/2028,99.9519,6.9997
IN2720240059,06.89 OD SGS 2028,6.89,20/Feb/2028,99.8464,6.9997
IN1220170147,08.29 AS SDL 2028,8.29,21/Feb/2028,101.7021,6.9997
IN1520170219,08.23 GJ SDL 2028,8.23,21/Feb/2028,101.5651,7.0425
IN1620170135,08.25 HR SDL 2028,8.25,21/Feb/2028,101.6490,6.9997
IN1820170125,08.34 JK SDL 2028,8.34,21/Feb/2028,101.7683,6.9997
IN2020170121,08.27 KL SDL 2028,8.27,21/Feb/2028,101.6756,6.9997
IN2620170042,08.25 NG SDL 2028,8.25,21/Feb/2028,101.6490,6.9997
IN2820170255,08.25 PN SDL 2028,8.25,21/Feb/2028,101.6490,6.9997
IN2920170155,08.28 RJ SDL 2028,8.28,21/Feb/2028,101.6888,6.9997
IN3120170128,08.28 TN SDL 2028,8.28,21/Feb/2028,101.6888,6.9997
IN3620170156,08.25 UK SDL 2028,8.25,21/Feb/2028,101.6490,6.9997
IN3420170182,08.29 WB SDL 2028,8.29,21/Feb/2028,101.7021,6.9997
IN1920190189,06.97 KA SDL 2028,6.97,26/Feb/2028,99.9531,6.9997
IN2220190135,06.98 MH SDL 2028,6.98,26/Feb/2028,99.9665,6.9997
IN1220170154,08.36 AS SDL 2028,8.36,28/Feb/2028,101.8204,6.9997
IN1320170054,08.36 BR SDL 2028,8.36,28/Feb/2028,101.8204,6.9997
IN3520170058,08.33 CG SDL 2028,8.33,28/Feb/2028,101.7801,6.9997
IN1520170227,08.35 GJ SDL 2028,8.35,28/Feb/2028,101.8070,6.9997
IN1820170133,08.33 JK SDL 2028,8.33,28/Feb/2028,101.7801,6.9997
IN2020170139,08.37 KL SDL 2028,8.37,28/Feb/2028,101.8338,6.9997
IN2820170271,08.36 PN SDL 2028,8.36,28/Feb/2028,101.8204,6.9997
IN2920170171,08.33 RJ SDL 2028,8.33,28/Feb/2028,101.7801,6.9997
IN3120170136,08.34 TN SDL 2028,8.34,28/Feb/2028,101.7935,6.9997
IN3320170191,08.34 UP SDL 2028,8.34,28/Feb/2028,101.7935,6.9997
IN1020220696,07.70 AP SGS 2028,7.7,01/Mar/2028,100.9400,6.9997
IN2020200266,07.02 KL SDL 2028,7.02,03/Mar/2028,100.0222,6.9997
IN1120170031,08.41 AR SDL 2028,8.41,07/Mar/2028,101.9218,6.9997
IN3520170066,08.41 CG SDL 2028,8.41,07/Mar/2028,101.9218,6.9997
IN1520170235,08.39 GJ SDL 2028,8.39,07/Mar/2028,101.8945,6.9997
IN1620170143,08.45 HR SDL 2028,8.45,07/Mar/2028,101.9764,6.9997
IN2820170289,08.44 PN SDL 2028,8.44,07/Mar/2028,101.9628,6.9997
IN2920170189,08.44 RJ SDL 2028,8.44,07/Mar/2028,101.9628,6.9997
IN3120170144,08.43 TN SDL 2028,8.43,07/Mar/2028,101.9491,6.9997
IN3320170209,08.43 UP SDL 2028,8.43,07/Mar/2028,101.9491,6.9997
IN3620170164,08.42 UK SDL 2028,8.42,07/Mar/2028,101.9354,6.9997
IN3420170190,08.42 WB SDL 2028,8.42,07/Mar/2028,101.9354,6.9997
IN2820200219,07.02 PN SDL 2028,7.02,10/Mar/2028,100.0245,6.9997
IN1520240285,06.87 GJ SGS 2028,6.87,12/Mar/2028,99.8184,6.9997
IN1220170170,08.29 AS SDL 2028MAR,8.29,14/Mar/2028,101.7826,6.9997
IN3520170074,08.28 CG SDL 2028,8.28,14/Mar/2028,101.7688,6.9997
IN1420170103,08.29 GA SDL 2028,8.29,14/Mar/2028,101.7826,6.9997
IN1520170243,08.26 GJ SDL 2028,8.26,14/Mar/2028,101.7411,6.9997
IN1620170150,08.29 HR SDL 2028,8.29,14/Mar/2028,101.7826,6.9997
IN2420170069,08.28 ML SDL 2028,8.28,14/Mar/2028,101.7688,6.9997
IN3820170089,08.29 PY SDL 2028,8.29,14/Mar/2028,101.7826,6.9997
IN2920170197,08.28 RJ SDL 2028MAR,8.28,14/Mar/2028,101.7688,6.9997
IN3120170151,08.28 TN SDL 2028MAR,8.28,14/Mar/2028,101.7688,6.9997
IN3620170172,08.29 UK SDL 2028,8.29,14/Mar/2028,101.7826,6.9997
IN3320170217,08.27 UP SDL 2028,8.27,14/Mar/2028,101.7550,6.9997
IN3420170208,08.27 WB SDL 2028,8.27,14/Mar/2028,101.7550,6.9997
IN1920200681,06.99 KA SDL 2028,6.99,17/Mar/2028,99.9853,6.9997
IN3720240016,06.92 JH SGS 2028,6.92,19/Mar/2028,99.8881,6.9997
IN1120170049,08.12 AR SDL 2028,8.12,21/Mar/2028,101.5694,6.9997
IN3520170082,08.13 CG SDL 2028,8.13,21/Mar/2028,101.5834,6.9997
IN1420170111,08.13 GA SDL 2028MAR,8.13,21/Mar/2028,101.5834,6.9997
IN2020170147,08.13 KL SDL 2028,8.13,21/Mar/2028,101.5834,6.9997
IN2420170077,08.14 MG SDL 2028,8.14,21/Mar/2028,101.5974,6.9997
IN2520170043,08.14 MZ SDL 2028,8.14,21/Mar/2028,101.5974,6.9997
IN2620170059,08.14 NL SDL 2028,8.14,21/Mar/2028,101.5974,6.9997
IN2820170297,08.13 PN SDL 2028,8.13,21/Mar/2028,101.5834,6.9997
IN3320170225,08.14 UP SDL 2028,8.14,21/Mar/2028,101.5974,6.9997
IN1320170062,08.15 BR SDL 2028,8.15,27/Mar/2028,101.6261,6.9997
IN3520170090,08.15 CG SDL 2028,8.15,27/Mar/2028,101.6261,6.9997
IN1620170168,08.14 HR SDL 2028,8.14,27/Mar/2028,101.6120,6.9997
IN2420170085,08.10 ML SDL 2028,8.1,27/Mar/2028,101.5554,6.9997
IN2920170205,08.13 RJ SDL 2028,8.13,27/Mar/2028,101.5978,6.9997
IN3620170180,08.14 UK SDL 2028,8.14,27/Mar/2028,101.6120,6.9997
IN3420170216,08.09 WB SDL 2028MAR,8.09,27/Mar/2028,101.5412,6.9997
IN1520220337,07.49 GJ SGS 2028,7.49,29/Mar/2028,100.6938,6.9997
IN4520190203,07.25 TS SDL 2028,7.25,31/Mar/2028,100.3532,6.9997
IN1020180015,07.80 AP SDL 2028,7.8,11/Apr/2028,101.1538,6.9997
IN1120180014,07.80 AR SDL 2028,7.8,11/Apr/2028,101.1538,6.9997
IN1220180013,07.97 AS SDL 2028,7.97,11/Apr/2028,101.4002,6.9997
IN1520180010,07.77 GJ SDL 2028,7.77,11/Apr/2028,101.1103,6.9997
IN1620180019,07.80 HR SDL 2028,7.8,11/Apr/2028,101.1538,6.9997
IN2020180013,08.00 KL SDL 2028,8,11/Apr/2028,101.4436,6.9997
IN2320180010,07.80 MN SDL 2028,7.8,11/Apr/2028,101.1538,6.9997
IN2820180015,07.99 PN SDL 2028,7.99,11/Apr/2028,101.4292,6.9997
IN2920180014,07.98 RJ SDL 2028,7.98,11/Apr/2028,101.4147,6.9997
IN3320180018,07.98 UP SDL 2028,7.98,11/Apr/2028,101.4147,6.9997
IN3620180015,07.80 UK SDL 2028,7.8,11/Apr/2028,101.1538,6.9997
IN2220230014,07.36 MH SGS 2028,7.36,12/Apr/2028,100.5168,6.9997
IN4520200010,07.50 TS SDL 2028,7.5,15/Apr/2028,100.7229,6.9997
IN1220180021,07.97 AS SDL 2028APR,7.97,18/Apr/2028,101.4148,6.9997
IN1420180011,07.95 GA SDL 2028,7.95,18/Apr/2028,101.3855,6.9997
IN1520180028,07.95 GJ SDL 2028,7.95,18/Apr/2028,101.3855,6.9997
IN2120180012,08.05 MP SDL 2028APR,8.05,18/Apr/2028,101.5321,6.9997
IN2620180017,07.97 NL SDL 2028,7.97,18/Apr/2028,101.4148,6.9997
IN3120180010,08.05 TN SDL 2028APR,8.05,18/Apr/2028,101.5321,6.9997
IN4520200044,06.98 TS SDL 2028,6.98,22/Apr/2028,99.9624,6.9997
IN1520180036,08.25 GJ SDL 2028,8.25,25/Apr/2028,101.8449,6.9997
IN1820180017,08.26 JK SDL 2028,8.26,25/Apr/2028,101.8598,6.9997
IN3120180028,08.24 TN SDL 2028,8.24,25/Apr/2028,101.8301,6.9997
IN3220180019,08.20 TR SDL 2028,8.2,25/Apr/2028,101.7708,6.9997
IN1620220013,07.15 HR SDL 2028,7.15,04/May/2028,100.2152,6.9997
IN3120190027,08.06 TN SDL 2028,8.06,08/May/2028,101.5941,6.9997
IN1520180044,08.16 GJ SDL 2028,8.16,09/May/2028,101.7482,6.9997
IN2720180032,08.19 OD SDL 2028,8.19,09/May/2028,101.7937,6.9997
IN2920180030,08.16 RJ SDL 2028,8.16,09/May/2028,101.7482,6.9997
IN3120180036,08.15 TN SDL 2028,8.15,09/May/2028,101.7330,6.9997
IN3620180023,08.20 UK SDL 2028MAY,8.2,09/May/2028,101.8089,6.9997
IN1020200128,06.72 AP SDL 2028,6.72,13/May/2028,99.5607,6.9997
IN3120180044,08.37 TN SDL 2028,8.37,16/May/2028,102.0889,6.9997
IN3320180026,08.39 UP SDL 2028,8.39,16/May/2028,102.1196,6.9997
IN1020180080,08.39 AP SDL 2028,8.39,23/May/2028,102.1423,6.9997
IN1420180029,08.34 GA SDL 2028,8.34,23/May/2028,102.0648,6.9997
IN1820180025,08.34 JK SDL 2028MAY,8.34,23/May/2028,102.0648,6.9997
IN3120180051,08.32 TN SDL 2028,8.32,23/May/2028,102.0338,6.9997
IN2220230030,07.20 MH SGS 2028,7.2,24/May/2028,100.2974,6.9997
IN1020200144,06.55 AP SDL 2028,6.55,27/May/2028,99.2844,6.9997
IN2020180039,08.33 KL SDL 2028,8.33,30/May/2028,102.0712,6.9997
IN2120180020,08.33 MP SDL 2028,8.33,30/May/2028,102.0712,6.9997
IN2820180049,08.34 PN SDL 2028,8.34,30/May/2028,102.0868,6.9997
IN3620180031,08.29 UK SDL 2028MAY,8.29,30/May/2028,102.0085,6.9997
IN1620220070,07.63 HR SDL 2028,7.63,01/Jun/2028,100.9753,6.9997
IN3420210020,06.65 WB SDL 2028,6.65,02/Jun/2028,99.4358,6.9997
IN3620180049,08.39 UK SDL 2028,8.39,06/Jun/2028,102.1850,6.9997
IN2020180047,08.41 KL SDL 2028,8.41,06/Jun/2028,102.2167,6.9997
IN2920180063,08.40 RJ SDL 2028,8.4,06/Jun/2028,102.2008,6.9997
IN1520230039,07.18 GJ SGS 2028,7.18,07/Jun/2028,100.2989,6.9822
IN2020200134,06.73 KL SDL 2028,6.73,10/Jun/2028,99.5559,6.9997
IN4520200093,06.99 TS SDL 2028,6.99,10/Jun/2028,99.9698,6.9997
IN3120250102,06.00 TN SGS 2028,6,11/Jun/2028,98.3915,6.9997
IN1820180033,08.61 JK SDL 2028,8.61,13/Jun/2028,102.5601,6.9997
IN2820180056,08.62 PN SDL 2028,8.62,13/Jun/2028,102.5761,6.9997
IN1520230047,07.22 GJ SGS 2028,7.22,14/Jun/2028,100.3379,6.9997
IN1020180130,08.40 AP SDL 2028,8.4,20/Jun/2028,102.2479,6.9997
IN1420180037,08.40 GA SDL 2028,8.4,20/Jun/2028,102.2479,6.9997
IN2920180097,08.40 RJ SDL 2028JUN,8.4,20/Jun/2028,102.2479,6.9997
IN3620180056,08.40 UK SDL 2028,8.4,20/Jun/2028,102.2479,6.9997
IN1520250086,06.10 GJ SGS 2028,6.1,25/Jun/2028,98.5203,6.9997
IN2920180105,08.44 RJ SDL 2028JUN,8.44,27/Jun/2028,102.3370,6.9997
IN3420180017,08.44 WB SDL 2028,8.44,27/Jun/2028,102.3370,6.9997
IN1020180148,08.45 AP SDL 2028,8.45,27/Jun/2028,102.3533,6.9997
IN3320180034,08.45 UP SDL 2028,8.45,27/Jun/2028,102.3533,6.9997
IN3420210046,06.79 WB SDL 2028,6.79,30/Jun/2028,99.6412,6.9997
IN1220180070,8.54 AS SDL 2028,8.54,04/Jul/2028,102.5267,6.9997
IN1620180035,8.57 HR SDL 2028,8.57,04/Jul/2028,102.5762,6.9997
IN2120180046,8.55 MP SDL 2028,8.55,04/Jul/2028,102.5432,6.9997
IN2920180121,8.54 RJ SDL 2028,8.54,04/Jul/2028,102.5267,6.9997
IN3620180064,8.53 UK SDL 2028,8.53,04/Jul/2028,102.5102,6.9997
IN3520210029,06.82 CG SDL 2028,6.82,07/Jul/2028,99.6877,6.9997
IN3420210053,06.83 WB SDL 2028,6.83,07/Jul/2028,99.7043,6.9997
IN1020180163,08.56 AP SDL 2028,8.56,11/Jul/2028,102.5865,6.9997
IN1820180041,08.59 JK SDL 2028,8.59,11/Jul/2028,102.6365,6.9997
IN2220180037,08.56 MH SDL 2028,8.56,11/Jul/2028,102.5865,6.9997
IN2920180139,08.57 RJ SDL 2028,8.57,11/Jul/2028,102.6032,6.9997
IN3020180011,08.59 SK SDL 2028,8.59,11/Jul/2028,102.6365,6.9997
IN3620180072,08.58 UK SDL 2028,8.58,11/Jul/2028,102.6199,6.9997
IN1020170057,07.22 AP SDL 2028,7.22,12/Jul/2028,100.3536,6.9997
IN1320210041,06.82 BR SDL 2028,6.82,14/Jul/2028,99.6852,6.9997
IN2720250017,06.13 OD SGS 2028,6.13,16/Jul/2028,98.5260,6.9997
IN1020180171,08.42 AP SDL 2028,8.42,18/Jul/2028,102.3779,6.9997
IN1220180088,08.42 AS SDL 2028,8.42,18/Jul/2028,102.3779,6.9997
IN1620180043,08.41 HR SDL 2028,8.41,18/Jul/2028,102.3610,6.9997
IN3420180025,08.40 WB SDL 2028,8.4,18/Jul/2028,102.3442,6.9997
IN1920200095,06.09 KA SDL 2028,6.09,22/Jul/2028,98.4463,6.9997
IN2220200116,06.24 MH SDL 2028,6.24,22/Jul/2028,98.7003,6.9997
IN1420180045,08.44 GA SDL 2028,8.44,25/Jul/2028,102.4368,6.9997
IN2020180054,08.44 KL SDL 2028,8.44,25/Jul/2028,102.4368,6.9997
IN2920180147,08.44 RJ SDL 2028JUL,8.44,25/Jul/2028,102.4368,6.9997
IN3620180080,08.46 UK SDL 2028,8.46,25/Jul/2028,102.4708,6.9997
IN3420180033,08.45 WB SDL 2028,8.45,25/Jul/2028,102.4538,6.9997
IN3820210075,06.90 PY SDL 2028,6.9,25/Jul/2028,99.8176,6.9997
IN1720200030,06.36 HP SDL 2028,6.36,29/Jul/2028,98.8936,6.9997
IN3120250185,06.14 TN SGS 2028,6.14,30/Jul/2028,98.5153,6.9997
IN1220180096,08.41 AS SDL 2028,8.41,01/Aug/2028,102.4071,6.9997
IN2020180062,08.41 KL SDL 2028JUL,8.41,01/Aug/2028,102.4071,6.9997
IN2220180045,08.42 MH SDL 2028,8.42,01/Aug/2028,102.4242,6.9997
IN1720220038,07.43 HP SDL 2028,7.43,03/Aug/2028,100.7285,6.9997
IN1320210058,06.77 BR SDL 2028,6.77,04/Aug/2028,99.5928,6.9997
IN1920200129,06.32 KA SDL 2028,6.32,05/Aug/2028,98.8162,6.9997
IN1220180104,08.42 AS SDL 2028AUG,8.42,08/Aug/2028,102.4495,6.9997
IN2120180053,08.42 MP SDL 2028,8.42,08/Aug/2028,102.4495,6.9997
IN2920180154,08.43 RJ SDL 2028,8.43,08/Aug/2028,102.4668,6.9997
IN3220180027,08.43 TR SDL 2028,8.43,08/Aug/2028,102.4668,6.9997
IN3620180098,08.42 UK SDL 2028AUG,8.42,08/Aug/2028,102.4495,6.9997
IN1220220074,07.54 AS SDL 2028,7.54,10/Aug/2028,100.9281,6.9997
IN3420210095,06.79 WB SDL 2028 11 AUG,6.79,11/Aug/2028,99.6249,6.9997
IN2220200124,06.44 MH SDL 2028,6.44,12/Aug/2028,99.0149,6.9997
IN1520240020,07.05 GJ SGS 2028,7.05,14/Aug/2028,100.0781,6.9997
IN1020180221,08.52 AP SDL 2028,8.52,21/Aug/2028,102.6732,6.9997
IN1220180112,08.54 AS SDL 2028AUG,8.54,21/Aug/2028,102.7085,6.9997
IN1420180052,08.49 GA SDL 2028,8.49,21/Aug/2028,102.6203,6.9997
IN1520180077,08.47 GJ SDL 2028,8.47,21/Aug/2028,102.5850,6.9997
IN1820180058,08.52 JK SDL 2028,8.52,21/Aug/2028,102.6732,6.9997
IN3720180014,08.51 JH SDL 2028,8.51,21/Aug/2028,102.6556,6.9997
IN2920180162,08.49 RJ SDL 2028,8.49,21/Aug/2028,102.6203,6.9997
IN3620180106,08.49 UK SDL 2028,8.49,21/Aug/2028,102.6203,6.9997
IN2020180088,08.50 KL SDL 2028,8.5,21/Aug/2028,102.6379,6.9997
IN1220230081,07.47 AS SGS 2028,7.47,23/Aug/2028,100.8240,6.9997
IN2920180170,08.53 RJ SDL 2028,8.53,29/Aug/2028,102.7224,6.9997
IN1620180050,08.62 HR SDL 2028,8.62,03/Sep/2028,102.8997,6.9997
IN2920180188,08.63 RJ SDL 2028,8.63,03/Sep/2028,103.0201,6.9437
IN3620180114,08.61 UK SDL 2028,8.61,03/Sep/2028,102.8817,6.9997
IN1420180060,08.60 GA SDL 2028,8.6,03/Sep/2028,102.8638,6.9997
IN1520180101,08.79 GJ SDL 2028,8.79,12/Sep/2028,103.3336,6.9525
IN3720180022,08.84 JH SDL 2028,8.84,12/Sep/2028,103.3368,6.9997
IN2920180196,08.84 RJ SDL 2028,8.84,12/Sep/2028,103.3368,6.9997
IN3220180035,08.82 TR SDL 2028,8.82,12/Sep/2028,103.3005,6.9997
IN3620180122,08.74 UK SDL 2028,8.74,12/Sep/2028,103.1554,6.9997
IN2720240141,06.93 OD SGS 2028,6.93,12/Sep/2028,99.8707,6.9997
IN3520210037,06.53 CG SDL 2028,6.53,15/Sep/2028,99.1424,6.9997
IN1520180119,08.70 GJ SDL 2028,8.7,19/Sep/2028,103.1138,6.9997
IN3020180029,08.70 SK SDL 2028,8.7,19/Sep/2028,103.1138,6.9997
IN3120240681,06.89 TN SGS 2028,6.89,19/Sep/2028,99.7985,6.9997
IN2220200181,06.70 MH SDL 2028,6.7,23/Sep/2028,99.4476,6.9997
IN1920240018,06.95 KA SGS 2028,6.95,25/Sep/2028,99.9070,6.9997
IN1220180138,08.75 AS SDL 2028,8.75,26/Sep/2028,103.2333,6.9997
IN1420180078,08.75 GA SDL 2028,8.75,26/Sep/2028,103.2333,6.9997
IN1820180066,08.75 JK SDL 2028,8.75,26/Sep/2028,103.2333,6.9997
IN2620180025,08.75 NL SDL 2028,8.75,26/Sep/2028,103.2333,6.9997
IN2920180204,08.76 RJ SDL 2028,8.76,26/Sep/2028,103.2518,6.9997
IN3620180130,08.76 UK SDL 2028,8.76,26/Sep/2028,103.2518,6.9997
IN1520240293,06.87 GJ SGS 2028 26 SEP,6.87,26/Sep/2028,99.7587,6.9997
IN3120240749,06.87 TN SGS 2028,6.87,26/Sep/2028,99.7587,6.9997
IN1020220514,07.60 AP SGS 2028,7.6,28/Sep/2028,101.1101,6.9997
IN2920180212,08.65 RJ SDL 2028,8.65,03/Oct/2028,103.0733,6.9997
IN3520210045,06.59 CG SDL 2028,6.59,06/Oct/2028,99.2287,6.9997
IN2220200215,06.81 MH SDL 2028,6.81,07/Oct/2028,99.6397,6.9997
IN1920190056,07.15 KA SDL 2028,7.15,09/Oct/2028,100.2770,6.9997
IN1520180143,08.65 GJ SDL 2028,8.65,10/Oct/2028,103.0983,6.9997
IN1820180074,08.86 JK SDL 2028,8.86,10/Oct/2028,103.4933,6.9997
IN3020180037,08.85 SK SDL 2028,8.85,10/Oct/2028,103.4745,6.9997
IN3120180143,08.68 TN SDL 2028,8.68,10/Oct/2028,103.1548,6.9997
IN3320180042,08.73 UP SDL 2028,8.73,10/Oct/2028,103.2488,6.9997
IN1520230088,07.62 GJ SGS 2028,7.62,11/Oct/2028,101.1622,6.9997
IN2220200256,06.55 MH SDL 2028,6.55,14/Oct/2028,99.1433,6.9997
IN2420180019,08.74 ML SDL 2028,8.74,17/Oct/2028,103.2943,6.9997
IN3320180059,08.71 UP SDL 2028,8.71,17/Oct/2028,103.2374,6.9997
IN1520180150,08.60 GJ SDL 2028,8.6,17/Oct/2028,103.0287,6.9997
IN3620180148,08.70 UK SDL 2028,8.7,17/Oct/2028,103.2184,6.9997
IN2220200272,06.47 MH SDL 2028,6.47,21/Oct/2028,98.9818,6.9997
IN1420180086,08.65 GA SDL 2028,8.65,24/Oct/2028,103.1489,6.9997
IN1520180168,08.61 GJ SDL 2028,8.61,24/Oct/2028,103.0724,6.9997
IN1720180026,08.77 HP SDL 2028,8.77,24/Oct/2028,103.3785,6.9997
IN3320180067,08.73 UP SDL 2028OCT,8.73,24/Oct/2028,103.3020,6.9997
IN3820170030,07.63 PY SDL 2028,7.63,25/Oct/2028,101.1984,6.9997
IN3520210052,06.62 CG SDL 2028,6.62,27/Oct/2028,99.2612,6.9997
IN1620210121,06.63 HR SDL 2028,6.63,27/Oct/2028,99.2804,6.9997
IN3120190142,07.22 TN SDL 2028,7.22,30/Oct/2028,100.4145,6.9997
IN1520180176,08.58 GJ SDL 2028,8.58,31/Oct/2028,103.0359,6.9997
IN2920180220,08.57 RJ SDL 2028OCT,8.57,31/Oct/2028,103.0166,6.9997
IN3120180150,08.56 TN SDL 2028,8.56,31/Oct/2028,102.9973,6.9997
IN3320180075,08.66 UP SDL 2028,8.66,31/Oct/2028,103.1901,6.9997
IN1420180094,08.62 GA SDL 2028,8.62,06/Nov/2028,103.1346,6.9997
IN1520180184,08.57 GJ SDL 2028,8.57,06/Nov/2028,102.9483,7.0447
IN2320180028,08.62 MN SDL 2028,8.62,06/Nov/2028,103.1346,6.9997
IN3020180052,08.62 SK SDL 2028,8.62,06/Nov/2028,103.1346,6.9997
IN2920180238,08.60 RJ SDL 2028,8.6,06/Nov/2028,103.0958,6.9997
IN1020190303,07.22 AP SDL 2028NOV,7.22,06/Nov/2028,100.4165,6.9997
IN1920190098,07.23 KA SDL 2028,7.23,06/Nov/2028,100.4359,6.9997
IN1820180082,08.59 JK SDL 2028NOV,8.59,14/Nov/2028,103.1049,6.9997
IN2820180106,08.61 PN SDL 2028,8.61,14/Nov/2028,103.1441,6.9997
IN3620180155,08.56 UK SDL 2028,8.56,14/Nov/2028,103.0461,6.9997
IN3320180083,08.60 UP SDL 2028,8.6,14/Nov/2028,103.1245,6.9997
IN1520180192,08.53 GJ SDL 2028,8.53,20/Nov/2028,103.0080,6.9997
IN2920180246,08.55 RJ SDL 2028,8.55,20/Nov/2028,103.0474,6.9997
IN3820210034,06.62 PY SDL 2028,6.62,24/Nov/2028,99.2332,6.9997
IN2220200314,06.35 MH SDL 2028,6.35,25/Nov/2028,98.6960,6.9997
IN1720180034,08.56 HP SDL 2028,8.56,28/Nov/2028,103.0956,6.9997
IN1820180090,08.56 JK SDL 2028,8.56,28/Nov/2028,103.0956,6.9997
IN1920180081,08.52 KA SDL 2028,8.52,28/Nov/2028,103.0158,6.9997
IN2020180104,08.54 KL SDL 2028,8.54,28/Nov/2028,103.0557,6.9997
IN2420180027,08.55 ML SDL 2028,8.55,28/Nov/2028,103.0756,6.9997
IN3120180168,08.53 TN SDL 2028,8.53,28/Nov/2028,103.0358,6.9997
IN3620180163,08.55 UK SDL 2028,8.55,28/Nov/2028,103.0756,6.9997
IN1520180200,08.50 GJ SDL 2028,8.5,28/Nov/2028,102.9760,6.9997
IN1020220589,07.50 AP SGS 2028,7.5,30/Nov/2028,100.9852,6.9997
IN1020200474,06.40 AP SDL 2028,6.4,02/Dec/2028,98.7849,6.9997
IN1020190386,07.18 AP SDL 2028,7.18,04/Dec/2028,100.3474,6.9997
IN3820190046,07.21 PY SDL 2028,7.21,04/Dec/2028,100.4076,6.9997
IN3120240400,06.96 TN SGS 2028,6.96,04/Dec/2028,99.9059,6.9997
IN2020180112,08.38 KL SDL 2028,8.38,05/Dec/2028,102.7589,6.9997
IN2120180095,08.37 MP SDL 2028,8.37,05/Dec/2028,102.7388,6.9997
IN2820180114,08.43 PN SDL 2028,8.43,05/Dec/2028,102.8594,6.9997
IN2920180253,08.38 RJ SDL 2028,8.38,05/Dec/2028,102.7589,6.9997
IN3120180176,08.37 TN SDL 2028DEC,8.37,05/Dec/2028,102.7388,6.9997
IN3720180030,08.40 JH SDL 2028,8.4,05/Dec/2028,102.7991,6.9997
IN1420180102,08.36 GA SDL 2028,8.36,12/Dec/2028,102.7407,6.9997
IN1520180218,08.32 GJ SDL 2028,8.32,12/Dec/2028,102.6596,6.9997
IN3720180048,08.35 JH SDL 2028,8.35,12/Dec/2028,102.7204,6.9997
IN2920180261,08.36 RJ SDL 2028,8.36,12/Dec/2028,102.7407,6.9997
IN3120180184,08.36 TN SDL 2028,8.36,12/Dec/2028,102.7407,6.9997
IN3620180171,08.38 UK SDL 2028,8.38,12/Dec/2028,102.7812,6.9997
IN2420180035,08.40 ML SDL 2028,8.4,12/Dec/2028,102.8217,6.9997
IN3120240434,06.97 TN SGS 2028,6.97,18/Dec/2028,99.9245,6.9997
IN1420180110,08.21 GA SDL 2028,8.21,19/Dec/2028,102.4565,6.9997
IN1520180226,08.17 GJ SDL 2028,8.17,19/Dec/2028,102.3748,6.9997
IN2020180120,08.19 KL SDL 2028,8.19,19/Dec/2028,102.4157,6.9997
IN2620180033,08.19 NL SDL 2028,8.19,19/Dec/2028,102.4157,6.9997
IN3120180192,08.18 TN SDL 2028,8.18,19/Dec/2028,102.3952,6.9997
IN3620180189,08.19 UK SDL 2028,8.19,19/Dec/2028,102.4157,6.9997
IN3320180091,08.19 UP SDL 2028,8.19,19/Dec/2028,102.4157,6.9997
IN1220230156,07.54 AS SGS 2028,7.54,20/Dec/2028,101.0896,6.9997
IN1520180234,08.08 GJ SDL 2028,8.08,26/Dec/2028,102.2088,6.9997
IN1920180115,08.08 KA SDL 2028,8.08,26/Dec/2028,102.2088,6.9997
IN2220180052,08.08 MH SDL 2028,8.08,26/Dec/2028,102.2088,6.9997
IN2320180036,08.09 MN SDL 2028,8.09,26/Dec/2028,102.2293,6.9997
IN2420180043,08.09 ML SDL 2028,8.09,26/Dec/2028,102.2293,6.9997
IN2920180279,08.09 RJ SDL 2028,8.09,26/Dec/2028,102.2293,6.9997
IN3120180200,08.08 TN SDL 2028,8.08,26/Dec/2028,102.1400,7.0326
IN3220180043,08.09 TR SDL 2028,8.09,26/Dec/2028,102.2293,6.9997
IN3320180109,08.08 UP SDL 2028,8.08,26/Dec/2028,102.2088,6.9997
IN1520180242,08.25 GJ SDL 2029,8.25,02/Jan/2029,102.1089,7.2217
IN2220180060,08.26 MH SDL 2029,8.26,02/Jan/2029,102.1123,7.2300
IN2820180122,08.34 PN SDL 2029,8.34,02/Jan/2029,102.2949,7.2217
IN2920180287,08.27 RJ SDL 2029,8.27,02/Jan/2029,102.1503,7.2217
IN3120180218,08.25 TN SDL 2029,8.25,02/Jan/2029,102.1089,7.2217
IN3620180197,08.23 UK SDL 2029,8.23,02/Jan/2029,102.0676,7.2217
IN3320180117,08.29 UP SDL 2029,8.29,02/Jan/2029,102.1916,7.2217
IN1620220344,07.50 HR SGS 2029,7.5,04/Jan/2029,100.5606,7.2217
IN1320180012,08.27 BR SDL 2029,8.27,09/Jan/2029,102.1678,7.2217
IN1520180259,08.27 GJ SDL 2029,8.27,09/Jan/2029,102.1678,7.2217
IN1920180123,08.28 KA SDL 2029,8.28,09/Jan/2029,102.1886,7.2217
IN3020180060,08.27 SK SDL 2029,8.27,09/Jan/2029,102.1678,7.2217
IN3220180050,08.27 TR SDL 2029,8.27,09/Jan/2029,102.1678,7.2217
IN3620180205,08.32 UK SDL 2029,8.32,09/Jan/2029,102.2719,7.2217
IN1720180042,08.30 HP SDL 2029,8.3,09/Jan/2029,102.2302,7.2217
IN1220230164,07.53 AS SGS 2029,7.53,10/Jan/2029,100.6274,7.2217
IN1020220613,07.54 AP SGS 2029,7.54,11/Jan/2029,100.6491,7.2217
IN1320180020,08.21 BR SDL 2029,8.21,16/Jan/2029,102.0595,7.2217
IN1920180131,08.17 KA SDL 2029,8.17,16/Jan/2029,101.9756,7.2217
IN3320180125,08.22 UP SDL 2029,8.22,16/Jan/2029,102.0805,7.2217
IN1420180128,08.22 GA SDL 2029,8.22,23/Jan/2029,102.0976,7.2217
IN1920180149,08.19 KA SDL 2029,8.19,23/Jan/2029,102.0341,7.2217
IN3420180124,08.21 WB SDL 2029,8.21,23/Jan/2029,102.0764,7.2217
IN1320180038,08.20 BR SDL 2029,8.2,23/Jan/2029,102.0553,7.2217
IN1220180211,08.19 AS SDL 2029,8.19,30/Jan/2029,102.0509,7.2217
IN1320180046,08.18 BR SDL 2029,8.18,30/Jan/2029,102.0296,7.2217
IN1520180267,08.16 GJ SDL 2029,8.16,30/Jan/2029,101.9869,7.2217
IN2920180295,08.17 RJ SDL 2029,8.17,30/Jan/2029,102.0083,7.2217
IN3320180133,08.18 UP SDL 2029,8.18,30/Jan/2029,102.0296,7.2217
IN1820180108,08.20 JK SDL 2029,8.2,30/Jan/2029,102.0722,7.2217
IN1620210147,06.96 HR SDL 2029,6.96,02/Feb/2029,99.4282,7.2217
IN1920180164,08.32 KA SDL 2029,8.32,06/Feb/2029,102.3443,7.2217
IN2920180303,08.32 RJ SDL 2029,8.32,06/Feb/2029,102.3443,7.2217
IN1220180229,08.34 AS SDL 2029,8.34,06/Feb/2029,102.3872,7.2217
IN3320180141,08.34 UP SDL 2029,8.34,06/Feb/2029,102.3872,7.2217
IN2020180138,08.35 KL SDL 2029,8.35,06/Feb/2029,102.4087,7.2217
IN1320180053,08.36 BR SDL 2029,8.36,06/Feb/2029,102.4302,7.2217
IN3720180055,08.36 JH SDL 2029,8.36,06/Feb/2029,102.4302,7.2217
IN1420180136,08.38 GA SDL 2029,8.38,06/Feb/2029,102.4731,7.2217
IN1820180116,08.38 JK SDL 2029,8.38,06/Feb/2029,102.4731,7.2217
IN2320180044,08.38 MN SDL 2029,8.38,06/Feb/2029,102.4731,7.2217
IN2820180130,08.38 PN SDL 2029,8.38,06/Feb/2029,102.4731,7.2217
IN3220180068,08.38 TR SDL 2029,8.38,06/Feb/2029,102.4731,7.2217
IN1520180275,08.30 GJ SDL 2029,8.3,06/Feb/2029,102.3014,7.2217
IN1020230752,07.39 AP SGS 2029,7.39,07/Feb/2029,100.3496,7.2217
IN2220210289,06.99 MH SDL 2029,6.99,09/Feb/2029,99.4898,7.2217
IN2520210062,07.05 MZ SDL 2029,7.05,09/Feb/2029,99.6189,7.2217
IN1520180283,08.28 GJ SDL 2029,8.28,13/Feb/2029,102.2771,7.2217
IN3720180063,08.31 JH SDL 2029,8.31,13/Feb/2029,102.3420,7.2217
IN2020180146,08.31 KL SDL 2029,8.31,13/Feb/2029,102.3420,7.2217
IN3320180158,08.32 UP SDL 2029,8.32,13/Feb/2029,102.3636,7.2217
IN3520230142,07.43 CG SGS 2029,7.43,14/Feb/2029,100.4403,7.2217
IN1220210224,06.85 AS SDL 2029,6.85,16/Feb/2029,99.1838,7.2217
IN1420180144,08.36 GA SDL 2029,8.36,20/Feb/2029,102.4702,7.2217
IN1520180291,08.28 GJ SDL 2029FEB,8.28,20/Feb/2029,102.2959,7.2217
IN1820180124,08.37 JK SDL 2029,8.37,20/Feb/2029,102.4920,7.2217
IN2620180041,08.37 NL SDL 2029,8.37,20/Feb/2029,102.4920,7.2217
IN3820180062,08.37 PY SDL 2029,8.37,20/Feb/2029,102.4920,7.2217
IN3420180157,08.35 WB SDL 2029,8.35,20/Feb/2029,102.4484,7.2217
IN1920180172,08.30 KA SDL 2029,8.3,20/Feb/2029,102.3395,7.2217
IN3520230183,07.44 CG SGS 2029,7.44,21/Feb/2029,100.4670,7.2217
IN3520200111,07.08 CG SDL 2029,7.08,24/Feb/2029,99.6818,7.2217
IN3120250730,06.54 TN SGS 2029,6.54,25/Feb/2029,98.4992,7.2217
IN1520180309,08.38 GJ SDL 2029,8.38,27/Feb/2029,102.5344,7.2217
IN1720180059,08.43 HP SDL 2029,8.43,27/Feb/2029,102.6441,7.2217
IN3720180071,08.44 JH SDL 2029,8.44,27/Feb/2029,102.6660,7.2217
IN1920180180,08.34 KA SDL 2029,8.34,27/Feb/2029,102.4466,7.2217
IN2420180050,08.43 ML SDL 2029,8.43,27/Feb/2029,102.6441,7.2217
IN2920180311,08.44 RJ SDL 2029,8.44,27/Feb/2029,102.6660,7.2217
IN3320180166,08.45 UP SDL 2029,8.45,27/Feb/2029,102.6880,7.2217
IN3420180165,08.44 WB SDL 2029,8.44,27/Feb/2029,102.6660,7.2217
IN1620200163,07.02 HR SDL 2029,7.02,03/Mar/2029,99.5487,7.2217
IN2220200355,07.04 MH SDL 2029,7.04,03/Mar/2029,99.5929,7.2217
IN1220180245,08.45 AS SDL 2029,8.45,06/Mar/2029,102.7163,7.2217
IN1320180061,08.44 BR SDL 2029,8.44,06/Mar/2029,102.6941,7.2217
IN1520180317,08.35 GJ SDL 2029,8.35,06/Mar/2029,102.4947,7.2217
IN1820180132,08.44 JK SDL 2029,8.44,06/Mar/2029,102.6941,7.2217
IN3720180089,08.43 JH SDL 2029,8.43,06/Mar/2029,102.6720,7.2217
IN2320180051,08.43 MN SDL 2029,8.43,06/Mar/2029,102.6720,7.2217
IN2920180329,08.41 RJ SDL 2029,8.41,06/Mar/2029,102.6277,7.2217
IN3120180226,08.37 TN SDL 2029,8.37,06/Mar/2029,102.5390,7.2217
IN3320180174,08.43 UP SDL 2029,8.43,06/Mar/2029,102.6720,7.2217
IN1020220720,07.70 AP SGS 2029,7.7,08/Mar/2029,101.0575,7.2217
IN2120210066,07.08 MP SDL 2029,7.08,09/Mar/2029,99.6810,7.2217
IN2220200363,07.02 MH SDL 2029,7.02,10/Mar/2029,99.5475,7.2217
IN1720190173,06.95 HP SDL 2029,6.95,11/Mar/2029,99.3915,7.2217
IN3120250797,06.64 TN SGS 2029,6.64,11/Mar/2029,98.7010,7.2217
IN3120240640,07.00 TN SGS 2029 12 MAR,7,12/Mar/2029,99.5026,7.2217
IN1320180079,08.39 BR SDL 2029,8.39,13/Mar/2029,102.6046,7.2217
IN1420180151,08.43 GA SDL 2029,8.43,13/Mar/2029,102.6939,7.2217
IN1920180206,08.32 KA SDL 2029MAR,8.32,13/Mar/2029,102.4484,7.2217
IN2020180161,08.35 KL SDL 2029MAR,8.35,13/Mar/2029,102.5153,7.2217
IN2420180068,08.42 ML SDL 2029,8.42,13/Mar/2029,102.6715,7.2217
IN3320180182,08.39 UP SDL 2029,8.39,13/Mar/2029,102.6046,7.2217
IN3620180213,08.41 UK SDL 2029,8.41,13/Mar/2029,102.6492,7.2217
IN3420180181,08.39 WB SDL 2029,8.39,13/Mar/2029,102.6046,7.2217
IN1520180325,08.30 GJ SDL 2029MAR,8.3,13/Mar/2029,102.4037,7.2217
IN2920180337,08.40 RJ SDL 2029,8.4,13/Mar/2029,102.6269,7.2217
IN3520200129,07.06 CG SDL 2029,7.06,17/Mar/2029,99.6361,7.2217
IN1620190190,07.24 HR SDL 2029,7.24,18/Mar/2029,100.0399,7.2217
IN1120180022,08.17 AR SDL 2029,8.17,20/Mar/2029,102.1314,7.2217
IN1520180333,08.14 GJ SDL 2029,8.14,20/Mar/2029,102.0640,7.2217
IN1920180214,08.16 KA SDL 2029,8.16,20/Mar/2029,102.1090,7.2217
IN2620180058,08.17 NL SDL 2029,8.17,20/Mar/2029,102.1314,7.2217
IN2820180155,08.23 PN SDL 2029,8.23,20/Mar/2029,102.2663,7.2217
IN3020180078,08.21 SK SDL 2029,8.21,20/Mar/2029,102.2214,7.2217
IN1620210196,07.09 HR SDL 2029,7.09,23/Mar/2029,99.7022,7.2217
IN1620220450,07.66 HR SGS 2029,7.66,23/Mar/2029,100.9875,7.2217
IN2220190143,07.78 MH SDL 2029,7.78,24/Mar/2029,101.2590,7.2217
IN3520200137,06.94 CG SDL 2029,6.94,24/Mar/2029,99.3630,7.2217
IN1420180169,08.08 GA SDL 2029,8.08,27/Mar/2029,101.9409,7.2217
IN1520180341,08.05 GJ SDL 2029,8.05,27/Mar/2029,101.8730,7.2217
IN1920180222,08.06 KA SDL 2029,8.06,27/Mar/2029,101.8956,7.2217
IN2320180069,08.09 MN SDL 2029,8.09,27/Mar/2029,101.9635,7.2217
IN2420180076,08.09 ML SDL 2029,8.09,27/Mar/2029,101.9635,7.2217
IN3620180221,08.08 UK SDL 2029,8.08,27/Mar/2029,101.9409,7.2217
IN3420180207,08.10 WB SDL 2029,8.1,27/Mar/2029,101.9862,7.2217
IN2920210555,07.13 RJ SDL 2029 30 MAR,7.13,30/Mar/2029,99.7886,7.2217
IN2120190235,07.35 MP SDL 2029,7.35,31/Mar/2029,100.2882,7.2217
IN1020230018,07.60 AP SGS 2029,7.6,06/Apr/2029,100.8590,7.2217
IN1520200016,07.73 GJ SDL 2029,7.73,08/Apr/2029,101.1389,7.2299
IN2220220015,07.11 MH SDL 2029 08 APR,7.11,08/Apr/2029,99.7388,7.2217
IN2920190013,08.12 RJ SDL 2029,8.12,10/Apr/2029,102.0536,7.2217
IN1520190019,08.14 GJ SDL 2029APR,8.14,10/Apr/2029,102.0994,7.2217
IN3120190019,08.16 TN SDL 2029,8.16,10/Apr/2029,102.1453,7.2217
IN2020190012,08.17 KL SDL 2029,8.17,10/Apr/2029,102.1682,7.2217
IN3620190014,08.19 UK SDL 2029,8.19,10/Apr/2029,102.2141,7.2217
IN1820190016,08.22 JK SDL 2029,8.22,10/Apr/2029,102.2829,7.2217
IN2520190017,08.22 MZ SDL 2029,8.22,10/Apr/2029,102.2829,7.2217
IN1120190013,08.23 AR SDL 2029,8.23,10/Apr/2029,102.3058,7.2217
IN3120200024,07.50 TN SDL 2029,7.5,15/Apr/2029,100.6337,7.2217
IN1420190010,08.15 GA SDL 2029,8.15,16/Apr/2029,102.1332,7.2217
IN2620190016,08.15 NL SDL 2029,8.15,16/Apr/2029,102.1332,7.2217
IN2920190021,08.15 RJ SDL 2029,8.15,16/Apr/2029,102.1332,7.2217
IN2020190020,08.18 KL SDL 2029,8.18,16/Apr/2029,102.2024,7.2217
IN3620240017,07.50 UK SGS 2029,7.5,18/Apr/2029,100.6348,7.2217
IN2020190038,08.16 KL SDL 2029,8.16,24/Apr/2029,102.1712,7.2217
IN2320190019,08.16 MN SDL 2029,8.16,24/Apr/2029,102.1712,7.2217
IN1520190035,08.17 GJ SDL 2029,8.17,24/Apr/2029,102.1944,7.2217
IN1820190024,08.17 JK SDL 2029,8.17,24/Apr/2029,102.1944,7.2217
IN1620230020,07.39 HR SGS 2029,7.39,26/Apr/2029,100.3818,7.2217
IN1720200071,06.45 HP SDL 2029,6.45,28/Apr/2029,98.1888,7.2217
IN3620260015,07.08 UK SGS 2029,7.08,29/Apr/2029,99.6583,7.2217
IN1720190025,08.12 HP SDL 2029,8.12,03/May/2029,102.0944,7.2217
IN2020190046,08.06 KL SDL 2029,8.06,08/May/2029,101.9623,7.2217
IN2920190039,08.07 RJ SDL 2029,8.07,08/May/2029,101.9858,7.2217
IN1020230075,07.34 AP SGS 2029,7.34,10/May/2029,100.2664,7.2217
IN2220220031,07.61 MH SDL 2029,7.61,11/May/2029,100.9043,7.2217
IN1620220047,07.63 HR SDL 2029,7.63,11/May/2029,100.9516,7.2217
IN2020190053,08.01 KL SDL 2029,8.01,15/May/2029,101.8557,7.2217
IN2920190047,08.01 RJ SDL 2029,8.01,15/May/2029,101.8557,7.2217
IN1520200032,06.60 GJ SDL 2029,6.6,20/May/2029,98.5045,7.2217
IN1420190028,07.94 GA SDL 2029,7.94,22/May/2029,101.7001,7.2217
IN1820190032,07.94 JK SDL 2029,7.94,22/May/2029,101.7001,7.2217
IN1720200097,06.53 HP SDL 2029,6.53,25/May/2029,98.3294,7.2217
IN2020190061,07.78 KL SDL 2029,7.78,29/May/2029,101.3263,7.2217
IN3120240061,07.34 TN SGS 2029,7.34,29/May/2029,100.2691,7.2217
IN1020180106,08.34 AP SDL 2029,8.34,30/May/2029,102.6742,7.2217
IN1620230061,07.29 HR SGS 2029,7.29,31/May/2029,100.1490,7.2217
IN1520200057,06.57 GJ SDL 2029,6.57,03/Jun/2029,98.4128,7.2217
IN1820190040,07.59 JK SDL 2029,7.59,04/Jun/2029,100.8735,7.2217
IN2020190079,07.59 KL SDL 2029,7.59,04/Jun/2029,100.8735,7.2217
IN2120190011,07.59 MP SDL 2029,7.59,04/Jun/2029,100.8735,7.2217
IN2920190054,07.59 RJ SDL 2029,7.59,04/Jun/2029,100.8735,7.2217
IN3020190010,07.59 SK SDL 2029,7.59,04/Jun/2029,100.8735,7.2217
IN2820190014,07.60 PN SDL 2029,7.6,04/Jun/2029,100.8976,7.2217
IN1720230011,07.26 HP SGS 2029,7.26,07/Jun/2029,100.0770,7.2217
IN1520190050,07.60 GJ SDL 2029,7.6,12/Jun/2029,100.9040,7.2217
IN1420190036,07.61 GA SDL 2029,7.61,12/Jun/2029,100.9283,7.2217
IN2120190029,07.61 MP SDL 2029,7.61,12/Jun/2029,100.9283,7.2217
IN2920190062,07.61 RJ SDL 2029,7.61,12/Jun/2029,100.9283,7.2217
IN1020170032,07.16 AP SDL 2029,7.16,14/Jun/2029,99.8336,7.2217
IN2320190027,07.22 MN SDL 2029,7.22,21/Jun/2029,99.9797,7.2217
IN3120200156,06.60 TN SDL 2029,6.6,24/Jun/2029,98.4552,7.2217
IN1020190105,07.31 AP SDL 2029,7.31,26/Jun/2029,100.2014,7.2217
IN1120190021,07.31 AR SDL 2029,7.31,26/Jun/2029,100.2014,7.2217
IN1420190044,07.31 GA SDL 2029,7.31,26/Jun/2029,100.2014,7.2217
IN1520190068,07.31 GJ SDL 2029,7.31,26/Jun/2029,100.2014,7.2217
IN2020190087,07.31 KL SDL 2029,7.31,26/Jun/2029,100.2014,7.2217
IN2920190070,07.31 RJ SDL 2029,7.31,26/Jun/2029,100.2014,7.2217
IN3420190016,07.32 WB SDL 2029,7.32,26/Jun/2029,100.2261,7.2217
IN2220170038,07.18 MH SDL 2029,7.18,28/Jun/2029,99.8811,7.2217
IN1820190057,07.28 JK SDL 2029,7.28,03/Jul/2029,100.1287,7.2217
IN2020190095,07.28 KL SDL 2029,7.28,03/Jul/2029,100.1287,7.2217
IN2820190022,07.28 PN SDL 2029,7.28,03/Jul/2029,100.1287,7.2217
IN2920190104,07.28 RJ SDL 2029,7.28,03/Jul/2029,100.1287,7.2217
IN3120190043,07.28 TN SDL 2029,7.28,03/Jul/2029,100.1287,7.2217
IN1520220048,07.65 GJ SDL 2029,7.65,06/Jul/2029,101.0490,7.2217
IN3120220063,07.65 TN SDL 2029,7.65,06/Jul/2029,101.0490,7.2217
IN1520200081,06.44 GJ SDL 2029,6.44,08/Jul/2029,98.0378,7.2217
IN1420190051,07.13 GA SDL 2029,7.13,10/Jul/2029,99.7558,7.2217
IN1720190033,07.13 HP SDL 2029,7.13,10/Jul/2029,99.7558,7.2217
IN2020190103,07.13 KL SDL 2029,7.13,10/Jul/2029,99.7558,7.2217
IN2420190018,07.13 ML SDL 2029,7.13,10/Jul/2029,99.7558,7.2217
IN2120190037,07.13 MP SDL 2029,7.13,10/Jul/2029,99.7558,7.2217
IN1320190011,07.14 BR SDL 2029,7.14,10/Jul/2029,99.7808,7.2217
IN1220190012,06.90 AS SDL 2029,6.9,17/Jul/2029,99.1776,7.2217
IN1320190029,06.90 BR SDL 2029,6.9,17/Jul/2029,99.1776,7.2217
IN1820190065,06.90 JK SDL 2029,6.9,17/Jul/2029,99.1776,7.2217
IN1920190015,06.90 KA SDL 2029,6.9,17/Jul/2029,99.1776,7.2217
IN3620190022,06.90 UK SDL 2029,6.9,17/Jul/2029,99.1776,7.2217
IN1320190037,07.03 BR SDL 2029,7.03,24/Jul/2029,99.5018,7.2217
IN1420190069,7.04 GA SDL 2029,7.04,24/Jul/2029,99.5270,7.2217
IN2720190031,7.05 OD SDL 2029,7.05,24/Jul/2029,99.5523,7.2217
IN3420190032,7.06 WB SDL 2029,7.06,24/Jul/2029,99.5776,7.2217
IN1020170065,07.22 AP SDL 2029,7.22,26/Jul/2029,99.9820,7.2217
IN3120220089,07.64 TN SDL 2029,7.64,27/Jul/2029,101.0460,7.2217
IN2920190112,07.09 RJ SDL 2029,7.09,31/Jul/2029,99.6524,7.2217
IN2020190111,07.10 KL SDL 2029,7.1,31/Jul/2029,99.6778,7.2217
IN1320190045,07.11 BR SDL 2029,7.11,31/Jul/2029,99.7032,7.2217
IN2220190044,07.11 MH SDL 2029,7.11,31/Jul/2029,99.7032,7.2217
IN3120190068,07.11 TN SDL 2029,7.11,31/Jul/2029,99.7032,7.2217
IN3320190017,07.12 UP SDL 2029,7.12,31/Jul/2029,99.7286,7.2217
IN3620190030,07.14 UK SDL 2029,7.14,31/Jul/2029,99.7794,7.2217
IN1020180197,08.42 AP SDL 2029,8.42,01/Aug/2029,103.0332,7.2217
IN3120250193,06.27 TN SGS 2029,6.27,06/Aug/2029,97.5580,7.2217
IN1720190041,07.05 HP SDL 2029,7.05,07/Aug/2029,99.5493,7.2217
IN3320190025,07.05 UP SDL 2029,7.05,07/Aug/2029,99.5493,7.2217
IN1620190075,07.06 HR SDL 2029,7.06,07/Aug/2029,99.5749,7.2217
IN1320190052,07.07 BR SDL 2029,7.07,07/Aug/2029,99.6004,7.2217
IN2420190026,07.16 ML SDL 2029,7.16,07/Aug/2029,99.8304,7.2217
IN1820190073,07.39 JK SDL 2029,7.39,07/Aug/2029,100.4182,7.2217
IN1020180205,08.42 AP SDL 2029AUG,8.42,08/Aug/2029,103.0532,7.2217
IN1020170073,07.22 AP SDL 2029AUG,7.22,09/Aug/2029,99.9841,7.2217
IN1520200115,06.44 GJ SDL 2029AUG,6.44,12/Aug/2029,97.9826,7.2217
IN1220190020,07.15 AS SDL 2029,7.15,14/Aug/2029,99.8051,7.2217
IN2020190129,07.15 KL SDL 2029,7.15,14/Aug/2029,99.8051,7.2217
IN3620190048,07.15 UK SDL 2029,7.15,14/Aug/2029,99.8051,7.2217
IN3320190033,07.17 UP SDL 2029,7.17,14/Aug/2029,99.8565,7.2217
IN1320190060,07.18 BR SDL 2029,7.18,14/Aug/2029,99.8822,7.2217
IN1620190083,07.18 HR SDL 2029,7.18,14/Aug/2029,99.8822,7.2217
IN3420190057,07.18 WB SDL 2029,7.18,14/Aug/2029,99.8822,7.2217
IN3220190018,07.20 TR SDL 2029,7.2,14/Aug/2029,99.9337,7.2217
IN2820190055,07.21 PN SDL 2029,7.21,14/Aug/2029,99.9594,7.2217
IN2520190025,07.22 MZ SDL 2029,7.22,14/Aug/2029,99.9851,7.2217
IN2320190035,07.25 MN SDL 2029,7.25,14/Aug/2029,100.0622,7.2217
IN1520240038,07.06 GJ SGS 2029,7.06,14/Aug/2029,99.5737,7.2217
IN1320190078,07.18 BR SDL 2029AUG,7.18,21/Aug/2029,99.8831,7.2217
IN1420190077,07.18 GA SDL 2029,7.18,21/Aug/2029,99.8831,7.2217
IN1720190058,07.18 HP SDL 2029,7.18,21/Aug/2029,99.8831,7.2217
IN1620190091,07.18 HR SDL 2029AUG,7.18,21/Aug/2029,99.8831,7.2217
IN3320190041,07.18 UP SDL 2029,7.18,21/Aug/2029,99.8831,7.2217
IN2720170041,07.30 OD SDL 2029,7.3,23/Aug/2029,100.1944,7.2217
IN3820210083,06.99 PY SDL 2029,6.99,23/Aug/2029,99.3911,7.2217
IN1920190031,07.07 KA SDL 2029,7.07,28/Aug/2029,99.5979,7.2217
IN3320190058,07.07 UP SDL 2029,7.07,28/Aug/2029,99.5979,7.2217
IN1320190086,07.08 BR SDL 2029,7.08,28/Aug/2029,99.6240,7.2217
IN2020190137,07.08 KL SDL 2029,7.08,28/Aug/2029,99.6240,7.2217
IN2920190138,07.08 RJ SDL 2029,7.08,28/Aug/2029,99.6240,7.2217
IN1420190085,07.09 GA SDL 2029,7.09,28/Aug/2029,99.6500,7.2217
IN1220190038,07.10 AS SDL 2029,7.1,28/Aug/2029,99.6760,7.2217
IN3120240236,07.06 TN SGS 2029,7.06,28/Aug/2029,99.5719,7.2217
IN3120250227,06.84 TN SGS 2029,6.84,28/Aug/2029,98.9993,7.2217
IN1520190100,07.10 GJ SDL 2029,7.1,04/Sep/2029,99.6760,7.2217
IN2020190145,07.11 KL SDL 2029,7.11,04/Sep/2029,99.7022,7.2217
IN1020190204,07.13 AP SDL 2029,7.13,04/Sep/2029,99.7545,7.2217
IN1320190094,07.13 BR SDL 2029,7.13,04/Sep/2029,99.7545,7.2217
IN1620190109,07.13 HR SDL 2029,7.13,04/Sep/2029,99.7545,7.2217
IN2920190153,07.13 RJ SDL 2029,7.13,04/Sep/2029,99.7545,7.2217
IN3320190066,07.14 UP SDL 2029,7.14,04/Sep/2029,99.7807,7.2217
IN3420190073,07.14 WB SDL 2029,7.14,04/Sep/2029,99.7807,7.2217
IN3620190055,07.19 UK SDL 2029,7.19,04/Sep/2029,99.9115,7.2217
IN1820190081,07.24 JK SDL 2029,7.24,04/Sep/2029,100.0423,7.2217
IN3120240251,07.06 TN SGS 2029 04 SEP,7.06,04/Sep/2029,99.5714,7.2217
IN2220250285,06.74 MH SGS 2029,6.74,10/Sep/2029,98.7295,7.2217
IN3320190074,07.12 UP SDL 2029SEP,7.12,11/Sep/2029,99.7289,7.2217
IN1220190046,07.13 AS SDL 2029,7.13,11/Sep/2029,99.7552,7.2217
IN1320190102,07.13 BR SDL 2029SEP,7.13,11/Sep/2029,99.7552,7.2217
IN3020190028,07.13 SK SDL 2029,7.13,11/Sep/2029,99.7552,7.2217
IN3120240277,07.03 TN SGS 2029,7.03,11/Sep/2029,99.4920,7.2217
IN2920170064,07.40 RJ SDL 2029,7.4,13/Sep/2029,100.4673,7.2217
IN1520200149,06.63 GJ SDL 2029,6.63,16/Sep/2029,98.4341,7.2217
IN2720250074,06.77 OD SGS 2029,6.77,17/Sep/2029,98.8035,7.2217
IN1920190049,07.11 KA SDL 2029,7.11,18/Sep/2029,99.7031,7.2217
IN1320190110,07.14 BR SDL 2029SEP,7.14,18/Sep/2029,99.7825,7.2217
IN1420190093,07.15 GA SDL 2029,7.15,18/Sep/2029,99.8090,7.2217
IN1820190099,07.17 JK SDL 2029,7.17,18/Sep/2029,99.8619,7.2217
IN3520240018,07.00 CG SGS 2029,7,19/Sep/2029,99.4699,7.1997
IN2720240174,06.98 OD SGS 2029,6.98,19/Sep/2029,99.3587,7.2217
IN3120240699,07.02 TN SGS 2029 19 SEP,7.02,19/Sep/2029,99.4647,7.2217
IN1520190118,07.23 GJ SDL 2029,7.23,25/Sep/2029,100.0512,7.2103
IN2220190051,07.24 MH SDL 2029,7.24,25/Sep/2029,100.0472,7.2217
IN1320190128,07.26 BR SDL 2029,7.26,25/Sep/2029,100.1005,7.2217
IN1620190117,07.26 HR SDL 2029,7.26,25/Sep/2029,100.1005,7.2217
IN3320190082,07.26 UP SDL 2029,7.26,25/Sep/2029,100.1005,7.2217
IN2820190063,07.28 PN SDL 2029SEP,7.28,25/Sep/2029,100.1538,7.2217
IN3420190099,07.28 WB SDL 2029,7.28,25/Sep/2029,100.1538,7.2217
IN1220190053,07.30 AS SDL 2029,7.3,25/Sep/2029,100.2070,7.2217
IN2420190034,07.31 ML SDL 2029,7.31,25/Sep/2029,100.2336,7.2217
IN2620190024,07.31 NL SDL 2029,7.31,25/Sep/2029,100.2336,7.2217
IN3120240756,06.92 TN SGS 2029,6.92,26/Sep/2029,99.1940,7.2217
IN3720240024,06.96 JH SGS 2029,6.96,26/Sep/2029,99.3006,7.2217
IN2120230064,07.48 MP SGS 2029,7.48,27/Sep/2029,100.6868,7.2217
IN3820200027,06.90 PY SDL 2029,6.9,30/Sep/2029,99.1366,7.2217
IN1920190064,07.15 KA SDL 2029,7.15,09/Oct/2029,99.8010,7.2217
IN2020190152,07.15 KL SDL 2029OCT,7.15,09/Oct/2029,99.8010,7.2217
IN2920190229,07.15 RJ SDL 2029,7.15,09/Oct/2029,99.8010,7.2217
IN1320190136,07.17 BR SDL 2029,7.17,09/Oct/2029,99.8548,7.2217
IN1620190125,07.17 HR SDL 2029,7.17,09/Oct/2029,99.8548,7.2217
IN1820190107,07.17 JK SDL 2029OCT,7.17,09/Oct/2029,99.8548,7.2217
IN2220190069,07.17 MH SDL 2029,7.17,09/Oct/2029,99.8548,7.2217
IN2520190033,07.17 MZ SDL 2029,7.17,09/Oct/2029,99.8548,7.2217
IN2820190071,07.19 PN SDL 2029,7.19,09/Oct/2029,99.9087,7.2217
IN3320190090,07.20 UP SDL 2029,7.2,09/Oct/2029,99.9356,7.2217
IN3620240033,07.05 UK SGS 2029,7.05,09/Oct/2029,99.5316,7.2217
IN1520210122,06.75 GJ SDL 2029,6.75,13/Oct/2029,98.7184,7.2217
IN3120250326,06.58 TN SGS 2029,6.58,15/Oct/2029,98.2558,7.2217
IN2920190237,07.16 RJ SDL 2029,7.16,16/Oct/2029,99.8251,7.2217
IN2220190077,07.17 MH SDL 2029OCT,7.17,16/Oct/2029,99.8522,7.2217
IN1420190101,07.18 GA SDL 2029OCT,7.18,16/Oct/2029,99.8792,7.2217
IN3320190108,07.19 UP SDL 2029,7.19,16/Oct/2029,99.9063,7.2217
IN1320190144,07.20 BR SDL 2029,7.2,16/Oct/2029,99.9334,7.2217
IN1520220139,07.62 GJ SGS 2029,7.62,19/Oct/2029,101.0728,7.2217
IN1020190287,07.20 AP SDL 2029,7.2,23/Oct/2029,99.9314,7.2217
IN1920190080,07.20 KA SDL 2029,7.2,23/Oct/2029,99.9314,7.2217
IN2220190085,07.20 MH SDL 2029,7.2,23/Oct/2029,99.9314,7.2217
IN1220190061,07.23 AS SDL 2029,7.23,23/Oct/2029,100.0131,7.2217
IN1420190119,07.23 GA SDL 2029,7.23,23/Oct/2029,100.0131,7.2217
IN3220190026,07.23 TR SDL 2029,7.23,23/Oct/2029,100.0131,7.2217
IN3320190116,07.23 UP SDL 2029,7.23,23/Oct/2029,100.0131,7.2217
IN1320190151,07.24 BR SDL 2029,7.24,23/Oct/2029,100.0403,7.2217
IN3820190020,07.25 PY SDL 2029,7.25,23/Oct/2029,100.0676,7.2217
IN3120240319,07.00 TN SGS 2029,7,23/Oct/2029,99.3866,7.2217
IN1620220245,07.74 HR SGS 2029,7.74,27/Oct/2029,101.4057,7.2217
IN1220190079,07.23 AS SDL 2029OCT,7.23,30/Oct/2029,100.0117,7.2217
IN2020190160,07.23 KL SDL 2029,7.23,30/Oct/2029,100.0117,7.2217
IN1720190074,07.25 HP SDL 2029,7.25,30/Oct/2029,100.0665,7.2217
IN1020220563,07.75 AP SGS 2029,7.75,02/Nov/2029,101.4378,7.2217
IN1220190087,07.27 AS SDL 2029,7.27,06/Nov/2029,100.1207,7.2217
IN1820190115,07.30 JK SDL 2029,7.3,06/Nov/2029,100.2033,7.2217
IN3120240343,07.02 TN SGS 2029,7.02,06/Nov/2029,99.4328,7.2217
IN2920250262,06.66 RJ SGS 2029,6.66,06/Nov/2029,98.4422,7.2217
IN1520190142,07.24 GJ SDL 2029,7.24,13/Nov/2029,100.0713,7.2095
IN3320190124,07.28 UP SDL 2029,7.28,13/Nov/2029,100.1480,7.2217
IN1220190095,07.30 AS SDL 2029NOV,7.3,13/Nov/2029,100.2033,7.2217
IN3420190115,07.30 WB SDL 2029,7.3,13/Nov/2029,100.2033,7.2217
IN3120210239,06.71 TN SDL 2029,6.71,17/Nov/2029,98.5659,7.2217
IN3120250391,06.55 TN SGS 2029,6.55,19/Nov/2029,98.1186,7.2217
IN1220190103,07.22 AS SDL 2029,7.22,20/Nov/2029,99.9810,7.2217
IN1420190127,07.22 GA SDL 2029,7.22,20/Nov/2029,99.9810,7.2217
IN2920250304,06.56 RJ SGS 2029,6.56,26/Nov/2029,98.1356,7.2217
IN1920190106,07.17 KA SDL 2029,7.17,27/Nov/2029,99.8404,7.2217
IN3120190217,07.17 TN SDL 2029,7.17,27/Nov/2029,99.8404,7.2217
IN2020190178,07.18 KL SDL 2029,7.18,27/Nov/2029,99.8683,7.2217
IN1820190123,07.19 JK SDL 2029,7.19,27/Nov/2029,99.8963,7.2217
IN3320190132,07.19 UP SDL 2029NOV,7.19,27/Nov/2029,99.8963,7.2217
IN3420190131,07.19 WB SDL 2029,7.19,27/Nov/2029,99.8963,7.2217
IN1220190111,07.20 AS SDL 2029,7.2,27/Nov/2029,99.9243,7.2217
IN2620190032,07.20 NL SDL 2029,7.2,27/Nov/2029,99.9243,7.2217
IN3220190034,07.21 TR SDL 2029,7.21,27/Nov/2029,99.9523,7.2217
IN1520240079,07.05 GJ SGS 2029,7.05,27/Nov/2029,99.5047,7.2217
IN1920240109,07.07 KA SGS 2029,7.07,27/Nov/2029,99.5607,7.2217
IN1520230112,07.65 GJ SGS 2029,7.65,29/Nov/2029,101.1847,7.2217
IN1020220597,07.55 AP SGS 2029,7.55,30/Nov/2029,100.9052,7.2217
IN1520200222,06.49 GJ SDL 2029,6.49,02/Dec/2029,97.9300,7.2217
IN1720250118,06.75 HP SGS 2029,6.75,03/Dec/2029,98.6589,7.2217
IN1920190114,07.14 KA SDL 2029,7.14,04/Dec/2029,99.6719,7.2512
IN1620190141,07.17 HR SDL 2029DEC,7.17,04/Dec/2029,99.8390,7.2217
IN2120190060,07.17 MP SDL 2029,7.17,04/Dec/2029,99.8390,7.2217
IN3620190063,07.17 UK SDL 2029,7.17,04/Dec/2029,99.8390,7.2217
IN1220190129,07.18 AS SDL 2029,7.18,04/Dec/2029,99.8671,7.2217
IN2920190294,07.18 RJ SDL 2029,7.18,04/Dec/2029,99.8671,7.2217
IN1820190131,07.20 JK SDL 2029,7.2,04/Dec/2029,99.9234,7.2217
IN2420190042,07.20 ML SDL 2029,7.2,04/Dec/2029,99.9234,7.2217
IN2520190041,07.20 MZ SDL 2029,7.2,04/Dec/2029,99.9234,7.2217
IN1020230620,07.70 AP SGS 2029 06 DEC,7.7,06/Dec/2029,101.3315,7.2217
IN3120210254,06.66 TN SDL 2029,6.66,08/Dec/2029,98.3996,7.2217
IN1220190137,07.26 AS SDL 2029,7.26,11/Dec/2029,100.0923,7.2217
IN1520190159,07.26 GJ SDL 2029,7.26,11/Dec/2029,100.0923,7.2217
IN3320190140,07.26 UP SDL 2029DEC,7.26,11/Dec/2029,100.0923,7.2217
IN2920190302,07.27 RJ SDL 2029,7.27,11/Dec/2029,100.1206,7.2217
IN1420190135,07.29 GA SDL 2029,7.29,11/Dec/2029,100.1772,7.2217
IN2720170082,07.80 OD SDL 2029,7.8,13/Dec/2029,101.6216,7.2217
IN1620220310,07.51 HR SGS 2029,7.51,14/Dec/2029,100.8010,7.2217
IN3120250482,06.77 TN SGS 2029,6.77,17/Dec/2029,98.7008,7.2217
IN1520190167,07.28 GJ SDL 2029,7.28,18/Dec/2029,100.1496,7.2217
IN1420190143,07.29 GA SDL 2029DEC,7.29,18/Dec/2029,100.1780,7.2217
IN2420190059,07.29 ML SDL 2029,7.29,18/Dec/2029,100.1780,7.2217
IN2620190040,07.29 NL SDL 2029,7.29,18/Dec/2029,100.1780,7.2217
IN3620190071,07.29 UK SDL 2029,7.29,18/Dec/2029,100.1780,7.2217
IN3320190157,07.29 UP SDL 2029,7.29,18/Dec/2029,100.1780,7.2217
IN3420190156,07.29 WB SDL 2029,7.29,18/Dec/2029,100.1780,7.2217
IN3820180047,08.19 PY SDL 2029,8.19,19/Dec/2029,102.7385,7.2217
IN1920190130,07.14 KA SDL 2029DEC,7.14,24/Dec/2029,99.7506,7.2217
IN2220190093,07.14 MH SDL 2029,7.14,24/Dec/2029,99.7506,7.2217
IN3320190165,07.16 UP SDL 2029,7.16,24/Dec/2029,99.8077,7.2217
IN3120240459,07.03 TN SGS 2029 26 DEC,7.03,26/Dec/2029,99.4357,7.2217
IN3120250557,06.86 TN SGS 2029,6.86,31/Dec/2029,98.9464,7.2217
IN2920250353,06.90 RJ SGS 2029,6.9,31/Dec/2029,99.0612,7.2217
IN1420190150,07.14 GA SDL 2030,7.14,01/Jan/2030,99.5643,7.2863
IN2920190328,07.15 RJ SDL 2030,7.15,01/Jan/2030,99.5930,7.2863
IN1520190175,07.18 GJ SDL 2030,7.18,01/Jan/2030,99.6790,7.2863
IN2120190086,07.18 MP SDL 2030,7.18,01/Jan/2030,99.6960,7.2804
IN1520200248,06.45 GJ SDL 2030 06 JAN,6.45,06/Jan/2030,97.5769,7.2863
IN3120250573,06.92 TN SGS 2030,6.92,07/Jan/2030,98.9290,7.2863
IN2120250310,06.95 MP SGS 2030,6.95,07/Jan/2030,99.0154,7.2863
IN1920190148,07.16 KA SDL 2030,7.16,08/Jan/2030,99.6201,7.2863
IN1320190169,07.17 BR SDL 2030,7.17,08/Jan/2030,99.6489,7.2863
IN3520190049,07.17 CG SDL 2030,7.17,08/Jan/2030,99.6489,7.2863
IN1520190183,07.17 GJ SDL 2030,7.17,08/Jan/2030,99.6489,7.2863
IN1720190082,07.17 HP SDL 2030,7.17,08/Jan/2030,99.6489,7.2863
IN1620190158,07.17 HR SDL 2030,7.17,08/Jan/2030,99.6489,7.2863
IN2820190105,07.17 PN SDL 2030,7.17,08/Jan/2030,99.6489,7.2863
IN2920190336,07.17 RJ SDL 2030,7.17,08/Jan/2030,99.6489,7.2863
IN3320190173,07.18 UP SDL 2030,7.18,08/Jan/2030,99.6762,7.2869
IN1220190152,07.22 AS SDL 2030,7.22,08/Jan/2030,99.7931,7.2863
IN3120210296,07.04 TN SDL 2030,7.04,12/Jan/2030,99.2724,7.2863
IN3320190181,07.22 UP SDL 2030,7.22,15/Jan/2030,99.7926,7.2863
IN3420190172,07.23 WB SDL 2030,7.23,15/Jan/2030,99.8216,7.2863
IN2220190101,07.27 MH SDL 2030,7.27,15/Jan/2030,100.0521,7.2469
IN2920190344,07.27 RJ SDL 2030,7.27,15/Jan/2030,99.9375,7.2863
IN1820190149,07.28 JK SDL 2030,7.28,15/Jan/2030,99.9665,7.2863
IN2020190186,07.28 KL SDL 2030,7.28,15/Jan/2030,99.9665,7.2863
IN3020190036,07.28 SK SDL 2030,7.28,15/Jan/2030,99.9665,7.2863
IN1020190410,07.29 AP SDL 2030,7.29,15/Jan/2030,99.9955,7.2863
IN1320190177,07.29 BR SDL 2030,7.29,15/Jan/2030,99.9955,7.2863
IN2120190102,07.29 MP SDL 2030,7.29,15/Jan/2030,99.9955,7.2863
IN4520220331,07.55 TS SGS 2030,7.55,18/Jan/2030,100.7509,7.2863
IN1520190191,07.17 GJ SDL 2030JAN,7.17,22/Jan/2030,99.6468,7.2863
IN1220190160,07.18 AS SDL 2030,7.18,22/Jan/2030,99.6759,7.2863
IN1320190185,07.18 BR SDL 2030,7.18,22/Jan/2030,99.6759,7.2863
IN2020190194,07.16 KL SDL 2030,7.16,29/Jan/2030,99.6167,7.2863
IN1320190193,07.17 BR SDL 2030JAN,7.17,29/Jan/2030,99.6460,7.2863
IN1920190155,07.17 KA SDL 2030,7.17,29/Jan/2030,99.6460,7.2863
IN3220190042,07.17 TR SDL 2030,7.17,29/Jan/2030,99.6460,7.2863
IN3520190056,07.18 CG SDL 2030,7.18,29/Jan/2030,99.6753,7.2863
IN2920190369,07.18 RJ SDL 2030,7.18,29/Jan/2030,99.6753,7.2863
IN3320190199,07.18 UP SDL 2030JAN,7.18,29/Jan/2030,99.6753,7.2863
IN1220190178,07.24 AS SDL 2030,7.24,29/Jan/2030,99.8509,7.2863
IN1620220393,07.65 HR SGS 2030,7.65,01/Feb/2030,101.0534,7.2863
IN2220250426,06.90 MH SGS 2030,6.9,04/Feb/2030,98.9674,7.2469
IN2120190110,07.09 MP SDL 2030,7.09,05/Feb/2030,99.4102,7.2863
IN1520190209,07.10 GJ SDL 2030,7.1,05/Feb/2030,99.4396,7.2863
IN1820190156,07.10 JK SDL 2030,7.1,05/Feb/2030,99.4396,7.2863
IN1220190186,07.11 AS SDL 2030,7.11,05/Feb/2030,99.4690,7.2863
IN1720190124,07.11 HP SDL 2030,7.11,05/Feb/2030,99.4690,7.2863
IN2520190058,07.11 MZ SDL 2030,7.11,05/Feb/2030,99.4690,7.2863
IN3620190089,07.11 UK SDL 2030,7.11,05/Feb/2030,99.4690,7.2863
IN1320190201,07.14 BR SDL 2030,7.14,05/Feb/2030,99.5572,7.2863
IN2920190385,07.14 RJ SDL 2030,7.14,05/Feb/2030,99.5572,7.2863
IN3320190207,07.14 UP SDL 2030,7.14,05/Feb/2030,99.5572,7.2863
IN2820190121,07.17 PN SDL 2030FEB,7.17,05/Feb/2030,99.6455,7.2863
IN2720240034,07.00 OD SGS 2030,7,05/Feb/2030,99.1455,7.2863
IN3720220042,07.63 JH SGS 2030,7.63,08/Feb/2030,101.0012,7.2863
IN3120210320,07.04 TN SDL 2030 09 FEB,7.04,09/Feb/2030,99.2617,7.2863
IN1320190219,07.02 BR SDL 2030,7.02,12/Feb/2030,99.2016,7.2863
IN2020190202,07.03 KL SDL 2030,7.03,12/Feb/2030,99.2311,7.2863
IN2620190057,07.03 NL SDL 2030,7.03,12/Feb/2030,99.2311,7.2863
IN2920190393,07.03 RJ SDL 2030,7.03,12/Feb/2030,99.2311,7.2863
IN3620190097,07.04 UK SDL 2030,7.04,12/Feb/2030,99.2607,7.2863
IN3320190215,07.09 UP SDL 2030,7.09,12/Feb/2030,99.4085,7.2863
IN3420190198,07.10 WB SDL 2030,7.1,12/Feb/2030,99.4381,7.2863
IN3520230159,07.44 CG SGS 2030,7.44,14/Feb/2030,100.4443,7.2863
IN1520220238,07.68 GJ SGS 2030,7.68,15/Feb/2030,101.1560,7.2863
IN1220190194,06.90 AS SDL 2030,6.9,18/Feb/2030,98.8431,7.2863
IN1420190168,06.90 GA SDL 2030,6.9,18/Feb/2030,98.8431,7.2863
IN1920190171,06.90 KA SDL 2030,6.9,18/Feb/2030,98.8431,7.2863
IN2320190043,06.90 MN SDL 2030,6.9,18/Feb/2030,98.8431,7.2863
IN3620190105,06.90 UK SDL 2030,6.9,18/Feb/2030,98.8431,7.2863
IN3320190223,06.91 UP SDL 2030,6.91,18/Feb/2030,98.8728,7.2863
IN3820170071,08.22 PY SDL 2030,8.22,21/Feb/2030,102.7694,7.2863
IN3520230191,07.47 CG SGS 2030 21 FEB,7.47,21/Feb/2030,100.5375,7.2863
IN1520220246,07.66 GJ SGS 2030,7.66,22/Feb/2030,101.1040,7.2863
IN1020220662,07.70 AP SGS 2030,7.7,22/Feb/2030,101.2231,7.2863
IN3120210346,07.02 TN SDL 2030,7.02,23/Feb/2030,99.1977,7.2863
IN2220250467,06.77 MH SGS 2030,6.77,25/Feb/2030,98.4509,7.2863
IN2620250042,06.89 NL SGS 2030,6.89,25/Feb/2030,98.8091,7.2863
IN1920190197,06.97 KA SDL 2030,6.97,26/Feb/2030,99.0474,7.2863
IN2920190401,06.97 RJ SDL 2030,6.97,26/Feb/2030,99.0474,7.2863
IN2120190128,06.98 MP SDL 2030,6.98,26/Feb/2030,99.0757,7.2869
IN3220190059,06.98 TR SDL 2030,6.98,26/Feb/2030,99.0773,7.2863
IN1120190039,06.99 AR SDL 2030,6.99,26/Feb/2030,99.1072,7.2863
IN1420190176,06.99 GA SDL 2030,6.99,26/Feb/2030,99.1072,7.2863
IN2320190050,06.99 MN SDL 2030,6.99,26/Feb/2030,99.1072,7.2863
IN1020190493,07.02 AP SDL 2030,7.02,26/Feb/2030,99.1968,7.2863
IN1220190202,07.02 AS SDL 2030,7.02,26/Feb/2030,99.1968,7.2863
IN3320190231,07.03 UP SDL 2030,7.03,26/Feb/2030,99.2266,7.2863
IN2420190067,07.04 ML SDL 2030,7.04,26/Feb/2030,99.2565,7.2863
IN3720190039,07.05 JH SDL 2030,7.05,26/Feb/2030,99.2864,7.2863
IN1520240251,06.98 GJ SGS 2030,6.98,27/Feb/2030,99.0769,7.2863
IN3120210361,07.03 TN SDL 2030,7.03,02/Mar/2030,99.2249,7.2863
IN2120190144,07.04 MP SDL 2030,7.04,04/Mar/2030,99.2544,7.2863
IN2920190427,07.04 RJ SDL 2030,7.04,04/Mar/2030,99.2544,7.2863
IN3320190249,07.04 UP SDL 2030,7.04,04/Mar/2030,99.2528,7.2869
IN1220190210,07.05 AS SDL 2030,7.05,04/Mar/2030,99.2845,7.2863
IN2020190210,07.05 KL SDL 2030,7.05,04/Mar/2030,99.2845,7.2863
IN2320190068,07.05 MN SDL 2030,7.05,04/Mar/2030,99.2845,7.2863
IN2620190065,07.05 NL SDL 2030,7.05,04/Mar/2030,99.2845,7.2863
IN3420190214,07.05 WB SDL 2030,7.05,04/Mar/2030,99.2845,7.2863
IN1020190501,07.06 AP SDL 2030,7.06,04/Mar/2030,99.3145,7.2863
IN3620190113,07.06 UK SDL 2030,7.06,04/Mar/2030,99.3145,7.2863
IN1820190164,07.07 JK SDL 2030,7.07,04/Mar/2030,99.3445,7.2863
IN3520190064,07.08 CG SDL 2030,7.08,04/Mar/2030,99.3746,7.2863
IN1520240269,07.06 GJ SGS 2030,7.06,05/Mar/2030,99.3143,7.2863
IN3120240608,07.08 TN SGS 2030,7.08,05/Mar/2030,99.3744,7.2863
IN3120210395,07.12 TN SDL 2030,7.12,09/Mar/2030,99.4945,7.2863
IN2020190228,06.84 KL SDL 2030,6.84,11/Mar/2030,98.6490,7.2863
IN2920190443,06.84 RJ SDL 2030,6.84,11/Mar/2030,98.6490,7.2863
IN3620190121,06.88 UK SDL 2030,6.88,11/Mar/2030,98.7697,7.2863
IN3320190256,06.90 UP SDL 2030,6.9,11/Mar/2030,98.8301,7.2863
IN1420190184,06.94 GA SDL 2030,6.94,11/Mar/2030,98.9509,7.2863
IN1220190228,06.95 AS SDL 2030,6.95,11/Mar/2030,98.9811,7.2863
IN2320190076,06.95 MN SDL 2030,6.95,11/Mar/2030,98.9811,7.2863
IN3020190044,06.95 SK SDL 2030,6.95,11/Mar/2030,98.9811,7.2863
IN3720190047,06.99 JH SDL 2030,6.99,11/Mar/2030,99.1019,7.2863
IN1620250374,06.79 HR SGS 2030,6.79,11/Mar/2030,98.4980,7.2863
IN3120210437,07.09 TN SDL 2030,7.09,16/Mar/2030,99.4033,7.2863
IN1520190217,07.04 GJ SDL 2030,7.04,18/Mar/2030,99.2514,7.2863
IN2920190450,07.08 RJ SDL 2030,7.08,18/Mar/2030,99.3728,7.2863
IN1920190213,07.09 KA SDL 2030,7.09,18/Mar/2030,99.4031,7.2863
IN3620190139,07.10 UK SDL 2030,7.1,18/Mar/2030,99.4335,7.2863
IN3320190264,07.10 UP SDL 2030,7.1,18/Mar/2030,99.4335,7.2863
IN3520190072,07.11 CG SDL 2030,7.11,18/Mar/2030,99.4638,7.2863
IN2120190185,07.11 MP SDL 2030,7.11,18/Mar/2030,99.4638,7.2863
IN1420190192,07.15 GA SDL 2030,7.15,18/Mar/2030,99.5852,7.2863
IN1120190047,07.20 AR SDL 2030,7.2,18/Mar/2030,99.7369,7.2863
IN1220190236,07.20 AS SDL 2030,7.2,18/Mar/2030,99.7369,7.2863
IN2420190075,07.20 ML SDL 2030,7.2,18/Mar/2030,99.7369,7.2863
IN2520190066,07.20 MZ SDL 2030,7.2,18/Mar/2030,99.7369,7.2863
IN3420190230,07.20 WB SDL 2030,7.2,18/Mar/2030,99.7549,7.2804
IN2220250525,06.83 MH SGS 2030,6.83,18/Mar/2030,98.6142,7.2863
IN2620250059,06.99 NL SGS 2030,6.99,18/Mar/2030,99.0997,7.2863
IN3120240707,07.04 TN SGS 2030,7.04,19/Mar/2030,99.2512,7.2863
IN4520230488,07.44 TS SGS 2030,7.44,20/Mar/2030,100.4666,7.2863
IN3120210460,07.13 TN SDL 2030,7.13,23/Mar/2030,99.5232,7.2863
IN1020220738,07.70 AP SGS 2030 23 MAR,7.7,23/Mar/2030,101.2589,7.2863
IN1520190225,07.45 GJ SDL 2030,7.45,24/Mar/2030,100.4976,7.2863
IN2920190468,07.45 RJ SDL 2030,7.45,24/Mar/2030,100.4976,7.2863
IN3620190147,07.45 UK SDL 2030,7.45,24/Mar/2030,100.4976,7.2863
IN1220190244,07.50 AS SDL 2030,7.5,24/Mar/2030,100.6500,7.2863
IN1420190200,07.50 GA SDL 2030,7.5,24/Mar/2030,100.6500,7.2863
IN2520190074,07.50 MZ SDL 2030,7.5,24/Mar/2030,100.6500,7.2863
IN3220190067,07.50 TR SDL 2030,7.5,24/Mar/2030,100.6500,7.2863
IN3520190080,07.59 CG SDL 2030,7.59,24/Mar/2030,100.9242,7.2863
IN1620190208,07.80 HR SDL 2030,7.8,24/Mar/2030,101.5642,7.2863
IN3320190272,07.93 UP SDL 2030,7.93,24/Mar/2030,101.9603,7.2863
IN4520190179,07.99 TS SDL 2030,7.99,24/Mar/2030,102.1431,7.2863
IN1820190172,07.95 JK SDL 2030,7.95,26/Mar/2030,102.0233,7.2863
IN3120210502,07.17 TN SDL 2030,7.17,30/Mar/2030,99.6409,7.2863
IN1720190181,07.30 HP SDL 2030,7.3,31/Mar/2030,100.0387,7.2863
IN2920190476,07.30 RJ SDL 2030,7.3,31/Mar/2030,100.0387,7.2863
IN3320190280,07.30 UP SDL 2030,7.3,31/Mar/2030,100.0387,7.2863
IN3520190098,07.35 CG SDL 2030,7.35,31/Mar/2030,100.1917,7.2863
IN3820190087,07.35 PY SDL 2030,7.35,31/Mar/2030,100.1917,7.2863
IN4520190211,07.35 TS SDL 2030,7.35,31/Mar/2030,100.1917,7.2863
IN3620190154,07.35 UK SDL 2030,7.35,31/Mar/2030,100.1917,7.2863
IN3420190255,07.35 WB SDL 2030,7.35,31/Mar/2030,100.1917,7.2863
IN1520200354,06.90 GJ SDL 2030,6.9,31/Mar/2030,98.8148,7.2863
IN1020240017,07.39 AP SGS 2030,7.39,03/Apr/2030,100.3137,7.2863
IN3120200016,07.75 TN SDL 2030,7.75,08/Apr/2030,101.4207,7.2863
IN1920200012,07.80 KA SDL 2030,7.8,08/Apr/2030,101.5746,7.2863
IN2220200017,07.83 MH SDL 2030,7.83,08/Apr/2030,101.6668,7.2863
IN3620200011,07.85 UK SDL 2030,7.85,08/Apr/2030,101.7284,7.2863
IN1420200017,07.88 GA SDL 2030,7.88,08/Apr/2030,101.8207,7.2863
IN2020200019,07.91 KL SDL 2030,7.91,08/Apr/2030,101.9129,7.2863
IN1120200010,08.00 AR SDL 2030,8,08/Apr/2030,102.1898,7.2863
IN1220200019,08.00 AS SDL 2030,8,08/Apr/2030,102.1898,7.2863
IN1620200015,08.00 HR SDL 2030,8,08/Apr/2030,102.1898,7.2863
IN2320200016,08.00 MN SDL 2030,8,08/Apr/2030,102.1898,7.2863
IN2620200013,08.00 NL SDL 2030,8,08/Apr/2030,102.1898,7.2863
IN4920200024,08.15 JK SDL 2030,8.15,08/Apr/2030,102.6513,7.2863
IN2220220023,07.18 MH SDL 2030,7.18,08/Apr/2030,99.6673,7.2863
IN2220230022,07.49 MH SGS 2030,7.49,12/Apr/2030,100.6215,7.2863
IN2220200025,07.60 MH SDL 2030,7.6,15/Apr/2030,100.9619,7.2863
IN1120200028,07.64 AR SDL 2030,7.64,15/Apr/2030,101.0855,7.2863
IN1420200025,07.64 GA SDL 2030,7.64,15/Apr/2030,101.0855,7.2863
IN4520200028,07.65 TS SDL 2030,7.65,15/Apr/2030,101.1164,7.2863
IN3320200014,07.65 UP SDL 2030,7.65,15/Apr/2030,101.1164,7.2863
IN2220190010,08.15 MH SDL 2030,8.15,16/Apr/2030,102.6634,7.2863
IN1620230012,07.50 HR SGS 2030,7.5,19/Apr/2030,100.6536,7.2863
IN3320200022,07.00 UP SDL 2030,7,22/Apr/2030,99.1015,7.2863
IN2520200014,07.04 MZ SDL 2030,7.04,22/Apr/2030,99.2257,7.2863
IN3020200017,07.14 SK SDL 2030,7.14,22/Apr/2030,99.5362,7.2863
IN2020180021,08.32 KL SDL 2030,8.32,25/Apr/2030,103.2063,7.2863
IN1520230013,07.38 GJ SGS 2030,7.38,26/Apr/2030,100.2814,7.2863
IN1020230042,07.41 AP SGS 2030,7.41,26/Apr/2030,100.3748,7.2863
IN1720200089,06.51 HP SDL 2030,6.51,28/Apr/2030,97.5688,7.2863
IN3420200013,06.85 WB SDL 2030,6.85,29/Apr/2030,98.6278,7.2863
IN3320200030,06.86 UP SDL 2030,6.86,29/Apr/2030,98.6590,7.2863
IN1620220021,07.27 HR SDL 2030,7.27,04/May/2030,99.9370,7.2863
IN2120200075,06.69 MP SDL 2030,6.69,06/May/2030,98.1185,7.2863
IN3320200048,06.69 UP SDL 2030,6.69,06/May/2030,98.1185,7.2863
IN2920200044,06.71 RJ SDL 2030,6.71,06/May/2030,98.1812,7.2863
IN4920200032,06.79 JK SDL 2030,6.79,06/May/2030,98.4320,7.2863
IN2220220049,07.63 MH SDL 2030,7.63,11/May/2030,101.0676,7.2863
IN1420200033,06.72 GA SDL 2030,6.72,13/May/2030,98.2031,7.2863
IN2820200060,06.72 PN SDL 2030,6.72,13/May/2030,98.2031,7.2863
IN2120200083,06.73 MP SDL 2030,6.73,13/May/2030,98.2346,7.2863
IN3120200065,06.73 TN SDL 2030,6.73,13/May/2030,98.2346,7.2863
IN2920200051,06.78 RJ SDL 2030,6.78,13/May/2030,98.3921,7.2863
IN2320200024,06.80 MN SDL 2030,6.8,13/May/2030,98.4551,7.2863
IN3420200021,06.85 WB SDL 2030MAY,6.85,13/May/2030,98.6125,7.2863
IN1020220118,07.63 AP SDL 2030,7.63,18/May/2030,101.0716,7.2863
IN2020200092,06.63 KL SDL 2030,6.63,20/May/2030,97.9092,7.2863
IN1020170024,07.51 AP SDL 2030,7.51,24/May/2030,100.6946,7.2863
IN2220230048,07.26 MH SGS 2030,7.26,24/May/2030,99.9016,7.2863
IN1720200105,06.60 HP SDL 2030,6.6,25/May/2030,97.8066,7.2863
IN2220220056,07.62 MH SDL 2030,7.62,25/May/2030,101.0441,7.2863
IN1520200040,06.47 GJ SDL 2030,6.47,27/May/2030,97.3904,7.2863
IN1920200038,06.49 KA SDL 2030,6.49,27/May/2030,97.4539,7.2863
IN2920200085,06.49 RJ SDL 2030,6.49,27/May/2030,97.4539,7.2863
IN3420200039,06.50 WB SDL 2030,6.5,27/May/2030,97.4857,7.2863
IN2220200033,06.54 MH SDL 2030,6.54,27/May/2030,97.6128,7.2863
IN1420200058,06.60 GA SDL 2030,6.6,27/May/2030,97.8035,7.2863
IN1220250055,06.22 AS SGS 2030,6.22,28/May/2030,96.5935,7.2863
IN2020200118,06.55 KL SDL 2030,6.55,03/Jun/2030,97.6349,7.2863
IN1020200169,06.58 AP SDL 2030,6.58,03/Jun/2030,97.7306,7.2863
IN1920200053,06.58 KA SDL 2030,6.58,03/Jun/2030,97.7306,7.2863
IN2920200119,06.58 RJ SDL 2030,6.58,03/Jun/2030,97.7306,7.2863
IN4920200040,06.62 JK SDL 2030,6.62,03/Jun/2030,97.8583,7.2863
IN2120200091,06.64 MP SDL 2030,6.64,03/Jun/2030,97.9221,7.2863
IN2820200078,06.70 PN SDL 2030,6.7,03/Jun/2030,98.1135,7.2863
IN2920260071,07.37 RJ SGS 2030,7.37,03/Jun/2030,100.2513,7.2863
IN2220190028,07.59 MH SDL 2030,7.59,04/Jun/2030,100.9538,7.2863
IN3520230019,07.29 CG SGS 2030,7.29,07/Jun/2030,99.9958,7.2863
IN2220220080,07.86 MH SDL 2030,7.86,08/Jun/2030,101.8204,7.2863
IN1520210015,06.72 GJ SDL 2030,6.72,09/Jun/2030,98.1699,7.2863
IN2120200109,06.57 MP SDL 2030,6.57,10/Jun/2030,97.6879,7.2863
IN2920200135,06.57 RJ SDL 2030,6.57,10/Jun/2030,97.6879,7.2863
IN2520200022,06.60 MZ SDL 2030,6.6,10/Jun/2030,97.7840,7.2863
IN3120200115,06.60 TN SDL 2030,6.6,10/Jun/2030,97.7840,7.2863
IN3420200047,06.65 WB SDL 2030,6.65,10/Jun/2030,97.9443,7.2863
IN3620240025,07.39 UK SGS 2030,7.39,12/Jun/2030,100.3165,7.2863
IN3820240015,07.40 PY SGS 2030,7.4,12/Jun/2030,100.3486,7.2863
IN1020200201,06.54 AP SDL 2030,6.54,17/Jun/2030,97.5806,7.2863
IN1420200066,06.54 GA SDL 2030,6.54,17/Jun/2030,97.5806,7.2863
IN2920200150,06.54 RJ SDL 2030,6.54,17/Jun/2030,97.5806,7.2863
IN3120200149,06.55 TN SDL 2030,6.55,17/Jun/2030,97.6128,7.2863
IN2320200032,06.56 MN SDL 2030,6.56,17/Jun/2030,97.6450,7.2863
IN1720200113,06.57 HP SDL 2030,6.57,23/Jun/2030,97.6682,7.2863
IN1420200074,06.58 GA SDL 2030,6.58,24/Jun/2030,97.6991,7.2863
IN2920200168,06.59 RJ SDL 2030,6.59,24/Jun/2030,97.7314,7.2863
IN4520200101,06.60 TS SDL 2030,6.6,24/Jun/2030,97.7638,7.2863
IN1020190113,07.31 AP SDL 2030,7.31,26/Jun/2030,100.0604,7.2863
IN1520230054,07.38 GJ SGS 2030 28 JUN,7.38,28/Jun/2030,100.2875,7.2863
IN3520230027,07.40 CG SGS 2030,7.4,28/Jun/2030,100.3524,7.2863
IN3820210059,06.96 PY SDL 2030,6.96,29/Jun/2030,98.9249,7.2863
IN1520200073,06.54 GJ SDL 2030,6.54,01/Jul/2030,97.5590,7.2863
IN2920200184,06.55 RJ SDL 2030,6.55,01/Jul/2030,97.5915,7.2863
IN3420200054,06.55 WB SDL 2030,6.55,01/Jul/2030,97.5915,7.2863
IN1020200219,06.57 AP SDL 2030,6.57,01/Jul/2030,97.6565,7.2863
IN2820260064,07.02 PN SGS 2030,7.02,01/Jul/2030,98.8112,7.3815
IN2220190036,07.39 MH SDL 2030,7.39,03/Jul/2030,100.3212,7.2863
IN1720220012,07.76 HP SDL 2030,7.76,06/Jul/2030,101.5281,7.2863
IN1520210049,06.91 GJ SDL 2030,6.91,07/Jul/2030,98.7568,7.2863
IN1020200227,06.50 AP SDL 2030,6.5,08/Jul/2030,97.4179,7.2863
IN3320200055,06.50 UP SDL 2030,6.5,08/Jul/2030,97.4179,7.2863
IN2420200015,06.52 ML SDL 2030,6.52,08/Jul/2030,97.4832,7.2863
IN2620200021,06.52 NL SDL 2030,6.52,08/Jul/2030,97.4832,7.2863
IN1220200027,06.55 AS SDL 2030,6.55,08/Jul/2030,97.5811,7.2863
IN4920200057,06.58 JK SDL 2030,6.58,08/Jul/2030,97.6790,7.2863
IN1020190139,07.13 AP SDL 2030,7.13,10/Jul/2030,99.4735,7.2863
IN1420200082,06.41 GA SDL 2030,6.41,15/Jul/2030,97.1120,7.2863
IN3120200214,06.41 TN SDL 2030,6.41,15/Jul/2030,97.1120,7.2863
IN2320200040,06.42 MN SDL 2030,6.42,15/Jul/2030,97.1447,7.2863
IN1620190042,06.90 HR SDL 2030,6.9,17/Jul/2030,98.7169,7.2863
IN1320230015,07.37 BR SGS 2030,7.37,19/Jul/2030,100.2603,7.2863
IN3120200222,06.33 TN SDL 2030,6.33,22/Jul/2030,96.8365,7.2863
IN1320230023,07.40 BR SGS 2030,7.4,26/Jul/2030,100.3614,7.2863
IN3420210079,06.99 WB SDL 2030,6.99,28/Jul/2030,99.0069,7.2863
IN1920200103,06.40 KA SDL 2030,6.4,29/Jul/2030,97.0550,7.2863
IN3320200063,06.44 UP SDL 2030,6.44,29/Jul/2030,97.1873,7.2863
IN3420200070,06.46 WB SDL 2030,6.46,29/Jul/2030,97.2534,7.2863
IN1420200090,06.50 GA SDL 2030,6.5,29/Jul/2030,97.3857,7.2863
IN2720250033,06.49 OD SGS 2030,6.49,30/Jul/2030,97.3512,7.2863
IN3120240178,07.24 TN SGS 2030,7.24,31/Jul/2030,99.8334,7.2863
IN4520230165,07.45 TS SGS 2030 02 AUG,7.45,02/Aug/2030,100.5295,7.2863
IN1520200107,06.40 GJ SDL 2030,6.4,05/Aug/2030,97.0449,7.2863
IN2820200094,06.42 PN SDL 2030,6.42,05/Aug/2030,97.1307,7.2804
IN2320200057,06.45 MN SDL 2030,6.45,05/Aug/2030,97.2109,7.2863
IN4920200065,06.46 JK SDL 2030,6.46,05/Aug/2030,97.2441,7.2863
IN2720260024,06.94 OD SGS 2030,6.94,05/Aug/2030,98.8377,7.2863
IN1020190162,07.25 AP SDL 2030,7.25,07/Aug/2030,99.8672,7.2863
IN2020180070,08.48 KL SDL 2030,8.48,08/Aug/2030,103.9588,7.2863
IN2920200317,06.46 RJ SDL 2030,6.46,12/Aug/2030,97.2333,7.2863
IN1920200137,06.48 KA SDL 2030,6.48,12/Aug/2030,97.3000,7.2863
IN1620210097,06.92 HR SDL 2030,6.92,18/Aug/2030,98.7640,7.2863
IN1420200108,06.50 GA SDL 2030AUG,6.5,19/Aug/2030,97.3567,7.2863
IN1920200152,06.50 KA SDL 2030,6.5,19/Aug/2030,97.3567,7.2863
IN2920200325,06.50 RJ SDL 2030,6.5,19/Aug/2030,97.3567,7.2863
IN3120200255,06.50 TN SDL 2030,6.5,19/Aug/2030,97.3567,7.2863
IN3120180093,08.46 TN SDL 2030,8.46,21/Aug/2030,103.9270,7.2863
IN1920200178,06.63 KA SDL 2030,6.63,26/Aug/2030,97.7842,7.2863
IN2920200341,06.64 RJ SDL 2030,6.64,26/Aug/2030,97.8179,7.2863
IN1520200123,06.65 GJ SDL 2030,6.65,26/Aug/2030,97.8515,7.2863
IN3120200289,06.66 TN SDL 2030,6.66,26/Aug/2030,97.8852,7.2863
IN3320200071,06.67 UP SDL 2030,6.67,26/Aug/2030,97.9188,7.2863
IN1420200116,06.68 GA SDL 2030,6.68,26/Aug/2030,97.9524,7.2863
IN3420200096,06.68 WB SDL 2030,6.68,26/Aug/2030,97.9524,7.2863
IN2820180098,08.56 PN SDL 2030,8.56,29/Aug/2030,104.2858,7.2863
IN1620220195,07.53 HR SGS 2030,7.53,30/Aug/2030,100.8150,7.2863
IN1920200194,06.40 KA SDL 2030SEP,6.4,02/Sep/2030,97.0010,7.2863
IN3620200029,06.43 UK SDL 2030,6.43,02/Sep/2030,97.1023,7.2863
IN1520200131,06.45 GJ SDL 2030,6.45,02/Sep/2030,97.1698,7.2863
IN2420200023,06.45 ML SDL 2030,6.45,02/Sep/2030,97.1698,7.2863
IN2920200358,06.46 RJ SDL 2030SEP,6.46,02/Sep/2030,97.2036,7.2863
IN1220200035,06.55 AS SDL 2030SEP,6.55,02/Sep/2030,97.5075,7.2863
IN4520220141,07.45 TS SGS 2030,7.45,07/Sep/2030,100.5497,7.2863
IN1320210066,06.85 BR SDL 2030,6.85,08/Sep/2030,98.5168,7.2863
IN1920200210,06.56 KA SDL 2030,6.56,09/Sep/2030,97.5327,7.2863
IN1420200124,06.60 GA SDL 2030SEP,6.6,09/Sep/2030,97.6683,7.2863
IN2920200366,06.60 RJ SDL 2030,6.6,09/Sep/2030,97.6683,7.2863
IN3320200089,06.64 UP SDL 2030,6.64,09/Sep/2030,97.8040,7.2863
IN1620200098,06.70 HR SDL 2030,6.7,09/Sep/2030,98.0075,7.2863
IN4920200073,06.70 JK SDL 2030,6.7,09/Sep/2030,98.0075,7.2863
IN1320250096,07.02 BR SGS 2030,7.02,10/Sep/2030,99.0925,7.2863
IN1020180254,08.79 AP SDL 2030,8.79,12/Sep/2030,105.1058,7.2863
IN3120240657,07.09 TN SGS 2030,7.09,12/Sep/2030,99.3298,7.2863
IN2720240158,07.17 OD SGS 2030,7.17,12/Sep/2030,99.6016,7.2863
IN1920200236,06.65 KA SDL 2030,6.65,16/Sep/2030,97.8308,7.2863
IN2920200374,06.67 RJ SDL 2030,6.67,16/Sep/2030,97.8990,7.2863
IN3620200037,06.67 UK SDL 2030,6.67,16/Sep/2030,97.8990,7.2863
IN3320200097,06.68 UP SDL 2030,6.68,16/Sep/2030,97.9330,7.2863
IN2420200031,06.70 ML SDL 2030,6.7,16/Sep/2030,98.0011,7.2863
IN2620200039,06.70 NL SDL 2030,6.7,16/Sep/2030,98.0011,7.2863
IN3220200015,06.70 TR SDL 2030,6.7,16/Sep/2030,98.0011,7.2863
IN2620250026,07.14 NL SGS 2030,7.14,17/Sep/2030,99.4998,7.2863
IN4520230256,07.46 TS SGS 2030,7.46,22/Sep/2030,100.5933,7.2863
IN3520230043,07.47 CG SGS 2030,7.47,22/Sep/2030,100.6275,7.2863
IN3120200297,06.69 TN SDL 2030,6.69,23/Sep/2030,97.9595,7.2863
IN1520200156,06.70 GJ SDL 2030,6.7,23/Sep/2030,97.9937,7.2863
IN1920200251,06.70 KA SDL 2030,6.7,23/Sep/2030,97.9937,7.2863
IN2920200382,06.72 RJ SDL 2030,6.72,23/Sep/2030,98.0621,7.2863
IN3020200025,06.73 SK SDL 2030,6.73,23/Sep/2030,98.0963,7.2863
IN1420200132,06.74 GA SDL 2030,6.74,23/Sep/2030,98.1305,7.2863
IN3320200105,06.74 UP SDL 2030,6.74,23/Sep/2030,98.1305,7.2863
IN1220200050,06.80 AS SDL 2030,6.8,23/Sep/2030,98.3357,7.2863
IN1020190238,07.27 AP SDL 2030,7.27,25/Sep/2030,99.9426,7.2863
IN3520240026,07.03 CG SGS 2030,7.03,25/Sep/2030,99.1207,7.2863
IN3820180013,08.73 PY SDL 2030,8.73,26/Sep/2030,104.9450,7.2863
IN1920240315,06.96 KA SGS 2030,6.96,26/Sep/2030,98.8800,7.2863
IN1220240221,07.02 AS SGS 2030,7.02,26/Sep/2030,99.0856,7.2863
IN3520230050,07.49 CG SGS 2030,7.49,27/Sep/2030,100.6961,7.2863
IN2220220106,07.62 MH SGS 2030,7.62,28/Sep/2030,101.1422,7.2863
IN1520200164,06.83 GJ SDL 2030,6.83,30/Sep/2030,98.4296,7.2863
IN1920200277,06.85 KA SDL 2030,6.85,30/Sep/2030,98.4983,7.2863
IN2920200408,06.85 RJ SDL 2030,6.85,30/Sep/2030,98.4983,7.2863
IN1420200140,06.89 GA SDL 2030,6.89,30/Sep/2030,98.6356,7.2863
IN1220200068,06.90 AS SDL 2030 30 SEP,6.9,30/Sep/2030,98.6700,7.2863
IN2420200049,06.90 ML SDL 2030,6.9,30/Sep/2030,98.6700,7.2863
IN3620200045,06.90 UK SDL 2030 30 SEP,6.9,30/Sep/2030,98.6700,7.2863
IN3320200113,06.90 UP SDL 2030 30 SEP,6.9,30/Sep/2030,98.6700,7.2863
IN1920240034,07.00 KA SGS 2030,7,03/Oct/2030,99.0108,7.2863
IN2220220122,07.76 MH SGS 2030,7.76,04/Oct/2030,101.6262,7.2863
IN1320210074,06.87 BR SDL 2030,6.87,06/Oct/2030,98.5601,7.2863
IN1520200172,06.84 GJ SDL 2030,6.84,07/Oct/2030,98.4555,7.2863
IN1920200293,06.86 KA SDL 2030,6.86,07/Oct/2030,98.5244,7.2863
IN2220200223,06.87 MH SDL 2030,6.87,07/Oct/2030,98.5589,7.2863
IN1420200157,06.90 GA SDL 2030 07 OCT,6.9,07/Oct/2030,98.6624,7.2863
IN1720200048,06.90 HP SDL 2030,6.9,07/Oct/2030,98.6624,7.2863
IN1220200084,06.91 AS SDL 2030,6.91,07/Oct/2030,98.6969,7.2863
IN2620200047,06.91 NL SDL 2030,6.91,07/Oct/2030,98.6969,7.2863
IN3320200121,06.91 UP SDL 2030 07 OCT,6.91,07/Oct/2030,98.6969,7.2863
IN2920200424,06.92 RJ SDL 2030,6.92,07/Oct/2030,98.7314,7.2863
IN3720200010,06.93 JH SDL 2030,6.93,07/Oct/2030,98.7658,7.2863
IN1020190246,07.19 AP SDL 2030,7.19,09/Oct/2030,99.6615,7.2863
IN1620190133,07.19 HR SDL 2030,7.19,09/Oct/2030,99.6615,7.2863
IN2920200432,06.60 RJ SDL 2030 14 OCT,6.6,14/Oct/2030,97.6162,7.2863
IN1920200319,06.61 KA SDL 2030,6.61,14/Oct/2030,97.6508,7.2863
IN3620200052,06.62 UK SDL 2030,6.62,14/Oct/2030,97.6855,7.2863
IN2220200264,06.63 MH SDL 2030,6.63,14/Oct/2030,97.7201,7.2863
IN3320200139,06.63 UP SDL 2030,6.63,14/Oct/2030,97.7201,7.2863
IN2420200056,06.65 ML SDL 2030,6.65,14/Oct/2030,97.7893,7.2863
IN2820200128,06.69 PN SDL 2030,6.69,14/Oct/2030,97.9278,7.2863
IN1020190261,07.17 AP SDL 2030,7.17,16/Oct/2030,99.5889,7.2863
IN2220220130,07.70 MH SGS 2030,7.7,19/Oct/2030,101.4279,7.2863
IN1920200335,06.51 KA SDL 2030,6.51,21/Oct/2030,97.2919,7.2863
IN3320200147,06.54 UP SDL 2030,6.54,21/Oct/2030,97.3962,7.2863
IN1220200100,06.56 AS SDL 2030,6.56,21/Oct/2030,97.4657,7.2863
IN2220200280,06.56 MH SDL 2030,6.56,21/Oct/2030,97.4657,7.2863
IN3720200028,06.62 JH SDL 2030,6.62,21/Oct/2030,97.6743,7.2863
IN1020180304,08.68 AP SDL 2030,8.68,24/Oct/2030,104.8437,7.2863
IN3120230278,07.68 TN SGS 2030,7.68,25/Oct/2030,101.3617,7.2863
IN1320210082,06.95 BR SDL 2030,6.95,27/Oct/2030,98.8162,7.2863
IN2220220148,07.78 MH SGS 2030,7.78,27/Oct/2030,101.7117,7.2863
IN1520200180,06.40 GJ SDL 2030 28 OCT,6.4,28/Oct/2030,96.8954,7.2863
IN1920200350,06.40 KA SDL 2030 28 OCT,6.4,28/Oct/2030,96.8954,7.2863
IN1420200165,06.42 GA SDL 2030,6.42,28/Oct/2030,96.9653,7.2863
IN3320200154,06.42 UP SDL 2030,6.42,28/Oct/2030,96.9653,7.2863
IN3620200060,06.44 UK SDL 2030,6.44,28/Oct/2030,97.0351,7.2863
IN2920200457,06.45 RJ SDL 2030,6.45,28/Oct/2030,97.0700,7.2863
IN3220200023,06.55 TR SDL 2030,6.55,28/Oct/2030,97.4190,7.2863
IN3120230302,07.68 TN SGS 2030 01 NOV,7.68,01/Nov/2030,101.3652,7.2863
IN1320210090,06.98 BR SDL 2030,6.98,02/Nov/2030,98.9167,7.2863
IN1920200376,06.40 KA SDL 2030 04 NOV,6.4,04/Nov/2030,96.8836,7.2863
IN2220200298,06.40 MH SDL 2030,6.4,04/Nov/2030,96.8836,7.2863
IN1020200458,06.43 AP SDL 2030,6.43,04/Nov/2030,96.9887,7.2863
IN1520200198,06.46 GJ SDL 2030,6.46,04/Nov/2030,97.0937,7.2863
IN1220200118,06.48 AS SDL 2030,6.48,04/Nov/2030,97.1638,7.2863
IN2520200055,06.48 MZ SDL 2030,6.48,04/Nov/2030,97.1638,7.2863
IN2620200054,06.50 NL SDL 2030,6.5,04/Nov/2030,97.2338,7.2863
IN3820200043,06.52 PY SDL 2030,6.52,04/Nov/2030,97.3039,7.2863
IN3320200162,06.59 UP SDL 2030,6.59,04/Nov/2030,97.5491,7.2863
IN2920200465,06.75 RJ SDL 2030,6.75,04/Nov/2030,98.1095,7.2863
IN3620240041,07.06 UK SGS 2030,7.06,06/Nov/2030,99.1940,7.2863
IN3120230310,07.65 TN SGS 2030,7.65,08/Nov/2030,101.2641,7.2863
IN1620220260,07.76 HR SGS 2030,7.76,09/Nov/2030,101.6510,7.2863
IN1920200392,06.47 KA SDL 2030,6.47,11/Nov/2030,97.1161,7.2863
IN1520200206,06.50 GJ SDL 2030,6.5,11/Nov/2030,97.2216,7.2863
IN1420200173,06.55 GA SDL 2030,6.55,11/Nov/2030,97.3974,7.2863
IN1620200122,06.59 HR SDL 2030,6.59,11/Nov/2030,97.5381,7.2863
IN3020200033,06.60 SK SDL 2030,6.6,11/Nov/2030,97.5732,7.2863
IN3320200170,06.60 UP SDL 2030,6.6,11/Nov/2030,97.5732,7.2863
IN2920200473,06.61 RJ SDL 2030,6.61,11/Nov/2030,97.6084,7.2863
IN1920200418,06.49 KA SDL 2030 18 NOV,6.49,18/Nov/2030,97.1742,7.2863
IN1120200036,06.54 AR SDL 2030,6.54,18/Nov/2030,97.3507,7.2863
IN2920200481,06.54 RJ SDL 2030 18 NOV,6.54,18/Nov/2030,97.3507,7.2863
IN1220200142,06.60 AS SDL 2030,6.6,18/Nov/2030,97.5626,7.2863
IN2820200151,06.60 PN SDL 2030,6.6,18/Nov/2030,97.5626,7.2863
IN2920250270,06.75 RJ SGS 2030,6.75,19/Nov/2030,98.0910,7.2863
IN1020190345,07.22 AP SDL 2030,7.22,20/Nov/2030,99.7511,7.2863
IN1720210039,06.86 HP SDL 2030,6.86,24/Nov/2030,98.4747,7.2863
IN1320210108,06.87 BR SDL 2030 24 NOV,6.87,24/Nov/2030,98.5101,7.2863
IN1520200214,06.50 GJ SDL 2030 25 NOV,6.5,25/Nov/2030,97.1976,7.2863
IN1920200434,06.50 KA SDL 2030 25 NOV,6.5,25/Nov/2030,97.1976,7.2863
IN2220200322,06.52 MH SDL 2030,6.52,25/Nov/2030,97.2685,7.2863
IN1420200181,06.57 GA SDL 2030,6.57,25/Nov/2030,97.4458,7.2863
IN3320200188,06.58 UP SDL 2030,6.58,25/Nov/2030,97.4812,7.2863
IN2920200499,06.59 RJ SDL 2030 25 NOV,6.59,25/Nov/2030,97.5167,7.2863
IN1220200167,06.64 AS SDL 2030,6.64,25/Nov/2030,97.6939,7.2863
IN3120190225,07.19 TN SDL 2030,7.19,27/Nov/2030,99.6429,7.2863
IN1020190360,07.20 AP SDL 2030,7.2,27/Nov/2030,99.6784,7.2863
IN1920240117,07.09 KA SGS 2030,7.09,27/Nov/2030,99.2881,7.2863
IN3120230328,07.68 TN SGS 2030,7.68,29/Nov/2030,101.3833,7.2863
IN1620220302,07.57 HR SGS 2030,7.57,30/Nov/2030,100.9929,7.2863
IN1920200459,06.53 KA SDL 2030,6.53,02/Dec/2030,97.2927,7.2863
IN2320200065,06.60 MN SDL 2030,6.6,02/Dec/2030,97.5418,7.2863
IN2920200507,06.62 RJ SDL 2030,6.62,02/Dec/2030,97.6130,7.2863
IN4920200123,06.65 JK SDL 2030,6.65,02/Dec/2030,97.7198,7.2863
IN1020180361,08.43 AP SDL 2030,8.43,05/Dec/2030,104.0612,7.2863
IN1320210116,06.83 BR SDL 2030,6.83,08/Dec/2030,98.3545,7.2863
IN1920200475,06.54 KA SDL 2030,6.54,09/Dec/2030,97.3174,7.2863
IN1420200199,06.55 GA SDL 2030 09 DEC,6.55,09/Dec/2030,97.3531,7.2863
IN2920200515,06.60 RJ SDL 2030 09 DEC,6.6,09/Dec/2030,97.5317,7.2863
IN1220200175,06.62 AS SDL 2030,6.62,09/Dec/2030,97.6032,7.2863
IN2620200062,06.62 NL SDL 2030,6.62,09/Dec/2030,97.6032,7.2863
IN1520230120,07.66 GJ SGS 2030 13 DEC,7.66,13/Dec/2030,101.3219,7.2863
IN3120230336,07.67 TN SGS 2030,7.67,13/Dec/2030,101.3577,7.2863
IN1320210124,06.84 BR SDL 2030,6.84,15/Dec/2030,98.3836,7.2863
IN1920200491,06.52 KA SDL 2030,6.52,16/Dec/2030,97.2349,7.2863
IN1420200207,06.54 GA SDL 2030 16 DEC,6.54,16/Dec/2030,97.3066,7.2863
IN3320200196,06.56 UP SDL 2030,6.56,16/Dec/2030,97.3783,7.2863
IN2420200072,06.60 ML SDL 2030,6.6,16/Dec/2030,97.5218,7.2863
IN2620250034,07.14 NL SGS 2030 17 DEC,7.14,17/Dec/2030,99.4585,7.2863
IN3820250048,07.14 PY SGS 2030,7.14,17/Dec/2030,99.4585,7.2863
IN1620220328,07.58 HR SGS 2030,7.58,21/Dec/2030,101.0400,7.2863
IN1920200517,06.51 KA SDL 2030 23 DEC,6.51,23/Dec/2030,97.1880,7.2863
IN1720200121,06.57 HP SDL 2030 23 DEC,6.57,23/Dec/2030,97.4041,7.2863
IN1420200215,06.58 GA SDL 2030 23 DEC,6.58,23/Dec/2030,97.4401,7.2863
IN1220200183,06.60 AS SDL 2030 23 DEC,6.6,23/Dec/2030,97.5121,7.2863
IN3320200204,06.60 UP SDL 2030 23 DEC,6.6,23/Dec/2030,97.5121,7.2863
IN1520250243,07.07 GJ SGS 2030,7.07,24/Dec/2030,99.2042,7.2863
IN3620240058,07.15 UK SGS 2030,7.15,26/Dec/2030,99.4920,7.2863
IN1520220170,07.55 GJ SGS 2030,7.55,28/Dec/2030,100.9359,7.2863
IN1920200533,06.51 KA SDL 2030 30 DEC,6.51,30/Dec/2030,97.1772,7.2863
IN2420200080,06.60 ML SDL 2030 30 DEC,6.6,30/Dec/2030,97.5026,7.2863
IN2920200549,06.60 RJ SDL 2030,6.6,30/Dec/2030,97.5026,7.2863
IN3420200187,06.60 WB SDL 2030,6.6,30/Dec/2030,97.5026,7.2863
IN3320200212,06.62 UP SDL 2030,6.62,30/Dec/2030,97.5749,7.2863
IN2120250286,07.02 MP SGS 2030,7.02,31/Dec/2030,99.0210,7.2863
IN1020180379,08.37 AP SDL 2031,8.37,02/Jan/2031,103.7201,7.3365
IN1620220351,07.62 HR SGS 2031,7.62,04/Jan/2031,101.0099,7.3365
IN3120200339,06.53 TN SDL 2031,6.53,06/Jan/2031,96.8029,7.4093
IN1420200231,06.58 GA SDL 2031,6.58,06/Jan/2031,97.2430,7.3365
IN2920200564,06.59 RJ SDL 2031,6.59,06/Jan/2031,97.2792,7.3365
IN3620200078,06.60 UK SDL 2031,6.6,06/Jan/2031,97.3155,7.3365
IN3320200220,06.60 UP SDL 2031,6.6,06/Jan/2031,97.3155,7.3365
IN2320200073,06.63 MN SDL 2031,6.63,06/Jan/2031,97.4242,7.3365
IN1520240111,07.01 GJ SGS 2031,7.01,08/Jan/2031,98.7998,7.3365
IN1520230187,07.64 GJ SGS 2031,7.64,10/Jan/2031,101.0864,7.3365
IN1520150112,08.26 GJ SDL 2031,8.26,13/Jan/2031,103.3436,7.3365
IN3120200347,06.57 TN SDL 2031,6.57,13/Jan/2031,97.1965,7.3365
IN2920200572,06.61 RJ SDL 2031,6.61,13/Jan/2031,97.3420,7.3365
IN3320200238,06.61 UP SDL 2031,6.61,13/Jan/2031,97.3420,7.3365
IN3020200041,06.64 SK SDL 2031,6.64,13/Jan/2031,97.4511,7.3365
IN2820250156,07.48 PN SGS 2031,7.48,14/Jan/2031,100.5069,7.3365
IN1020230703,07.64 AP SGS 2031,7.64,17/Jan/2031,101.0913,7.3365
IN1220230180,07.68 AS SGS 2031,7.68,17/Jan/2031,101.2371,7.3365
IN4520220349,07.57 TS SGS 2031,7.57,18/Jan/2031,100.8367,7.3365
IN1420200256,06.62 GA SDL 2031,6.62,20/Jan/2031,97.3690,7.3365
IN3320200253,06.62 UP SDL 2031,6.62,20/Jan/2031,97.3690,7.3365
IN2420200106,06.63 ML SDL 2031,6.63,20/Jan/2031,97.4055,7.3365
IN3820180054,08.22 PY SDL 2031,8.22,23/Jan/2031,103.2170,7.3365
IN2920230389,07.66 RJ SGS 2031,7.66,24/Jan/2031,101.1696,7.3365
IN3520230118,07.67 CG SGS 2031,7.67,24/Jan/2031,101.2062,7.3365
IN2220220155,07.57 MH SGS 2031,7.57,25/Jan/2031,100.8409,7.3365
IN1620220377,07.64 HR SGS 2031,7.64,25/Jan/2031,101.0972,7.3365
IN1520200255,06.57 GJ SDL 2031,6.57,27/Jan/2031,97.1766,7.3365
IN2920200598,06.61 RJ SDL 2031 27 JAN,6.61,27/Jan/2031,97.3232,7.3365
IN1720200139,06.63 HP SDL 2031,6.63,27/Jan/2031,97.3965,7.3365
IN3420200229,06.63 WB SDL 2031,6.63,27/Jan/2031,97.3965,7.3365
IN3320200261,06.64 UP SDL 2031,6.64,27/Jan/2031,97.4332,7.3365
IN2720240026,07.03 OD SGS 2031,7.03,29/Jan/2031,98.8618,7.3365
IN1920180156,08.22 KA SDL 2031,8.22,30/Jan/2031,103.2305,7.3365
IN3120230401,07.60 TN SGS 2031,7.6,31/Jan/2031,100.9541,7.3365
IN1420200264,06.85 GA SDL 2031,6.85,03/Feb/2031,98.1980,7.3365
IN2920200622,06.85 RJ SDL 2031,6.85,03/Feb/2031,98.1980,7.3365
IN2320200081,06.88 MN SDL 2031,6.88,03/Feb/2031,98.3083,7.3365
IN3320200279,06.88 UP SDL 2031,6.88,03/Feb/2031,98.3083,7.3365
IN4920200149,06.99 JK SDL 2031,6.99,03/Feb/2031,98.7129,7.3365
IN1920190163,07.20 KA SDL 2031,7.2,05/Feb/2031,99.4850,7.3365
IN1020180411,08.39 AP SDL 2031,8.39,06/Feb/2031,103.8684,7.3365
IN1520230260,07.42 GJ SGS 2031,7.42,07/Feb/2031,100.2956,7.3365
IN3320200287,06.94 UP SDL 2031,6.94,10/Feb/2031,98.5247,7.3365
IN2920200655,06.95 RJ SDL 2031,6.95,10/Feb/2031,98.5616,7.3365
IN1220200266,06.98 AS SDL 2031,6.98,10/Feb/2031,98.6724,7.3365
IN2820200193,07.05 PN SDL 2031,7.05,10/Feb/2031,98.9308,7.3365
IN1520250284,07.02 GJ SGS 2031 11 FEB,7.02,11/Feb/2031,98.8196,7.3365
IN1020190485,07.05 AP SDL 2031,7.05,12/Feb/2031,98.9300,7.3365
IN1520230278,07.43 GJ SGS 2031,7.43,14/Feb/2031,100.4071,7.3171
IN1220230206,07.45 AS SGS 2031,7.45,14/Feb/2031,100.4092,7.3365
IN3520230167,07.46 CG SGS 2031,7.46,14/Feb/2031,100.4462,7.3365
IN1620220419,07.70 HR SGS 2031,7.7,15/Feb/2031,101.3351,7.3365
IN1520200263,06.93 GJ SDL 2031,6.93,17/Feb/2031,98.4835,7.3365
IN3120200362,06.95 TN SDL 2031,6.95,17/Feb/2031,98.6559,7.3098
IN2120200240,07.03 MP SDL 2031,7.03,17/Feb/2031,98.8541,7.3365
IN2620200070,07.05 NL SDL 2031,7.05,17/Feb/2031,98.9282,7.3365
IN2920200689,07.05 RJ SDL 2031,7.05,17/Feb/2031,98.9282,7.3365
IN3420200252,07.05 WB SDL 2031,7.05,17/Feb/2031,98.9282,7.3365
IN1220200282,07.07 AS SDL 2031,7.07,17/Feb/2031,99.0024,7.3365
IN3320200295,07.08 UP SDL 2031,7.08,17/Feb/2031,99.0394,7.3365
IN1520240228,07.02 GJ SGS 2031,7.02,20/Feb/2031,98.8158,7.3365
IN2720240067,07.06 OD SGS 2031,7.06,20/Feb/2031,98.9643,7.3365
IN3820240056,07.14 PY SGS 2031,7.14,20/Feb/2031,99.2613,7.3365
IN3520230209,07.47 CG SGS 2031,7.47,21/Feb/2031,100.4867,7.3365
IN1520200271,07.07 GJ SDL 2031,7.07,24/Feb/2031,99.0003,7.3365
IN2220200348,07.08 MH SDL 2031,7.08,24/Feb/2031,99.0375,7.3365
IN3020200058,07.19 SK SDL 2031,7.19,24/Feb/2031,99.4467,7.3365
IN1420200272,07.20 GA SDL 2031,7.2,24/Feb/2031,99.4839,7.3365
IN3320200303,07.20 UP SDL 2031,7.2,24/Feb/2031,99.4839,7.3365
IN1220200308,07.24 AS SDL 2031,7.24,24/Feb/2031,99.6327,7.3365
IN2220220171,07.72 MH SGS 2031,7.72,01/Mar/2031,101.4256,7.3365
IN2920200739,07.15 RJ SDL 2031,7.15,03/Mar/2031,99.2970,7.3365
IN1220200332,07.17 AS SDL 2031,7.17,03/Mar/2031,99.3717,7.3365
IN2420200114,07.17 ML SDL 2031,7.17,03/Mar/2031,99.3717,7.3365
IN3320200311,07.19 UP SDL 2031,7.19,03/Mar/2031,99.4465,7.3365
IN2820200201,07.23 PN SDL 2031,7.23,03/Mar/2031,99.5960,7.3365
IN1920190205,07.08 KA SDL 2031,7.08,04/Mar/2031,99.0351,7.3365
IN1020190519,07.15 AP SDL 2031,7.15,04/Mar/2031,99.2969,7.3365
IN3120250755,06.91 TN SGS 2031,6.91,04/Mar/2031,98.3992,7.3365
IN2820180148,08.45 PN SDL 2031,8.45,06/Mar/2031,104.1642,7.3365
IN2220220197,07.70 MH SGS 2031,7.7,08/Mar/2031,101.4592,7.3098
IN1520200289,07.08 GJ SDL 2031,7.08,10/Mar/2031,99.0338,7.3365
IN2920200788,07.13 RJ SDL 2031,7.13,10/Mar/2031,99.2214,7.3365
IN3320200329,07.17 UP SDL 2031,7.17,10/Mar/2031,99.3715,7.3365
IN2320200099,07.18 MN SDL 2031,7.18,10/Mar/2031,99.4090,7.3365
IN3020200066,07.18 SK SDL 2031,7.18,10/Mar/2031,99.4090,7.3365
IN3820190079,06.88 PY SDL 2031,6.88,11/Mar/2031,98.2828,7.3365
IN3120250805,06.91 TN SGS 2031 11 MAR,6.91,11/Mar/2031,98.3954,7.3365
IN2120240212,07.17 MP SGS 2031,7.17,12/Mar/2031,99.3715,7.3365
IN2220220213,07.69 MH SGS 2031,7.69,15/Mar/2031,101.3279,7.3365
IN1520200297,07.11 GJ SDL 2031,7.11,17/Mar/2031,99.1455,7.3365
IN1620200171,07.14 HR SDL 2031,7.14,17/Mar/2031,99.2585,7.3365
IN2920200796,07.15 RJ SDL 2031 17 MAR,7.15,17/Mar/2031,99.2962,7.3365
IN1420200280,07.16 GA SDL 2031,7.16,17/Mar/2031,99.3338,7.3365
IN2420200122,07.16 ML SDL 2031,7.16,17/Mar/2031,99.3338,7.3365
IN3320200337,07.16 UP SDL 2031,7.16,17/Mar/2031,99.3338,7.3365
IN3720190054,07.37 JH SDL 2031,7.37,18/Mar/2031,100.1252,7.3365
IN1720220202,07.72 HP SGS 2031,7.72,23/Mar/2031,101.4483,7.3365
IN3420200294,06.83 WB SDL 2031,6.83,24/Mar/2031,98.0842,7.3365
IN1520200305,06.84 GJ SDL 2031,6.84,24/Mar/2031,98.1220,7.3365
IN3620200086,06.84 UK SDL 2031,6.84,24/Mar/2031,98.1220,7.3365
IN1120200044,06.85 AR SDL 2031,6.85,24/Mar/2031,98.1598,7.3365
IN1220200365,06.85 AS SDL 2031,6.85,24/Mar/2031,98.1598,7.3365
IN1420200298,06.85 GA SDL 2031 24 MAR,6.85,24/Mar/2031,98.1598,7.3365
IN2420200130,06.85 ML SDL 2031,6.85,24/Mar/2031,98.1598,7.3365
IN3020200074,06.93 SK SDL 2031,6.93,24/Mar/2031,98.4623,7.3365
IN3120250862,07.24 TN SGS 2031,7.24,25/Mar/2031,99.6336,7.3365
IN1920250322,07.25 KA SGS 2031,7.25,25/Mar/2031,99.6714,7.3365
IN2920250429,07.33 RJ SGS 2031,7.33,25/Mar/2031,99.9740,7.3365
IN2620250067,07.38 NL SGS 2031,7.38,25/Mar/2031,100.1631,7.3365
IN3120240764,06.99 TN SGS 2031,6.99,26/Mar/2031,98.6871,7.3365
IN1220230230,07.46 AS SGS 2031,7.46,27/Mar/2031,100.4655,7.3365
IN1620220476,07.74 HR SGS 2031,7.74,29/Mar/2031,101.5264,7.3365
IN3520220010,07.75 CG SGS 2031,7.75,29/Mar/2031,101.5643,7.3365
IN1620250440,07.38 HR SGS 2031,7.38,30/Mar/2031,100.1618,7.3365
IN2020200308,06.80 KL SDL 2031,6.8,31/Mar/2031,97.9626,7.3365
IN3620200094,06.80 UK SDL 2031,6.8,31/Mar/2031,97.9626,7.3365
IN1420200306,06.84 GA SDL 2031,6.84,31/Mar/2031,98.1143,7.3365
IN4920200164,06.84 JK SDL 2031,6.84,31/Mar/2031,98.1143,7.3365
IN4920250011,06.76 JK SGS 2031,6.76,04/Apr/2031,97.8052,7.3365
IN1920200020,07.93 KA SDL 2031,7.93,08/Apr/2031,102.2539,7.3365
IN1020200011,07.98 AP SDL 2031,7.98,08/Apr/2031,102.4443,7.3365
IN2220260011,07.35 MH SGS 2031,7.35,08/Apr/2031,100.0458,7.3365
IN2920210027,06.75 RJ SDL 2031,6.75,09/Apr/2031,97.7600,7.3365
IN1720190017,08.20 HP SDL 2031,8.2,10/Apr/2031,103.2846,7.3365
IN3520260016,07.37 CG SGS 2031,7.37,15/Apr/2031,100.1204,7.3365
IN4520190013,08.14 TS SDL 2031,8.14,16/Apr/2031,103.0636,7.3365
IN2920210035,06.78 RJ SDL 2031,6.78,16/Apr/2031,97.8648,7.3365
IN2420210014,06.82 ML SDL 2031,6.82,16/Apr/2031,98.0177,7.3365
IN2920210043,06.82 RJ SDL 2031,6.82,20/Apr/2031,98.0127,7.3365
IN1120210019,06.84 AR SDL 2031,6.84,20/Apr/2031,98.0893,7.3365
IN2620210012,06.85 NL SDL 2031,6.85,20/Apr/2031,98.1276,7.3365
IN3120240020,07.50 TN SGS 2031,7.5,24/Apr/2031,100.6176,7.3365
IN1020230059,07.43 AP SGS 2031,7.43,26/Apr/2031,100.3489,7.3365
IN2320210015,06.78 MN SDL 2031,6.78,28/Apr/2031,97.8491,7.3365
IN1020190063,08.12 AP SDL 2031,8.12,03/May/2031,103.0089,7.3365
IN3120210015,06.77 TN SDL 2031,6.77,05/May/2031,97.8015,7.3365
IN2920210050,06.78 RJ SDL 2031 05 MAY,6.78,05/May/2031,97.8401,7.3365
IN2920260055,07.43 RJ SGS 2031,7.43,06/May/2031,100.3486,7.3365
IN3120250037,06.54 TN SGS 2031,6.54,07/May/2031,96.9105,7.3365
IN1620230038,07.39 HR SGS 2031,7.39,10/May/2031,100.1939,7.3365
IN1020230083,07.40 AP SGS 2031,7.4,10/May/2031,100.2326,7.3365
IN2920210076,06.77 RJ SDL 2031,6.77,12/May/2031,97.7927,7.3365
IN1620210022,06.79 HR SDL 2031,6.79,12/May/2031,97.8701,7.3365
IN3420210012,06.83 WB SDL 2031 12 MAY,6.83,12/May/2031,98.0250,7.3365
IN1520230021,07.27 GJ SGS 2031,7.27,17/May/2031,99.7277,7.3365
IN4920250037,06.42 JK SGS 2031,6.42,21/May/2031,96.4200,7.3365
IN2920210092,06.76 RJ SDL 2031,6.76,25/May/2031,97.7377,7.3365
IN2020210018,06.78 KL SDL 2031,6.78,25/May/2031,97.8157,7.3365
IN2220210073,06.78 MH SDL 2031,6.78,25/May/2031,97.8157,7.3365
IN3020210016,06.78 SK SDL 2031,6.78,25/May/2031,97.8157,7.3365
IN1020220126,07.67 AP SDL 2031,7.67,25/May/2031,101.2848,7.3365
IN2520220012,07.69 MZ SDL 2031,7.69,25/May/2031,101.3628,7.3365
IN1920200046,06.51 KA SDL 2031,6.51,27/May/2031,96.7599,7.3365
IN2220230055,07.33 MH SGS 2031,7.33,31/May/2031,99.9590,7.3365
IN1520220014,07.77 GJ SDL 2031,7.77,01/Jun/2031,101.6791,7.3365
IN1020220142,07.80 AP SDL 2031,7.8,01/Jun/2031,101.7964,7.3365
IN2420220013,07.80 ML SDL 2031,7.8,01/Jun/2031,101.7964,7.3365
IN2220210099,06.81 MH SDL 2031,6.81,02/Jun/2031,97.9249,7.3365
IN2920210100,06.84 RJ SDL 2031,6.84,02/Jun/2031,98.0422,7.3365
IN2620210020,06.85 NL SDL 2031 02 JUN,6.85,02/Jun/2031,98.0813,7.3365
IN2220200058,06.57 MH SDL 2031,6.57,03/Jun/2031,96.9846,7.3365
IN3120190035,07.59 TN SDL 2031,7.59,04/Jun/2031,100.9766,7.3365
IN1720230029,07.29 HP SGS 2031,7.29,07/Jun/2031,99.8016,7.3365
IN2920210126,06.80 RJ SDL 2031,6.8,09/Jun/2031,97.8781,7.3365
IN2820210010,06.81 PN SDL 2031,6.81,09/Jun/2031,97.9173,7.3365
IN2220200074,06.60 MH SDL 2031,6.6,10/Jun/2031,97.0916,7.3365
IN4920250052,06.42 JK SGS 2031 11 JUN,6.42,11/Jun/2031,96.3829,7.3365
IN1620230095,07.34 HR SGS 2031,7.34,14/Jun/2031,99.9974,7.3365
IN2220230071,07.34 MH SGS 2031,7.34,14/Jun/2031,99.9974,7.3365
IN1520210023,06.75 GJ SDL 2031,6.75,16/Jun/2031,97.6736,7.3365
IN1420210016,06.78 GA SDL 2031,6.78,16/Jun/2031,97.7918,7.3365
IN2220210115,06.80 MH SDL 2031,6.8,16/Jun/2031,97.8706,7.3365
IN2020210042,06.81 KL SDL 2031,6.81,16/Jun/2031,97.9099,7.3365
IN2920210159,06.84 RJ SDL 2031 16 JUN,6.84,16/Jun/2031,98.0281,7.3365
IN3120250128,06.42 TN SGS 2031,6.42,18/Jun/2031,96.3703,7.3365
IN1020220217,07.80 AP SDL 2031 22 JUN,7.8,22/Jun/2031,101.8144,7.3365
IN2220210131,06.83 MH SDL 2031,6.83,23/Jun/2031,97.9818,7.3365
IN3120210098,06.83 TN SDL 2031,6.83,23/Jun/2031,97.9818,7.3365
IN3320210013,06.88 UP SDL 2031 23 JUN,6.88,23/Jun/2031,98.1794,7.3365
IN1420210032,06.89 GA SDL 2031,6.89,23/Jun/2031,98.2189,7.3365
IN2920190088,07.31 RJ SDL 2031,7.31,26/Jun/2031,99.8787,7.3365
IN2220230097,07.40 MH SGS 2031,7.4,28/Jun/2031,100.2352,7.3365
IN3520230035,07.42 CG SGS 2031,7.42,28/Jun/2031,100.3144,7.3365
IN2720160026,08.00 OD SDL 2031,8,29/Jun/2031,102.6136,7.3365
IN1520210031,06.88 GJ SDL 2031,6.88,30/Jun/2031,98.1734,7.3365
IN2220210156,06.89 MH SDL 2031,6.89,30/Jun/2031,98.2130,7.3365
IN2920210191,06.91 RJ SDL 2031,6.91,30/Jun/2031,98.2924,7.3365
IN3620210010,06.94 UK SDL 2031,6.94,30/Jun/2031,98.4113,7.3365
IN3320210021,06.94 UP SDL 2031 30 JUN,6.94,30/Jun/2031,98.4113,7.3365
IN2820210028,06.95 PN SDL 2031,6.95,30/Jun/2031,98.4510,7.3365
IN1420210040,06.96 GA SDL 2031,6.96,30/Jun/2031,98.4906,7.3365
IN2320210023,07.00 MN SDL 2031,7,30/Jun/2031,98.6493,7.3365
IN1620190034,07.33 HR SDL 2031,7.33,03/Jul/2031,99.9580,7.3365
IN2420230038,07.44 ML SGS 2031,7.44,05/Jul/2031,100.3954,7.3365
IN2220210172,06.94 MH SDL 2031,6.94,07/Jul/2031,98.4063,7.3365
IN3120210106,06.95 TN SDL 2031 07 JUL,6.95,07/Jul/2031,98.4461,7.3365
IN2920210217,06.97 RJ SDL 2031,6.97,07/Jul/2031,98.5257,7.3365
IN1420210057,06.99 GA SDL 2031,6.99,07/Jul/2031,98.6053,7.3365
IN1920250074,07.16 KA SGS 2031,7.16,07/Jul/2031,99.2817,7.3365
IN1020200235,06.56 AP SDL 2031,6.56,08/Jul/2031,96.8928,7.3365
IN3420260017,07.07 WB SGS 2031,7.07,08/Jul/2031,98.9232,7.3365
IN1020160041,07.88 AP SDL 2031,7.88,13/Jul/2031,102.1536,7.3365
IN2420220021,07.78 ML SDL 2031,7.78,13/Jul/2031,101.7545,7.3365
IN1520210056,06.95 GJ SDL 2031,6.95,14/Jul/2031,98.4414,7.3365
IN2220210198,06.95 MH SDL 2031,6.95,14/Jul/2031,98.4414,7.3365
IN3120210114,06.98 TN SDL 2031,6.98,14/Jul/2031,98.5612,7.3365
IN1420210065,06.99 GA SDL 2031 14 JUL,6.99,14/Jul/2031,98.6011,7.3365
IN3320210039,06.99 UP SDL 2031,6.99,14/Jul/2031,98.6011,7.3365
IN2120210017,07.00 MP SDL 2031,7,14/Jul/2031,98.6410,7.3365
IN2920210233,07.00 RJ SDL 2031,7,14/Jul/2031,98.6410,7.3365
IN3620210028,07.00 UK SDL 2031,7,14/Jul/2031,98.6410,7.3365
IN3420210061,07.02 WB SDL 2031,7.02,14/Jul/2031,98.7209,7.3365
IN3120210122,06.97 TN SDL 2031,6.97,20/Jul/2031,98.5176,7.3365
IN2320210031,07.01 MN SDL 2031,7.01,20/Jul/2031,98.6778,7.3365
IN3320210047,07.01 UP SDL 2031,7.01,20/Jul/2031,98.6778,7.3365
IN1020220357,07.79 AP SDL 2031,7.79,27/Jul/2031,101.8084,7.3365
IN3120210148,06.97 TN SDL 2031 28 JUL,6.97,28/Jul/2031,98.5130,7.3365
IN3320210054,06.99 UP SDL 2031 28 JUL,6.99,28/Jul/2031,98.5934,7.3365
IN1920250132,07.15 KA SGS 2031,7.15,28/Jul/2031,99.2366,7.3365
IN1920200111,06.40 KA SDL 2031,6.4,29/Jul/2031,96.2199,7.3365
IN1720220046,07.57 HP SDL 2031,7.57,03/Aug/2031,100.9281,7.3365
IN1620210089,06.98 HR SDL 2031,6.98,04/Aug/2031,98.5500,7.3365
IN3120210155,06.98 TN SDL 2031 04 AUG,6.98,04/Aug/2031,98.5500,7.3365
IN3420210087,07.00 WB SDL 2031,7,04/Aug/2031,98.6307,7.3365
IN1020250255,06.77 AP SGS 2031,6.77,06/Aug/2031,97.7015,7.3365
IN4920250094,06.84 JK SGS 2031,6.84,06/Aug/2031,97.9840,7.3365
IN1020220399,07.74 AP SDL 2031,7.74,10/Aug/2031,101.6200,7.3365
IN1520210080,06.98 GJ SDL 2031,6.98,11/Aug/2031,98.5465,7.3365
IN1420210073,06.99 GA SDL 2031,6.99,11/Aug/2031,98.5870,7.3365
IN3120210163,07.00 TN SDL 2031,7,11/Aug/2031,98.6274,7.3365
IN3320210062,07.02 UP SDL 2031,7.02,11/Aug/2031,98.7083,7.3365
IN1920200145,06.49 KA SDL 2031,6.49,12/Aug/2031,96.5629,7.3365
IN2220200132,06.49 MH SDL 2031,6.49,12/Aug/2031,96.5629,7.3365
IN1920240232,07.08 KA SGS 2031,7.08,12/Aug/2031,98.9508,7.3365
IN1320230031,07.50 BR SGS 2031,7.5,17/Aug/2031,100.6533,7.3365
IN1220210034,06.97 AS SDL 2031,6.97,18/Aug/2031,98.5026,7.3365
IN2620210038,06.97 NL SDL 2031,6.97,18/Aug/2031,98.5026,7.3365
IN2820210044,06.97 PN SDL 2031,6.97,18/Aug/2031,98.5026,7.3365
IN3120210171,06.97 TN SDL 2031,6.97,18/Aug/2031,98.5026,7.3365
IN3320210070,06.97 UP SDL 2031,6.97,18/Aug/2031,98.5026,7.3365
IN1520250292,06.98 GJ SGS 2031,6.98,18/Aug/2031,98.5432,7.3365
IN2720250058,06.95 OD SGS 2031,6.95,20/Aug/2031,98.4204,7.3365
IN1020190188,07.25 AP SDL 2031,7.25,21/Aug/2031,99.6393,7.3365
IN2520240044,07.20 MZ SGS 2031,7.2,21/Aug/2031,99.4361,7.3365
IN1320230049,07.49 BR SGS 2031,7.49,23/Aug/2031,100.6159,7.3365
IN3120210189,06.95 TN SDL 2031,6.95,25/Aug/2031,98.4179,7.3365
IN1420210081,06.97 GA SDL 2031,6.97,25/Aug/2031,98.4993,7.3365
IN2020210109,06.97 KL SDL 2031,6.97,25/Aug/2031,98.4993,7.3365
IN1220210042,06.98 AS SDL 2031 25 AUG,6.98,25/Aug/2031,98.5401,7.3365
IN3320210088,06.98 UP SDL 2031,6.98,25/Aug/2031,98.5401,7.3365
IN3420210103,06.99 WB SDL 2031,6.99,25/Aug/2031,98.5808,7.3365
IN2220260078,07.09 MH SGS 2031,7.09,27/Aug/2031,98.9876,7.3365
IN3120250235,07.00 TN SGS 2031,7,28/Aug/2031,98.6203,7.3365
IN1220250097,07.13 AS SGS 2031,7.13,28/Aug/2031,99.1505,7.3365
IN1320230056,07.45 BR SGS 2031,7.45,30/Aug/2031,100.4566,7.3365
IN1620210105,06.87 HR SDL 2031,6.87,01/Sep/2031,98.0883,7.3365
IN2920210258,06.91 RJ SDL 2031 01 SEP,6.91,01/Sep/2031,98.2516,7.3365
IN1720210013,06.93 HP SDL 2031,6.93,01/Sep/2031,98.3333,7.3365
IN1020180247,08.65 AP SDL 2031,8.65,03/Sep/2031,105.3639,7.3365
IN1520250136,07.01 GJ SGS 2031 03 SEP,7.01,03/Sep/2031,98.6594,7.3365
IN1320250070,07.24 BR SGS 2031,7.24,03/Sep/2031,99.5996,7.3365
IN4520220158,07.47 TS SGS 2031,7.47,07/Sep/2031,100.5421,7.3365
IN1520210106,06.84 GJ SDL 2031 08 SEP,6.84,08/Sep/2031,97.9610,7.3365
IN3420210129,06.85 WB SDL 2031,6.85,08/Sep/2031,98.0020,7.3365
IN2920210266,06.87 RJ SDL 2031,6.87,08/Sep/2031,98.0840,7.3365
IN1420210099,06.88 GA SDL 2031,6.88,08/Sep/2031,98.1250,7.3365
IN2820210069,06.89 PN SDL 2031,6.89,08/Sep/2031,98.1659,7.3365
IN3320210096,06.89 UP SDL 2031,6.89,08/Sep/2031,98.1659,7.3365
IN2220200157,06.67 MH SDL 2031,6.67,09/Sep/2031,97.2634,7.3365
IN1020160082,07.42 AP SDL 2031,7.42,14/Sep/2031,100.3407,7.3365
IN1420210107,06.85 GA SDL 2031,6.85,15/Sep/2031,97.9977,7.3365
IN2120210033,06.85 MP SDL 2031,6.85,15/Sep/2031,97.9977,7.3365
IN1220210067,06.87 AS SDL 2031,6.87,15/Sep/2031,98.0799,7.3365
IN3720210019,06.87 JH SDL 2031,6.87,15/Sep/2031,98.0799,7.3365
IN2320210049,06.87 MN SDL 2031,6.87,15/Sep/2031,98.0799,7.3365
IN3320210104,06.87 UP SDL 2031,6.87,15/Sep/2031,98.0799,7.3365
IN3120250276,07.05 TN SGS 2031,7.05,17/Sep/2031,98.8195,7.3365
IN3820250022,07.09 PY SGS 2031,7.09,17/Sep/2031,98.9842,7.3365
IN3120250821,07.03 TN SGS 2031,7.03,18/Sep/2031,98.7370,7.3365
IN3120210197,06.76 TN SDL 2031,6.76,22/Sep/2031,97.6216,7.3365
IN2920210274,06.77 RJ SDL 2031 22 SEP,6.77,22/Sep/2031,97.6628,7.3365
IN2620210046,06.80 NL SDL 2031,6.8,22/Sep/2031,97.7866,7.3365
IN3020210024,06.80 SK SDL 2031,6.8,22/Sep/2031,97.7866,7.3365
IN1320230064,07.49 BR SGS 2031 22 SEP,7.49,22/Sep/2031,100.6329,7.3365
IN1220240098,07.05 AS SGS 2031,7.05,25/Sep/2031,98.8152,7.3365
IN1520230070,07.45 GJ SGS 2031,7.45,27/Sep/2031,100.4672,7.3365
IN1320230072,07.52 BR SGS 2031,7.52,27/Sep/2031,100.7566,7.3365
IN1420210115,06.83 GA SDL 2031,6.83,29/Sep/2031,97.9013,7.3365
IN2820210085,06.84 PN SDL 2031,6.84,29/Sep/2031,97.9427,7.3365
IN3320210112,06.84 UP SDL 2031,6.84,29/Sep/2031,97.9427,7.3365
IN1220210075,06.85 AS SDL 2031 29 SEP,6.85,29/Sep/2031,97.9840,7.3365
IN1920200285,06.97 KA SDL 2031,6.97,30/Sep/2031,98.4796,7.3365
IN3520230068,07.54 CG SGS 2031,7.54,04/Oct/2031,100.8396,7.3365
IN1320230080,07.62 BR SGS 2031,7.62,04/Oct/2031,101.1714,7.3365
IN1920210011,06.88 KA SDL 2031,6.88,06/Oct/2031,98.1000,7.3365
IN1420210123,06.89 GA SDL 2031 06 OCT,6.89,06/Oct/2031,98.1415,7.3365
IN1520210114,06.89 GJ SDL 2031,6.89,06/Oct/2031,98.1415,7.3365
IN3120210205,06.90 TN SDL 2031,6.9,06/Oct/2031,98.1830,7.3365
IN1220210083,06.91 AS SDL 2031,6.91,06/Oct/2031,98.2245,7.3365
IN2920210324,06.91 RJ SDL 2031,6.91,06/Oct/2031,98.2245,7.3365
IN3320210120,06.92 UP SDL 2031,6.92,06/Oct/2031,98.2661,7.3365
IN1020160090,07.22 AP SDL 2031,7.22,13/Oct/2031,99.5078,7.3365
IN1920210037,06.96 KA SDL 2031,6.96,13/Oct/2031,98.4252,7.3365
IN3120210213,06.97 TN SDL 2031 13 OCT,6.97,13/Oct/2031,98.4668,7.3365
IN3320210138,06.97 UP SDL 2031 13 OCT,6.97,13/Oct/2031,98.4668,7.3365
IN2920210332,06.98 RJ SDL 2031,6.98,13/Oct/2031,98.5084,7.3365
IN2320210056,07.00 MN SDL 2031 13 OCT,7,13/Oct/2031,98.5917,7.3365
IN2620210053,07.00 NL SDL 2031,7,13/Oct/2031,98.5917,7.3365
IN1320230098,07.70 BR SGS 2031,7.7,18/Oct/2031,101.5086,7.3365
IN2420230046,07.72 ML SGS 2031,7.72,18/Oct/2031,101.5921,7.3365
IN1920210052,06.95 KA SDL 2031,6.95,20/Oct/2031,98.3766,7.3365
IN1620210113,06.99 HR SDL 2031,6.99,20/Oct/2031,98.5437,7.3365
IN3820160015,07.27 PY SDL 2031,7.27,26/Oct/2031,99.7111,7.3365
IN1520210148,06.93 GJ SDL 2031 27 OCT,6.93,27/Oct/2031,98.2862,7.3365
IN2920210357,06.96 RJ SDL 2031,6.96,27/Oct/2031,98.4119,7.3365
IN1220210109,06.99 AS SDL 2031,6.99,27/Oct/2031,98.5376,7.3365
IN3320210146,06.99 UP SDL 2031,6.99,27/Oct/2031,98.5376,7.3365
IN1920200368,06.48 KA SDL 2031,6.48,28/Oct/2031,96.3988,7.3365
IN1720250092,06.99 HP SGS 2031,6.99,29/Oct/2031,98.5359,7.3365
IN1020190295,07.24 AP SDL 2031,7.24,30/Oct/2031,99.5839,7.3365
IN3520230076,07.73 CG SGS 2031,7.73,01/Nov/2031,101.6403,7.3365
IN1320230106,07.78 BR SGS 2031,7.78,01/Nov/2031,101.8502,7.3365
IN3120210221,06.96 TN SDL 2031,6.96,02/Nov/2031,98.4073,7.3365
IN2920210365,06.98 RJ SDL 2031 02 NOV,6.98,02/Nov/2031,98.4913,7.3365
IN1420210131,07.00 GA SDL 2031,7,02/Nov/2031,98.5753,7.3365
IN3420210178,07.00 WB SDL 2031 02 NOV,7,02/Nov/2031,98.5753,7.3365
IN2320210064,07.03 MN SDL 2031,7.03,02/Nov/2031,98.7013,7.3365
IN1020190311,07.22 AP SDL 2031NOV,7.22,06/Nov/2031,99.4975,7.3365
IN2920210373,06.92 RJ SDL 2031,6.92,10/Nov/2031,98.2317,7.3365
IN3320210153,06.93 UP SDL 2031,6.93,10/Nov/2031,98.2738,7.3365
IN1220210125,06.94 AS SDL 2031,6.94,10/Nov/2031,98.3160,7.3365
IN2820190089,07.30 PN SDL 2031,7.3,13/Nov/2031,99.8324,7.3365
IN1520240053,07.05 GJ SGS 2031,7.05,13/Nov/2031,98.7775,7.3365
IN1920220010,07.68 KA SGS 2031,7.68,16/Nov/2031,101.4374,7.3365
IN1920210086,06.90 KA SDL 2031,6.9,17/Nov/2031,98.1406,7.3365
IN3320210161,06.93 UP SDL 2031 17 NOV,6.93,17/Nov/2031,98.2675,7.3365
IN1520250177,06.84 GJ SGS 2031,6.84,19/Nov/2031,97.8849,7.3365
IN3820180039,08.52 PY SDL 2031,8.52,20/Nov/2031,104.9951,7.3365
IN1020190352,07.22 AP SDL 2031NOV1,7.22,20/Nov/2031,99.4923,7.3365
IN2020240205,07.08 KL SGS 2031,7.08,21/Nov/2031,98.8991,7.3365
IN2720160067,06.87 OD SDL 2031,6.87,23/Nov/2031,98.0079,7.3365
IN3820160023,06.87 PY SDL 2031,6.87,23/Nov/2031,98.0079,7.3365
IN1620220278,07.68 HR SGS 2031,7.68,23/Nov/2031,101.4410,7.3365
IN1920210102,06.87 KA SDL 2031,6.87,24/Nov/2031,98.0069,7.3365
IN1720210047,06.91 HP SDL 2031,6.91,24/Nov/2031,98.1765,7.3365
IN3420210194,06.91 WB SDL 2031,6.91,24/Nov/2031,98.1765,7.3365
IN3120190233,07.20 TN SDL 2031,7.2,27/Nov/2031,99.4051,7.3365
IN1020190378,07.21 AP SDL 2031,7.21,27/Nov/2031,99.4476,7.3365
IN3520230084,07.74 CG SGS 2031,7.74,29/Nov/2031,101.6992,7.3365
IN1920210128,06.83 KA SDL 2031,6.83,01/Dec/2031,97.8300,7.3365
IN2920210399,06.84 RJ SDL 2031,6.84,01/Dec/2031,97.8725,7.3365
IN3020210032,06.87 SK SDL 2031,6.87,01/Dec/2031,98.0001,7.3365
IN1920210136,06.83 KA SDL 2031 08 DEC,6.83,08/Dec/2031,97.8229,7.3365
IN1220210166,06.87 AS SDL 2031 08 DEC,6.87,08/Dec/2031,97.9936,7.3365
IN2520200071,06.68 MZ SDL 2031,6.68,09/Dec/2031,97.1817,7.3365
IN1020230653,07.71 AP SGS 2031,7.71,13/Dec/2031,101.5807,7.3365
IN3820160031,07.15 PY SDL 2031,7.15,14/Dec/2031,99.1858,7.3365
IN4520160123,07.15 TS SDL 2031,7.15,14/Dec/2031,99.1858,7.3365
IN1920210151,06.83 KA SDL 2031,6.83,15/Dec/2031,97.8160,7.3365
IN3120210262,06.83 TN SDL 2031 15 DEC,6.83,15/Dec/2031,97.8160,7.3365
IN1420210149,06.85 GA SDL 2031 15 DEC,6.85,15/Dec/2031,97.9016,7.3365
IN1520230138,07.55 GJ SGS 2031,7.55,20/Dec/2031,100.8992,7.3365
IN1920210177,06.96 KA SDL 2031 22 DEC,6.96,22/Dec/2031,98.3674,7.3365
IN3320210179,06.96 UP SDL 2031,6.96,22/Dec/2031,98.3674,7.3365
IN1220210174,06.97 AS SDL 2031 22 DEC,6.97,22/Dec/2031,98.4103,7.3365
IN1420210156,06.98 GA SDL 2031,6.98,22/Dec/2031,98.4532,7.3365
IN2620210061,07.00 NL SDL 2031 22 DEC,7,22/Dec/2031,98.5391,7.3365
IN1520250250,07.16 GJ SGS 2031,7.16,24/Dec/2031,99.2253,7.3365
IN1520220188,07.57 GJ SGS 2031,7.57,28/Dec/2031,100.9886,7.3365
IN3720220034,07.58 JH SGS 2031,7.58,28/Dec/2031,101.0316,7.3365
IN1420210164,07.00 GA SDL 2031 29 DEC,7,29/Dec/2031,98.5348,7.3365
IN2320210072,07.00 MN SDL 2031,7,29/Dec/2031,98.5348,7.3365
IN1920210193,07.02 KA SDL 2031,7.02,29/Dec/2031,98.6209,7.3365
IN3120210288,07.02 TN SDL 2031,7.02,29/Dec/2031,98.6209,7.3365
IN1220210190,07.03 AS SDL 2031,7.03,29/Dec/2031,98.6640,7.3365
IN1720210070,07.03 HP SDL 2031,7.03,29/Dec/2031,98.6640,7.3365
IN2920210415,07.03 RJ SDL 2031,7.03,29/Dec/2031,98.6640,7.3365
IN3320210187,07.04 UP SDL 2031,7.04,29/Dec/2031,98.7070,7.3365
IN3620210036,07.05 UK SDL 2031,7.05,29/Dec/2031,98.7501,7.3365
IN2920250361,07.24 RJ SGS 2031,7.24,31/Dec/2031,99.5680,7.3365
IN1320250229,07.42 BR SGS 2031,7.42,31/Dec/2031,100.3434,7.3365
IN1020230679,07.74 AP SGS 2032 03 JAN,7.74,03/Jan/2032,100.8506,7.5378
IN1920210219,07.10 KA SDL 2032,7.1,05/Jan/2032,98.1033,7.5378
IN1220210208,07.12 AS SDL 2032,7.12,05/Jan/2032,98.1892,7.5378
IN3320210195,07.12 UP SDL 2032,7.12,05/Jan/2032,98.1892,7.5378
IN1620210139,07.13 HR SDL 2032,7.13,05/Jan/2032,98.2321,7.5378
IN2820210135,07.14 PN SDL 2032,7.14,05/Jan/2032,98.2750,7.5378
IN3420210236,07.14 WB SDL 2032,7.14,05/Jan/2032,98.2750,7.5378
IN3120250581,07.22 TN SGS 2032,7.22,07/Jan/2032,98.6175,7.5378
IN1520240129,07.05 GJ SGS 2032,7.05,08/Jan/2032,97.8861,7.5378
IN1920240174,07.10 KA SGS 2032 08 JAN,7.1,08/Jan/2032,98.1010,7.5378
IN3620240066,07.13 UK SGS 2032,7.13,08/Jan/2032,98.2300,7.5378
IN1520230195,07.66 GJ SGS 2032,7.66,10/Jan/2032,100.5094,7.5378
IN2220160138,07.18 MH SDL 2032,7.18,11/Jan/2032,98.4433,7.5378
IN4520160131,07.18 TS SDL 2032,7.18,11/Jan/2032,98.4433,7.5378
IN1920210243,07.14 KA SDL 2032,7.14,12/Jan/2032,98.2704,7.5378
IN2920210423,07.14 RJ SDL 2032,7.14,12/Jan/2032,98.2704,7.5378
IN3320210203,07.15 UP SDL 2032,7.15,12/Jan/2032,98.3135,7.5378
IN2520200089,06.64 MZ SDL 2032,6.64,13/Jan/2032,96.1153,7.5378
IN3520230092,07.68 CG SGS 2032,7.68,17/Jan/2032,100.5980,7.5378
IN1520220196,07.57 GJ SGS 2032,7.57,18/Jan/2032,100.1234,7.5378
IN1420210172,07.23 GA SDL 2032,7.23,19/Jan/2032,98.6548,7.5378
IN2320210080,07.23 MN SDL 2032,7.23,19/Jan/2032,98.6548,7.5378
IN3420210244,07.23 WB SDL 2032,7.23,19/Jan/2032,98.6548,7.5378
IN1320210132,07.24 BR SDL 2032,7.24,19/Jan/2032,98.6980,7.5378
IN3320210211,07.24 UP SDL 2032,7.24,19/Jan/2032,98.6980,7.5378
IN3120250623,07.21 TN SGS 2032 21 JAN,7.21,21/Jan/2032,98.5674,7.5378
IN1720190108,07.18 HP SDL 2032,7.18,22/Jan/2032,98.4372,7.5378
IN3720230017,07.68 JH SGS 2032,7.68,24/Jan/2032,100.6008,7.5378
IN2220160153,07.25 MH SDL 2032,7.25,25/Jan/2032,98.7388,7.5378
IN3820160049,07.25 PY SDL 2032,7.25,25/Jan/2032,98.7388,7.5378
IN2920210456,07.24 RJ SDL 2032,7.24,25/Jan/2032,98.6955,7.5378
IN3120210304,07.24 TN SDL 2032,7.24,25/Jan/2032,98.6955,7.5378
IN3620210044,07.25 UK SDL 2032,7.25,25/Jan/2032,98.7388,7.5378
IN1120210027,07.27 AR SDL 2032,7.27,25/Jan/2032,98.8254,7.5378
IN3020210040,07.27 SK SDL 2032,7.27,25/Jan/2032,98.8254,7.5378
IN3320210229,07.28 UP SDL 2032,7.28,25/Jan/2032,98.8687,7.5378
IN1520220204,07.63 GJ SGS 2032,7.63,25/Jan/2032,100.3846,7.5378
IN2820190113,07.22 PN SDL 2032,7.22,29/Jan/2032,98.6071,7.5378
IN1020180395,08.22 AP SDL 2032,8.22,30/Jan/2032,102.9471,7.5378
IN1020220647,07.66 AP SGS 2032,7.66,01/Feb/2032,100.5169,7.5378
IN1920210326,07.21 KA SDL 2032,7.21,02/Feb/2032,98.5624,7.5378
IN2920210472,07.21 RJ SDL 2032,7.21,02/Feb/2032,98.5624,7.5378
IN1020200557,06.90 AP SDL 2032,6.9,03/Feb/2032,97.2147,7.5378
IN1520250276,07.17 GJ SGS 2032,7.17,04/Feb/2032,98.3877,7.5378
IN3620240074,07.14 UK SGS 2032,7.14,05/Feb/2032,98.2567,7.5378
IN1020240686,07.17 AP SGS 2032,7.17,05/Feb/2032,98.3872,7.5378
IN3520230134,07.51 CG SGS 2032,7.51,07/Feb/2032,99.8664,7.5378
IN4520220372,07.61 TS SGS 2032,7.61,08/Feb/2032,100.3020,7.5378
IN2920210480,07.24 RJ SDL 2032 09 FEB,7.24,09/Feb/2032,98.6902,7.5378
IN1920210342,07.30 KA SDL 2032,7.3,09/Feb/2032,98.9517,7.5378
IN1220210216,07.32 AS SDL 2032,7.32,09/Feb/2032,99.0388,7.5378
IN2320210098,07.34 MN SDL 2032,7.34,09/Feb/2032,99.1259,7.5378
IN1520240202,07.07 GJ SGS 2032,7.07,12/Feb/2032,97.9475,7.5378
IN4520160149,07.65 TS SDL 2032,7.65,15/Feb/2032,100.4792,7.5378
IN1520210197,07.06 GJ SDL 2032,7.06,16/Feb/2032,97.9013,7.5378
IN1220210232,07.09 AS SDL 2032,7.09,16/Feb/2032,98.0324,7.5378
IN2920210498,07.09 RJ SDL 2032,7.09,16/Feb/2032,98.0324,7.5378
IN3120250722,07.12 TN SGS 2032,7.12,18/Feb/2032,98.1624,7.5378
IN3520230217,07.48 CG SGS 2032,7.48,21/Feb/2032,99.7374,7.5378
IN1520210205,07.09 GJ SDL 2032,7.09,23/Feb/2032,98.0283,7.5378
IN3120210353,07.10 TN SDL 2032,7.1,23/Feb/2032,98.0721,7.5378
IN1220210240,07.12 AS SDL 2032 23 FEB,7.12,23/Feb/2032,98.1598,7.5378
IN1320210140,07.13 BR SDL 2032,7.13,23/Feb/2032,98.2036,7.5378
IN1620220435,07.73 HR SGS 2032,7.73,01/Mar/2032,100.8387,7.5378
IN1020220688,07.74 AP SGS 2032,7.74,01/Mar/2032,100.8827,7.5378
IN1520210213,07.12 GJ SDL 2032,7.12,02/Mar/2032,98.1554,7.5378
IN3120210379,07.14 TN SDL 2032,7.14,02/Mar/2032,98.2434,7.5378
IN1420210180,07.15 GA SDL 2032,7.15,02/Mar/2032,98.2874,7.5378
IN1320210157,07.17 BR SDL 2032,7.17,02/Mar/2032,98.3754,7.5378
IN2020210182,07.17 KL SDL 2032,7.17,02/Mar/2032,98.3754,7.5378
IN2920210514,07.17 RJ SDL 2032,7.17,02/Mar/2032,98.3754,7.5378
IN3420210269,07.17 WB SDL 2032,7.17,02/Mar/2032,98.3754,7.5378
IN1020190527,07.15 AP SDL 2032,7.15,04/Mar/2032,98.2865,7.5378
IN2720240109,07.20 OD SGS 2032,7.2,05/Mar/2032,98.5064,7.5378
IN1520210221,07.25 GJ SDL 2032,7.25,09/Mar/2032,98.7258,7.5378
IN1620210170,07.25 HR SDL 2032,7.25,09/Mar/2032,98.7258,7.5378
IN3120210403,07.25 TN SDL 2032,7.25,09/Mar/2032,98.7258,7.5378
IN1320190227,06.92 BR SDL 2032,6.92,11/Mar/2032,97.2679,7.5378
IN4920240251,07.22 JK SGS 2032,7.22,12/Mar/2032,98.5927,7.5378
IN3620240082,07.23 UK SGS 2032,7.23,12/Mar/2032,98.6369,7.5378
IN3520230233,07.38 CG SGS 2032,7.38,13/Mar/2032,99.2997,7.5378
IN2720160125,07.95 OD SDL 2032,7.95,15/Mar/2032,101.8216,7.5378
IN4520220448,07.69 TS SGS 2032,7.69,15/Mar/2032,100.6713,7.5378
IN1620220443,07.70 HR SGS 2032,7.7,15/Mar/2032,100.7156,7.5378
IN3120210445,07.19 TN SDL 2032,7.19,16/Mar/2032,98.4590,7.5378
IN2920210522,07.22 RJ SDL 2032 16 MAR,7.22,16/Mar/2032,98.5918,7.5378
IN3020210057,07.24 SK SDL 2032,7.24,16/Mar/2032,98.6803,7.5378
IN3720250031,07.20 JH SGS 2032,7.2,18/Mar/2032,98.5027,7.5378
IN1220250238,07.22 AS SGS 2032,7.22,18/Mar/2032,98.5913,7.5378
IN2120240246,07.14 MP SGS 2032,7.14,19/Mar/2032,98.2366,7.5378
IN3620240090,07.17 UK SGS 2032,7.17,19/Mar/2032,98.3695,7.5378
IN3520230266,07.46 CG SGS 2032,7.46,20/Mar/2032,99.6549,7.5378
IN3320230300,07.46 UP SGS 2032,7.46,20/Mar/2032,99.6549,7.5378
IN3120210478,07.23 TN SDL 2032,7.23,23/Mar/2032,98.6332,7.5378
IN2920210530,07.24 RJ SDL 2032,7.24,23/Mar/2032,98.6775,7.5378
IN1620210204,07.26 HR SDL 2032,7.26,23/Mar/2032,98.7663,7.5378
IN2420210063,07.27 ML SDL 2032,7.27,23/Mar/2032,98.8107,7.5378
IN1620220468,07.72 HR SGS 2032,7.72,23/Mar/2032,100.8082,7.5378
IN2220220239,07.72 MH SGS 2032,7.72,23/Mar/2032,100.8082,7.5378
IN1020220746,07.73 AP SGS 2032,7.73,23/Mar/2032,100.8526,7.5378
IN1620250424,07.42 HR SGS 2032,7.42,25/Mar/2032,99.4754,7.5378
IN2120240279,07.05 MP SGS 2032,7.05,26/Mar/2032,97.8305,7.5378
IN3620240108,07.05 UK SGS 2032,7.05,26/Mar/2032,97.8305,7.5378
IN1920230373,07.42 KA SGS 2032,7.42,27/Mar/2032,99.4742,7.5378
IN3520230290,07.47 CG SGS 2032,7.47,27/Mar/2032,99.6965,7.5378
IN3820160056,07.65 PY SDL 2032,7.65,29/Mar/2032,100.4965,7.5378
IN2220220254,07.73 MH SGS 2032,7.73,29/Mar/2032,100.8524,7.5378
IN1720220228,07.75 HP SGS 2032,7.75,29/Mar/2032,100.9414,7.5378
IN1520210239,07.29 GJ SDL 2032,7.29,30/Mar/2032,98.8939,7.5378
IN2920210563,07.29 RJ SDL 2032,7.29,30/Mar/2032,98.8939,7.5378
IN3120210510,07.30 TN SDL 2032,7.3,30/Mar/2032,98.9384,7.5378
IN2020210208,07.31 KL SDL 2032,7.31,30/Mar/2032,98.9829,7.5378
IN1220210257,07.33 AS SDL 2032,7.33,30/Mar/2032,99.0719,7.5378
IN1420210198,07.34 GA SDL 2032,7.34,30/Mar/2032,99.1164,7.5378
IN2320210106,07.34 MN SDL 2032 30 MAR,7.34,30/Mar/2032,99.1164,7.5378
IN2620210079,07.34 NL SDL 2032,7.34,30/Mar/2032,99.1164,7.5378
IN3620210051,07.34 UK SDL 2032,7.34,30/Mar/2032,99.1164,7.5378
IN3320210237,07.34 UP SDL 2032,7.34,30/Mar/2032,99.1164,7.5378
IN3020210065,07.35 SK SDL 2032,7.35,30/Mar/2032,99.1609,7.5378
IN3420210293,07.36 WB SDL 2032,7.36,30/Mar/2032,99.2055,7.5378
IN2920190484,07.88 RJ SDL 2032,7.88,31/Mar/2032,101.5201,7.5378
IN3720190062,08.10 JH SDL 2032,8.1,31/Mar/2032,102.4994,7.5378
IN2020200316,06.82 KL SDL 2032,6.82,31/Mar/2032,96.8018,7.5378
IN2820240017,07.49 PN SGS 2032,7.49,03/Apr/2032,99.7828,7.5378
IN1020230026,07.70 AP SGS 2032,7.7,06/Apr/2032,100.7186,7.5378
IN2020200027,08.10 KL SDL 2032,8.1,08/Apr/2032,102.5047,7.5378
IN1020240066,07.50 AP SGS 2032,7.5,24/Apr/2032,99.8199,7.5378
IN2820240033,07.55 PN SGS 2032,7.55,24/Apr/2032,100.0446,7.5378
IN1720250027,06.65 HP SGS 2032,6.65,30/Apr/2032,95.9894,7.5378
IN3320250019,06.67 UP SGS 2032,6.67,30/Apr/2032,96.0795,7.5378
IN2820240058,07.54 PN SGS 2032,7.54,02/May/2032,99.9978,7.5378
IN2220210016,06.82 MH SDL 2032,6.82,05/May/2032,96.7478,7.5378
IN3120260010,07.50 TN SGS 2032,7.5,06/May/2032,99.8164,7.5378
IN1520250011,06.61 GJ SGS 2032,6.61,07/May/2032,95.7963,7.5378
IN1020250065,06.67 AP SGS 2032,6.67,07/May/2032,96.0673,7.5378
IN1020220076,07.76 AP SDL 2032,7.76,11/May/2032,100.9914,7.5378
IN2220210032,06.84 MH SDL 2032,6.84,12/May/2032,96.8281,7.5378
IN2820240082,07.47 PN SGS 2032,7.47,15/May/2032,99.6784,7.5378
IN2920220018,07.70 RJ SDL 2032,7.7,18/May/2032,100.7209,7.5378
IN2220210057,06.83 MH SDL 2032,6.83,19/May/2032,96.7730,7.5378
IN1620210030,06.84 HR SDL 2032,6.84,19/May/2032,96.8184,7.5378
IN3320250027,06.51 UP SGS 2032,6.51,21/May/2032,95.3169,7.5378
IN2920240057,07.42 RJ SGS 2032,7.42,22/May/2032,99.4494,7.5378
IN2220210081,06.83 MH SDL 2032 25 MAY,6.83,25/May/2032,96.7647,7.5378
IN2220220064,07.70 MH SDL 2032,7.7,25/May/2032,100.7220,7.5378
IN1020220134,07.71 AP SDL 2032,7.71,25/May/2032,100.7675,7.5378
IN4920220022,07.72 JK SDL 2032,7.72,25/May/2032,100.8130,7.5378
IN2320220014,07.72 MN SDL 2032,7.72,25/May/2032,100.8130,7.5378
IN3420220011,07.73 WB SDL 2032 25 MAY,7.73,25/May/2032,100.8585,7.5378
IN2220230063,07.32 MH SGS 2032,7.32,31/May/2032,98.9911,7.5378
IN2420230012,07.36 ML SGS 2032,7.36,31/May/2032,99.1734,7.5378
IN1520220022,07.80 GJ SDL 2032,7.8,01/Jun/2032,101.1791,7.5378
IN3120220014,07.80 TN SDL 2032,7.8,01/Jun/2032,101.1791,7.5378
IN1420220015,07.81 GA SDL 2032,7.81,01/Jun/2032,101.2247,7.5378
IN1620220088,07.81 HR SDL 2032,7.81,01/Jun/2032,101.2247,7.5378
IN2320220022,07.82 MN SDL 2032,7.82,01/Jun/2032,101.2703,7.5378
IN3420220029,07.83 WB SDL 2032,7.83,01/Jun/2032,101.3159,7.5378
IN2220210107,06.86 MH SDL 2032,6.86,02/Jun/2032,96.8921,7.5378
IN1020190097,07.59 AP SDL 2032,7.59,04/Jun/2032,100.2217,7.5378
IN3120250078,06.40 TN SGS 2032,6.4,04/Jun/2032,94.7898,7.5378
IN3120240095,07.43 TN SGS 2032,7.43,05/Jun/2032,99.4911,7.5378
IN2220220098,07.89 MH SDL 2032,7.89,08/Jun/2032,101.5933,7.5378
IN3120240111,07.39 TN SGS 2032,7.39,12/Jun/2032,99.3062,7.5378
IN2220230089,07.35 MH SGS 2032,7.35,14/Jun/2032,99.1223,7.5378
IN3120220030,07.94 TN SDL 2032,7.94,15/Jun/2032,101.8266,7.5378
IN1620220104,07.95 HR SDL 2032,7.95,15/Jun/2032,101.8725,7.5378
IN2220210123,06.83 MH SDL 2032,6.83,16/Jun/2032,96.7369,7.5378
IN1020260072,07.28 AP SGS 2032,7.28,17/Jun/2032,98.8001,7.5378
IN1020230240,07.40 AP SGS 2032,7.4,21/Jun/2032,99.3496,7.5378
IN2920220042,07.83 RJ SDL 2032,7.83,22/Jun/2032,101.3259,7.5378
IN1220220017,07.86 AS SDL 2032,7.86,22/Jun/2032,101.4639,7.5378
IN2520220020,07.86 MZ SDL 2032,7.86,22/Jun/2032,101.4639,7.5378
IN2620220011,07.88 NL SDL 2032,7.88,22/Jun/2032,101.5558,7.5378
IN2220210149,06.89 MH SDL 2032,6.89,23/Jun/2032,97.0039,7.5378
IN2920210167,06.90 RJ SDL 2032,6.9,23/Jun/2032,97.0499,7.5378
IN1920250017,07.19 KA SGS 2032,7.19,24/Jun/2032,98.3829,7.5378
IN2220170046,07.18 MH SDL 2032JUN,7.18,28/Jun/2032,98.3344,7.5378
IN2220230105,07.40 MH SGS 2032,7.4,28/Jun/2032,99.3480,7.5378
IN2420230020,07.42 ML SGS 2032,7.42,28/Jun/2032,99.4402,7.5378
IN1520220030,07.82 GJ SDL 2032,7.82,29/Jun/2032,101.2836,7.5378
IN1220220033,07.85 AS SDL 2032,7.85,29/Jun/2032,101.4219,7.5378
IN2120220016,07.85 MP SDL 2032,7.85,29/Jun/2032,101.4219,7.5378
IN1620220112,07.86 HR SDL 2032,7.86,29/Jun/2032,101.4680,7.5378
IN2220210164,06.95 MH SDL 2032,6.95,30/Jun/2032,97.2727,7.5378
IN1020190121,07.43 AP SDL 2032,7.43,03/Jul/2032,99.4855,7.5378
IN1220220041,07.82 AS SDL 2032,7.82,06/Jul/2032,101.2875,7.5378
IN1720220020,07.82 HP SDL 2032,7.82,06/Jul/2032,101.2875,7.5378
IN3420220045,07.82 WB SDL 2032 06 JUL,7.82,06/Jul/2032,101.2875,7.5378
IN2220210180,07.01 MH SDL 2032,7.01,07/Jul/2032,97.5431,7.5378
IN3320260067,07.14 UP SGS 2032,7.14,08/Jul/2032,98.1435,7.5378
IN4520170049,07.22 TN SDL 2032,7.22,12/Jul/2032,98.5116,7.5378
IN1620230129,07.44 HR SGS 2032,7.44,12/Jul/2032,99.5307,7.5378
IN1620220138,07.81 HR SDL 2032 13 JUL,7.81,13/Jul/2032,101.2453,7.5378
IN1920250108,07.25 KA SGS 2032,7.25,14/Jul/2032,98.6497,7.5378
IN1020200243,06.48 AP SDL 2032,6.48,15/Jul/2032,95.0783,7.5378
IN1520220055,07.80 GJ SDL 2032 20 JUL,7.8,20/Jul/2032,101.2030,7.5378
IN1220220058,07.83 AS SDL 2032,7.83,20/Jul/2032,101.3424,7.5378
IN2320220030,07.83 MN SDL 2032,7.83,20/Jul/2032,101.3424,7.5378
IN2820220050,07.85 PN SDL 2032,7.85,20/Jul/2032,101.4353,7.5378
IN3120240152,07.33 TN SGS 2032,7.33,24/Jul/2032,99.0181,7.5378
IN2920170049,07.22 RJ SDL 2032,7.22,26/Jul/2032,98.5054,7.5378
IN1520220063,07.77 GJ SDL 2032,7.77,27/Jul/2032,101.0675,7.5378
IN3120220097,07.80 TN SDL 2032 27 JUL,7.8,27/Jul/2032,101.2073,7.5378
IN1620220153,07.81 HR SDL 2032,7.81,27/Jul/2032,101.2539,7.5378
IN2920220091,07.81 RJ SDL 2032,7.81,27/Jul/2032,101.2539,7.5378
IN2620220029,07.82 NL SDL 2032,7.82,27/Jul/2032,101.3004,7.5378
IN3020220015,07.82 SK SDL 2032,7.82,27/Jul/2032,101.3004,7.5378
IN1220250071,06.76 AS SGS 2032,6.76,30/Jul/2032,96.3580,7.5378
IN3120240186,07.27 TN SGS 2032,7.27,31/Jul/2032,98.7369,7.5378
IN2820240165,07.34 PN SGS 2032,7.34,31/Jul/2032,99.0635,7.5378
IN1520220071,07.61 GJ SDL 2032,7.61,03/Aug/2032,100.3238,7.5378
IN3120220105,07.64 TN SDL 2032,7.64,03/Aug/2032,100.4639,7.5378
IN1320220016,07.65 BR SDL 2032,7.65,03/Aug/2032,100.5106,7.5378
IN2920220125,07.65 RJ SDL 2032,7.65,03/Aug/2032,100.5106,7.5378
IN2620220037,07.67 NL SDL 2032,7.67,03/Aug/2032,100.6040,7.5378
IN1220220066,07.68 AS SDL 2032,7.68,03/Aug/2032,100.6507,7.5378
IN2920170056,07.23 RJ SDL 2032,7.23,09/Aug/2032,98.5471,7.5378
IN1020230398,07.47 AP SGS 2032,7.47,09/Aug/2032,99.6705,7.5378
IN4520230181,07.47 TS SGS 2032,7.47,09/Aug/2032,99.6705,7.5378
IN1520220089,07.73 GJ SDL 2032,7.73,10/Aug/2032,100.8880,7.5378
IN3120220113,07.75 TN SDL 2032,7.75,10/Aug/2032,100.9816,7.5378
IN1620220179,07.77 HR SDL 2032,7.77,10/Aug/2032,101.0753,7.5378
IN2920220141,07.77 RJ SDL 2032,7.77,10/Aug/2032,101.0753,7.5378
IN1920250173,07.19 KA SGS 2032 11 FEB,7.19,11/Aug/2032,98.3590,7.5378
IN1920200160,06.64 KA SDL 2032,6.64,19/Aug/2032,95.7717,7.5378
IN3120220139,07.60 TN SDL 2032,7.6,19/Aug/2032,100.2823,7.5378
IN1320220024,07.65 BR SDL 2032 19 AUG,7.65,19/Aug/2032,100.5173,7.5378
IN2720260040,07.16 OD SGS 2032,7.16,19/Aug/2032,98.2150,7.5378
IN1020170099,07.40 AP SDL 2032,7.4,23/Aug/2032,99.3427,7.5378
IN2020170089,07.48 KL SDL 2032,7.48,23/Aug/2032,99.7191,7.5378
IN4520170072,07.32 TS SDL 2032,7.32,23/Aug/2032,98.9662,7.5378
IN1220220082,07.65 AS SGS 2032,7.65,24/Aug/2032,100.5196,7.5378
IN3320220012,07.66 UP SGS 2032,7.66,24/Aug/2032,100.5666,7.5378
IN1920240273,07.16 KA SGS 2032,7.16,27/Aug/2032,98.2117,7.5378
IN1620220203,07.61 HR SGS 2032,7.61,30/Aug/2032,100.3337,7.5378
IN3120220147,07.61 TN SGS 2032,7.61,30/Aug/2032,100.3337,7.5378
IN1320220032,07.62 BR SGS 2032,7.62,30/Aug/2032,100.3809,7.5378
IN1720210021,06.98 HP SDL 2032,6.98,01/Sep/2032,97.3605,7.5378
IN2820250107,07.73 PN SGS 2032,7.73,03/Sep/2032,100.9019,7.5378
IN3120240269,07.19 TN SGS 2032,7.19,04/Sep/2032,98.3508,7.5378
IN1520250326,07.03 GJ SGS 2032,7.03,04/Sep/2032,97.5947,7.5378
IN3120240616,07.21 TN SGS 2032,7.21,05/Sep/2032,98.4450,7.5378
IN1920240299,07.22 KA SGS 2032,7.22,05/Sep/2032,98.4923,7.5378
IN1220220090,07.53 AS SGS 2032,7.53,07/Sep/2032,99.9584,7.5378
IN1320220040,07.53 BR SGS 2032,7.53,07/Sep/2032,99.9584,7.5378
IN1020190212,07.18 AP SDL 2032,7.18,11/Sep/2032,98.3013,7.5378
IN3720170023,07.43 JH SDL 2032,7.43,13/Sep/2032,99.4861,7.5378
IN2720170058,07.48 OD SDL 2032,7.48,13/Sep/2032,99.7232,7.5378
IN3420170067,07.49 WB SDL 2032,7.49,13/Sep/2032,99.7706,7.5378
IN1320220057,07.45 BR SGS 2032,7.45,14/Sep/2032,99.5812,7.5378
IN1620220211,07.45 HR SGS 2032,7.45,14/Sep/2032,99.5812,7.5378
IN3020220023,07.45 SK SGS 2032,7.45,14/Sep/2032,99.5812,7.5378
IN2120220024,07.46 MP SGS 2032,7.46,14/Sep/2032,99.6286,7.5378
IN3120250284,07.15 TN SGS 2032,7.15,17/Sep/2032,98.1571,7.5378
IN3520240091,07.14 CG SGS 2032,7.14,19/Sep/2032,98.1089,7.5378
IN1220220108,07.55 AS SGS 2032,7.55,21/Sep/2032,100.0583,7.5378
IN1320220065,07.55 BR SGS 2032,7.55,21/Sep/2032,100.0583,7.5378
IN1920200269,06.78 KA SDL 2032,6.78,23/Sep/2032,96.3927,7.5378
IN2220200199,06.78 MH SDL 2032,6.78,23/Sep/2032,96.3927,7.5378
IN1520250144,07.07 GJ SGS 2032 24 SEP,7.07,24/Sep/2032,97.7718,7.5378
IN2220240302,07.07 MH SGS 2032,7.07,25/Sep/2032,97.7706,7.5378
IN1920240323,07.04 KA SGS 2032,7.04,26/Sep/2032,97.6265,7.5378
IN2920240511,07.04 RJ SGS 2032,7.04,26/Sep/2032,97.6265,7.5378
IN1720170043,07.49 HP SDL 2032,7.49,27/Sep/2032,99.7701,7.5378
IN3720170031,07.49 JH SDL 2032,7.49,27/Sep/2032,99.7701,7.5378
IN4520170098,07.49 TS SDL 2032,7.49,27/Sep/2032,99.7701,7.5378
IN2220220114,07.64 MH SGS 2032,7.64,28/Sep/2032,100.4849,7.5378
IN2920220166,07.65 RJ SGS 2032,7.65,28/Sep/2032,100.5326,7.5378
IN1620220229,07.67 HR SGS 2032,7.67,28/Sep/2032,100.6279,7.5378
IN3320220020,07.68 UP SGS 2032,7.68,28/Sep/2032,100.6756,7.5378
IN3420220128,07.68 WB SGS 2032,7.68,28/Sep/2032,100.6756,7.5378
IN1320220073,07.69 BR SGS 2032,7.69,28/Sep/2032,100.7233,7.5378
IN1420220049,07.69 GA SGS 2032,7.69,28/Sep/2032,100.7233,7.5378
IN2320220048,07.71 MN SGS 2032,7.71,28/Sep/2032,100.8187,7.5378
IN2220200207,07.10 MH SDL 2032,7.1,30/Sep/2032,97.9080,7.5378
IN3620250040,07.30 UK SGS 2032,7.3,01/Oct/2032,98.8615,7.5378
IN1520220105,07.75 GJ SGS 2032,7.75,04/Oct/2032,101.0095,7.5378
IN2520220061,07.78 MZ SGS 2032,7.78,04/Oct/2032,101.1528,7.5378
IN2920220174,07.79 RJ SGS 2032,7.79,04/Oct/2032,101.2006,7.5378
IN3120220170,07.79 TN SGS 2032,7.79,04/Oct/2032,101.2006,7.5378
IN3320220038,07.81 UP SGS 2032,7.81,04/Oct/2032,101.2962,7.5378
IN4520230264,07.55 TS SGS 2032,7.55,04/Oct/2032,100.0538,7.5378
IN1920210029,06.93 KA SDL 2032,6.93,06/Oct/2032,97.0886,7.5378
IN2220200231,07.05 MH SDL 2032,7.05,07/Oct/2032,97.6613,7.5378
IN2120200174,07.07 MP SDL 2032,7.07,07/Oct/2032,97.7569,7.5378
IN4920200099,07.15 JK SDL 2032,7.15,07/Oct/2032,98.1396,7.5378
IN1020190253,07.22 AP SDL 2032,7.22,09/Oct/2032,98.4727,7.5378
IN1920240042,07.10 KA SGS 2032,7.1,09/Oct/2032,97.8983,7.5378
IN2220240344,07.10 MH SGS 2032,7.1,09/Oct/2032,97.8983,7.5378
IN1020180288,08.60 AP SDL 2032,8.6,10/Oct/2032,105.0799,7.5378
IN3720170049,07.62 JH SDL 2032,7.62,11/Oct/2032,100.3871,7.5378
IN1520220113,07.81 GJ SGS 2032,7.81,12/Oct/2032,101.2973,7.5378
IN1620220237,07.83 HR SGS 2032,7.83,12/Oct/2032,101.3932,7.5378
IN1220220116,07.85 AS SGS 2032,7.85,12/Oct/2032,101.4890,7.5378
IN1320220081,07.85 BR SGS 2032,7.85,12/Oct/2032,101.4890,7.5378
IN3020220031,07.85 SK SGS 2032,7.85,12/Oct/2032,101.4890,7.5378
IN3620220019,07.85 UK SGS 2032,7.85,12/Oct/2032,101.4890,7.5378
IN1920210045,07.03 KA SDL 2032,7.03,13/Oct/2032,97.5586,7.5378
IN3320240010,07.08 UP SGS 2032,7.08,16/Oct/2032,97.7951,7.5378
IN1020180296,08.60 AP SDL 2032OCT,8.6,17/Oct/2032,105.0905,7.5378
IN1920230019,07.64 KA SGS 2032,7.64,18/Oct/2032,100.4821,7.5378
IN1320220099,07.73 BR SGS 2032,7.73,19/Oct/2032,100.9143,7.5378
IN1420220056,07.74 GA SGS 2032,7.74,19/Oct/2032,100.9624,7.5378
IN1920200343,06.62 KA SDL 2032,6.62,21/Oct/2032,95.5785,7.5378
IN3120250334,06.99 TN SGS 2032,6.99,23/Oct/2032,97.3548,7.5378
IN1620220252,07.81 HR SGS 2032,7.81,27/Oct/2032,101.3003,7.5378
IN3120220188,07.82 TN SGS 2032,7.82,27/Oct/2032,101.3485,7.5378
IN1420220064,07.83 GA SGS 2032,7.83,27/Oct/2032,101.3967,7.5378
IN1220220124,07.84 AS SGS 2032,7.84,27/Oct/2032,101.4448,7.5378
IN2920220190,07.84 RJ SGS 2032,7.84,27/Oct/2032,101.4448,7.5378
IN1320220107,07.85 BR SGS 2032 27 OCT,7.85,27/Oct/2032,101.4930,7.5378
IN1020180312,08.55 AP SDL 2032,8.55,31/Oct/2032,104.8697,7.5378
IN3720170056,07.67 JH SDL 2032,7.67,01/Nov/2032,100.6259,7.5378
IN1220220132,07.82 AS SGS 2032,7.82,02/Nov/2032,101.3498,7.5378
IN2920220216,07.82 RJ SGS 2032,7.82,02/Nov/2032,101.3498,7.5378
IN2220200306,06.56 MH SDL 2032,6.56,04/Nov/2032,95.2654,7.5378
IN1020180320,08.55 AP SDL 2032NOV,8.55,06/Nov/2032,104.8788,7.5378
IN3420170109,07.73 WB SDL 2032,7.73,08/Nov/2032,100.9163,7.5378
IN2620220045,07.82 NL SGS 2032,7.82,09/Nov/2032,101.3518,7.5378
IN3020220049,07.82 SK SGS 2032,7.82,09/Nov/2032,101.3518,7.5378
IN1320220115,07.83 BR SGS 2032,7.83,09/Nov/2032,101.4002,7.5378
IN3120250375,07.01 TN SGS 2032,7.01,12/Nov/2032,97.4299,7.5378
IN3320250084,07.02 UP SGS 2032,7.02,12/Nov/2032,97.4784,7.5378
IN1020180338,08.50 AP SDL 2032,8.5,14/Nov/2032,104.6489,7.5378
IN1220220140,07.67 AS SGS 2032,7.67,16/Nov/2032,100.6266,7.5378
IN1920220028,07.67 KA SGS 2032,7.67,16/Nov/2032,100.6266,7.5378
IN1320220123,07.68 BR SGS 2032,7.68,16/Nov/2032,100.6751,7.5378
IN3320240028,07.10 UP SGS 2032,7.1,21/Nov/2032,97.8577,7.5378
IN2420230053,07.66 ML SGS 2032,7.66,22/Nov/2032,100.5785,7.5378
IN1420220072,07.69 GA SGS 2032 23 NOV,7.69,23/Nov/2032,100.7244,7.5378
IN1320220131,07.70 BR SGS 2032,7.7,23/Nov/2032,100.7730,7.5378
IN1720210054,06.93 HP SDL 2032,6.93,24/Nov/2032,97.0283,7.5378
IN1920200442,06.66 KA SDL 2032,6.66,25/Nov/2032,95.7136,7.5378
IN2220200330,06.67 MH SDL 2032,6.67,25/Nov/2032,95.7622,7.5378
IN4920200115,06.70 JK SDL 2032,6.7,25/Nov/2032,95.9082,7.5378
IN1520250185,06.98 GJ SGS 2032,6.98,26/Nov/2032,97.2694,7.5378
IN3620250057,07.06 UK SGS 2032,7.06,26/Nov/2032,97.6587,7.5378
IN3120240376,07.10 TN SGS 2032,7.1,27/Nov/2032,97.8525,7.5378
IN3420170125,07.62 WB SDL 2032,7.62,29/Nov/2032,100.3843,7.5378
IN1520220162,07.60 GJ SGS 2032,7.6,30/Nov/2032,100.2869,7.5378
IN1220220157,07.62 AS SGS 2032,7.62,30/Nov/2032,100.3844,7.5378
IN1420220080,07.62 GA SGS 2032,7.62,30/Nov/2032,100.3844,7.5378
IN2820220159,07.62 PN SGS 2032,7.62,30/Nov/2032,100.3844,7.5378
IN3720200036,06.68 JH SDL 2032,6.68,02/Dec/2032,95.7999,7.5378
IN3120250441,07.09 TN SGS 2032,7.09,03/Dec/2032,97.7987,7.5378
IN1520240087,07.04 GJ SGS 2032,7.04,04/Dec/2032,97.5538,7.5378
IN3720170064,07.68 JH SDL 2032,7.68,06/Dec/2032,100.6778,7.5378
IN1020230638,07.73 AP SGS 2032 06 DEC,7.73,06/Dec/2032,100.9220,7.5378
IN1320220149,07.55 BR SGS 2032 07 DEC,7.55,07/Dec/2032,100.0428,7.5378
IN1920210144,06.88 KA SDL 2032,6.88,08/Dec/2032,96.7682,7.5378
IN3420170141,07.82 WB SDL 2032,7.82,13/Dec/2032,101.3646,7.5378
IN1420220098,07.55 GA SGS 2032,7.55,14/Dec/2032,100.0427,7.5378
IN1220220165,07.57 AS SGS 2032,7.57,14/Dec/2032,100.1406,7.5378
IN1720220145,07.57 HP SGS 2032,7.57,14/Dec/2032,100.1406,7.5378
IN1320220156,07.58 BR SGS 2032,7.58,14/Dec/2032,100.1896,7.5378
IN3120250490,07.16 TN SGS 2032,7.16,17/Dec/2032,98.1305,7.5378
IN2420230061,07.63 ML SGS 2032,7.63,20/Dec/2032,100.4353,7.5378
IN1920220119,07.60 KA SGS 2032,7.6,21/Dec/2032,100.2882,7.5378
IN1620220336,07.63 HR SGS 2032,7.63,21/Dec/2032,100.4355,7.5378
IN1320220164,07.64 BR SGS 2032,7.64,21/Dec/2032,100.4846,7.5378
IN3420220177,07.64 WB SGS 2032,7.64,21/Dec/2032,100.4846,7.5378
IN1420220106,07.65 GA SGS 2032,7.65,21/Dec/2032,100.5337,7.5378
IN2620220052,07.65 NL SGS 2032,7.65,21/Dec/2032,100.5337,7.5378
IN4520210209,07.04 TS SDL 2032,7.04,22/Dec/2032,97.5379,7.5378
IN2720250116,07.24 OD SGS 2032,7.24,24/Dec/2032,98.5192,7.5378
IN3620250065,07.64 UK SGS 2032,7.64,24/Dec/2032,100.4851,7.5378
IN3720170072,07.79 JH SDL 2032,7.79,27/Dec/2032,101.2237,7.5378
IN4520170130,07.79 TS SDL 2032,7.79,27/Dec/2032,101.2237,7.5378
IN1520230153,07.58 GJ SGS 2032,7.58,27/Dec/2032,100.1905,7.5378
IN1920220135,07.60 KA SGS 2032 28 DEC,7.6,28/Dec/2032,100.2891,7.5378
IN2920220224,07.61 RJ SGS 2032,7.61,28/Dec/2032,100.3383,7.5378
IN3120220238,07.61 TN SGS 2032 28 DEC,7.61,28/Dec/2032,100.3383,7.5378
IN1120220018,07.62 AR SGS 2032,7.62,28/Dec/2032,100.3875,7.5378
IN1420220114,07.62 GA SGS 2032 28 DEC,7.62,28/Dec/2032,100.3875,7.5378
IN2020220116,07.63 KL SGS 2032,7.63,28/Dec/2032,100.4367,7.5378
IN3820220017,07.63 PY SGS 2032,7.63,28/Dec/2032,100.4367,7.5378
IN1920200541,06.62 KA SDL 2032 30 DEC,6.62,30/Dec/2032,95.4626,7.5378
IN3820200050,06.64 PY SDL 2032,6.64,30/Dec/2032,95.5611,7.5378
IN2020170097,07.83 KL SDL 2033,7.83,03/Jan/2033,101.2426,7.5742
IN1920220168,07.60 KA SGS 2033,7.6,04/Jan/2033,100.1100,7.5742
IN3120220253,07.62 TN SGS 2033,7.62,04/Jan/2033,100.2085,7.5742
IN1620220369,07.63 HR SGS 2033,7.63,04/Jan/2033,100.2578,7.5742
IN2620220060,07.67 NL SGS 2033,7.67,04/Jan/2033,100.4548,7.5742
IN1920210227,07.18 KA SDL 2033,7.18,05/Jan/2033,98.0402,7.5742
IN4520210225,07.18 TS SDL 2033,7.18,05/Jan/2033,98.0402,7.5742
IN1920240182,07.10 KA SGS 2033,7.1,08/Jan/2033,97.6437,7.5742
IN3120220261,07.57 TN SGS 2033,7.57,11/Jan/2033,99.9626,7.5742
IN1020220621,07.59 AP SGS 2033,7.59,11/Jan/2033,100.0614,7.5742
IN3620220027,07.62 UK SGS 2033,7.62,11/Jan/2033,100.2096,7.5742
IN1020190428,07.24 AP SDL 2033,7.24,15/Jan/2033,98.3310,7.5742
IN1520230203,07.64 GJ SGS 2033,7.64,17/Jan/2033,100.3096,7.5742
IN3520230100,07.67 CG SGS 2033,7.67,17/Jan/2033,100.4581,7.5742
IN1920200582,06.61 KA SDL 2033,6.61,20/Jan/2033,95.2076,7.5742
IN3120250631,07.31 TN SGS 2033,7.31,21/Jan/2033,98.6751,7.5742
IN3720170098,07.90 JH SDL 2033,7.9,24/Jan/2033,101.6012,7.5742
IN1520230229,07.63 GJ SGS 2033,7.63,24/Jan/2033,100.2617,7.5742
IN2520210054,07.29 MZ SDL 2033,7.29,25/Jan/2033,98.5746,7.5742
IN1420220130,07.64 GA SGS 2033,7.64,25/Jan/2033,100.3116,7.5742
IN2220220163,07.64 MH SGS 2033,7.64,25/Jan/2033,100.3116,7.5742
IN1620220385,07.65 HR SGS 2033,7.65,25/Jan/2033,100.3612,7.5742
IN2920220232,07.65 RJ SGS 2033,7.65,25/Jan/2033,100.3612,7.5742
IN3120220279,07.65 TN SGS 2033,7.65,25/Jan/2033,100.3612,7.5742
IN1220220173,07.67 AS SGS 2033,7.67,25/Jan/2033,100.4605,7.5742
IN1720200147,06.63 HP SDL 2033,6.63,27/Jan/2033,95.2963,7.5742
IN2720250157,07.34 OD SGS 2033,7.34,28/Jan/2033,98.8220,7.5742
IN2820250164,07.62 PN SGS 2033,7.62,28/Jan/2033,100.2130,7.5742
IN1520230245,07.60 GJ SGS 2033,7.6,31/Jan/2033,100.1141,7.5742
IN3520230126,07.65 CG SGS 2033,7.65,31/Jan/2033,100.3627,7.5742
IN2920230405,07.66 RJ SGS 2033 31 JAN,7.66,31/Jan/2033,100.4124,7.5742
IN1520220212,07.65 GJ SGS 2033,7.65,01/Feb/2033,100.3630,7.5742
IN2920220257,07.66 RJ SGS 2033,7.66,01/Feb/2033,100.4127,7.5742
IN2120220040,07.67 MP SGS 2033,7.67,01/Feb/2033,100.4624,7.5742
IN2620220078,07.67 NL SGS 2033 01 FEB,7.67,01/Feb/2033,100.4624,7.5742
IN1620220401,07.68 HR SGS 2033,7.68,01/Feb/2033,100.5122,7.5742
IN1220220181,07.69 AS SGS 2033,7.69,01/Feb/2033,100.5619,7.5742
IN1920250157,07.33 KA SGS 2033,7.33,04/Feb/2033,98.7709,7.5742
IN2120250344,07.34 MP SGS 2033,7.34,04/Feb/2033,98.8207,7.5742
IN1020190469,07.18 AP SDL 2033,7.18,05/Feb/2033,98.0236,7.5742
IN2120220065,07.64 MP SGS 2033,7.64,08/Feb/2033,100.3154,7.5742
IN4520220380,07.64 TS SGS 2033,7.64,08/Feb/2033,100.3154,7.5742
IN1320220172,07.66 BR SGS 2033,7.66,08/Feb/2033,100.4151,7.5742
IN1220220199,07.67 AS SGS 2033 08 FEB,7.67,08/Feb/2033,100.4649,7.5742
IN3620220035,07.67 UK SGS 2033,7.67,08/Feb/2033,100.4649,7.5742
IN2520200097,07.04 MZ SDL 2033,7.04,10/Feb/2033,97.3229,7.5742
IN3120250698,07.31 TN SGS 2033 11 FEB,7.31,11/Feb/2033,98.6695,7.5742
IN3520240034,07.14 CG SGS 2033,7.14,12/Feb/2033,97.8207,7.5742
IN3720170114,08.08 JH SDL 2033,8.08,14/Feb/2033,102.5153,7.5742
IN1520230286,07.42 GJ SGS 2033,7.42,14/Feb/2033,99.2183,7.5742
IN3520230175,07.46 CG SGS 2033,7.46,14/Feb/2033,99.4182,7.5742
IN3320220103,07.66 UP SGS 2033,7.66,15/Feb/2033,100.4176,7.5742
IN1220220207,07.71 AS SGS 2033,7.71,15/Feb/2033,100.6675,7.5742
IN1320220180,07.72 BR SGS 2033,7.72,15/Feb/2033,100.7175,7.5742
IN1520240236,07.08 GJ SGS 2033 20 FEB,7.08,20/Feb/2033,97.5162,7.5742
IN1920230258,07.48 KA SGS 2033,7.48,21/Feb/2033,99.5186,7.5742
IN1620220427,07.65 HR SGS 2033 22 FEB,7.65,22/Feb/2033,100.3703,7.5742
IN3020220056,07.66 SK SGS 2033,7.66,22/Feb/2033,100.4204,7.5742
IN3320220111,07.66 UP SGS 2033 22 FEB,7.66,22/Feb/2033,100.4204,7.5742
IN1320220198,07.68 BR SGS 2033,7.68,22/Feb/2033,100.5206,7.5742
IN1020220670,07.71 AP SGS 2033,7.71,22/Feb/2033,100.6709,7.5742
IN2920250395,07.44 RJ SGS 2033,7.44,25/Feb/2033,99.3185,7.5742
IN1720190132,06.95 HP SDL 2033,6.95,26/Feb/2033,96.8606,7.5742
IN3120240574,07.17 TN SGS 2033,7.17,27/Feb/2033,97.9638,7.5742
IN3520230225,07.45 CG SGS 2033,7.45,28/Feb/2033,99.3690,7.5742
IN2820230257,07.46 PN SGS 2033,7.46,28/Feb/2033,99.4192,7.5742
IN1520220253,07.71 GJ SGS 2033,7.71,01/Mar/2033,100.6755,7.5742
IN1320220206,07.72 BR SGS 2033 01 MAR,7.72,01/Mar/2033,100.7258,7.5742
IN2220220189,07.74 MH SGS 2033,7.74,01/Mar/2033,100.8263,7.5742
IN3620220050,07.74 UK SGS 2033,7.74,01/Mar/2033,100.8263,7.5742
IN3120250763,07.23 TN SGS 2033,7.23,04/Mar/2033,98.2628,7.5742
IN3120240624,07.22 TN SGS 2033,7.22,05/Mar/2033,98.2122,7.5742
IN2220220205,07.70 MH SGS 2033,7.7,08/Mar/2033,100.6290,7.5742
IN1320220214,07.71 BR SGS 2033,7.71,08/Mar/2033,100.6794,7.5742
IN2520200105,07.27 MZ SDL 2033,7.27,10/Mar/2033,98.4628,7.5742
IN3520230241,07.39 CG SGS 2033,7.39,13/Mar/2033,99.0677,7.5742
IN2220220221,07.66 MH SGS 2033,7.66,15/Mar/2033,100.4310,7.5742
IN1520220287,07.68 GJ SGS 2033,7.68,15/Mar/2033,100.5320,7.5742
IN1220220223,07.72 AS SGS 2033,7.72,15/Mar/2033,100.7340,7.5742
IN1320220222,07.73 BR SGS 2033,7.73,15/Mar/2033,100.7845,7.5742
IN3320220145,07.73 UP SGS 2033,7.73,15/Mar/2033,100.7845,7.5742
IN3120250839,07.28 TN SGS 2033,7.28,18/Mar/2033,98.5120,7.5742
IN3120240715,07.15 TN SGS 2033,7.15,19/Mar/2033,97.8546,7.5742
IN3320240127,07.17 UP SGS 2033,7.17,19/Mar/2033,97.9557,7.5742
IN3520230274,07.47 CG SGS 2033,7.47,20/Mar/2033,99.4727,7.5742
IN1720220210,07.76 HP SGS 2033,7.76,23/Mar/2033,100.9400,7.5742
IN2920220315,07.77 RJ SGS 2033,7.77,23/Mar/2033,100.9906,7.5742
IN2820200235,06.86 PN SDL 2033,6.86,24/Mar/2033,96.3820,7.5742
IN1520240301,07.02 GJ SGS 2033,7.02,26/Mar/2033,97.1897,7.5742
IN1020240777,07.04 AP SGS 2033,7.04,26/Mar/2033,97.2911,7.5742
IN1920230381,07.44 KA SGS 2033,7.44,27/Mar/2033,99.3175,7.5742
IN3520230308,07.47 CG SGS 2033 27 MAR,7.47,27/Mar/2033,99.4696,7.5742
IN2920230546,07.47 RJ SGS 2033,7.47,27/Mar/2033,99.4696,7.5742
IN2620220086,07.75 NL SGS 2033,7.75,29/Mar/2033,100.8888,7.5742
IN3020220064,07.75 SK SGS 2033,7.75,29/Mar/2033,100.8888,7.5742
IN3620220068,07.76 UK SGS 2033,7.76,29/Mar/2033,100.9396,7.5742
IN1620220484,07.77 HR SGS 2033,7.77,29/Mar/2033,100.9903,7.5742
IN2920220349,07.78 RJ SGS 2033,7.78,29/Mar/2033,101.0410,7.5742
IN3320220186,07.79 UP SGS 2033,7.79,29/Mar/2033,101.0917,7.5742
IN1020190584,07.80 AP SDL 2033,7.8,31/Mar/2033,101.1425,7.5742
IN3820200092,06.98 PY SDL 2033,6.98,31/Mar/2033,96.9817,7.5742
IN1020250016,06.78 AP SGS 2033,6.78,04/Apr/2033,95.9603,7.5742
IN1020230034,07.71 AP SGS 2033 06 APR,7.71,06/Apr/2033,100.6851,7.5742
IN1220230016,07.58 AS SGS 2033,7.58,12/Apr/2033,100.0223,7.5742
IN2620230010,07.58 NL SGS 2033,7.58,12/Apr/2033,100.0223,7.5742
IN2820230018,07.59 PN SGS 2033,7.59,12/Apr/2033,100.0733,7.5742
IN2020260013,07.60 KL SGS 2033,7.6,15/Apr/2033,100.1235,7.5742
IN3320260018,07.60 UP SGS 2033,7.6,15/Apr/2033,100.1235,7.5742
IN4920210015,06.78 JK SDL 2033,6.78,16/Apr/2033,95.9410,7.5742
IN2920230017,07.56 RJ SGS 2033,7.56,19/Apr/2033,99.9183,7.5742
IN4520260030,07.54 TS SGS 2033,7.54,22/Apr/2033,99.8153,7.5742
IN4520230025,07.43 TS SGS 2033,7.43,26/Apr/2033,99.2512,7.5742
IN3120230013,07.44 TN SGS 2033,7.44,03/May/2033,99.2993,7.5742
IN2920230041,07.45 RJ SGS 2033,7.45,03/May/2033,99.3506,7.5742
IN3320230011,07.45 UP SGS 2033,7.45,03/May/2033,99.3506,7.5742
IN2220210024,06.87 MH SDL 2033,6.87,05/May/2033,96.3735,7.5742
IN4920210023,06.90 JK SDL 2033,6.9,05/May/2033,96.5275,7.5742
IN1520250029,06.68 GJ SGS 2033,6.68,07/May/2033,95.3953,7.5742
IN1020190071,08.06 AP SDL 2033,8.06,08/May/2033,102.4817,7.5742
IN1720240028,07.47 HP SGS 2033,7.47,08/May/2033,99.4513,7.5742
IN1020230091,07.39 AP SGS 2033,7.39,10/May/2033,99.0394,7.5742
IN3120230021,07.39 TN SGS 2033,7.39,10/May/2033,99.0394,7.5742
IN1220230024,07.40 AS SGS 2033,7.4,10/May/2033,99.0908,7.5742
IN1620220054,07.73 HR SDL 2033,7.73,11/May/2033,100.7869,7.5742
IN2220210040,06.88 MH SDL 2033,6.88,12/May/2033,96.4156,7.5742
IN2520210013,06.90 MZ SDL 2033,6.9,12/May/2033,96.5184,7.5742
IN2320260010,07.75 MN SGS 2033,7.75,13/May/2033,100.8900,7.5742
IN1020240173,07.45 AP SGS 2033 15 MAY,7.45,15/May/2033,99.3459,7.5742
IN3120230039,07.33 TN SGS 2033,7.33,17/May/2033,98.7271,7.5742
IN1220230032,07.37 AS SGS 2033,7.37,17/May/2033,98.9331,7.5742
IN2220210065,06.87 MH SDL 2033 19 MAY,6.87,19/May/2033,96.3550,7.5742
IN3120230047,07.32 TN SGS 2033,7.32,24/May/2033,98.6717,7.5742
IN2620230028,07.33 NL SGS 2033,7.33,24/May/2033,98.7234,7.5742
IN3320230029,07.33 UP SGS 2033,7.33,24/May/2033,98.7234,7.5742
IN1220230040,07.34 AS SGS 2033,7.34,24/May/2033,98.7750,7.5742
IN2920230058,07.34 RJ SGS 2033,7.34,24/May/2033,98.7750,7.5742
IN1620230053,07.35 HR SGS 2033,7.35,24/May/2033,98.8266,7.5742
IN2020210026,06.84 KL SDL 2033,6.84,25/May/2033,96.1924,7.5742
IN1520250078,06.51 GJ SGS 2033,6.51,28/May/2033,94.4826,7.5742
IN3120240079,07.38 TN SGS 2033,7.38,29/May/2033,98.9794,7.5742
IN1620230079,07.36 HR SGS 2033,7.36,31/May/2033,98.8755,7.5742
IN2120230015,07.36 MP SGS 2033,7.36,31/May/2033,98.8755,7.5742
IN2920230066,07.36 RJ SGS 2033,7.36,31/May/2033,98.8755,7.5742
IN1020230166,07.37 AP SGS 2033,7.37,31/May/2033,98.9272,7.5742
IN2620230036,07.37 NL SGS 2033,7.37,31/May/2033,98.9272,7.5742
IN3020230014,07.37 SK SGS 2033,7.37,31/May/2033,98.9272,7.5742
IN1020220159,07.90 AP SDL 2033,7.9,01/Jun/2033,101.6691,7.5742
IN1620210048,06.95 HR SDL 2033,6.95,02/Jun/2033,96.7526,7.5742
IN3120260044,07.69 TN SGS 2033,7.69,03/Jun/2033,100.5827,7.5742
IN1620230087,07.32 HR SGS 2033,7.32,07/Jun/2033,98.6651,7.5742
IN1020230182,07.33 AP SGS 2033,7.33,07/Jun/2033,98.7170,7.5742
IN1220230057,07.34 AS SGS 2033 07 JUN,7.34,07/Jun/2033,98.7688,7.5742
IN2920230082,07.34 RJ SGS 2033 07 JUN,7.34,07/Jun/2033,98.7688,7.5742
IN3820210091,07.35 PY SDL 2033,7.35,09/Jun/2033,98.8198,7.5742
IN1020250164,06.65 AP SGS 2033,6.65,11/Jun/2033,95.1856,7.5742
IN3120230070,07.35 TN SGS 2033,7.35,14/Jun/2033,98.8178,7.5742
IN1420230014,07.36 GA SGS 2033,7.36,14/Jun/2033,98.8697,7.5742
IN1620230103,07.36 HR SGS 2033 14 JUN,7.36,14/Jun/2033,98.8697,7.5742
IN2620230044,07.37 NL SGS 2033 14 JUN,7.37,14/Jun/2033,98.9217,7.5742
IN2820260056,07.55 PN SGS 2033,7.55,17/Jun/2033,99.6753,7.6091
IN2920240131,07.38 RJ SGS 2033,7.38,19/Jun/2033,98.9719,7.5742
IN2820240132,07.39 PN SGS 2033,7.39,19/Jun/2033,99.0240,7.5742
IN3120230096,07.39 TN SGS 2033 21 JUN,7.39,21/Jun/2033,99.0234,7.5742
IN1620230111,07.40 HR SGS 2033,7.4,28/Jun/2033,99.0735,7.5742
IN1020220233,07.93 AP SDL 2033,7.93,29/Jun/2033,101.8400,7.5742
IN4920210049,07.10 JK SDL 2033,7.1,30/Jun/2033,97.5064,7.5742
IN1520250094,06.70 GJ SGS 2033,6.7,02/Jul/2033,95.4149,7.5742
IN1020240355,07.37 AP SGS 2033 03 JUL,7.37,03/Jul/2033,98.9155,7.5742
IN2820240140,07.38 PN SGS 2033,7.38,03/Jul/2033,98.9678,7.5742
IN2920230108,07.44 RJ SGS 2033,7.44,05/Jul/2033,99.2810,7.5742
IN3120230138,07.44 TN SGS 2033 05 JUL,7.44,05/Jul/2033,99.2810,7.5742
IN1220230065,07.45 AS SGS 2033,7.45,05/Jul/2033,99.3334,7.5742
IN1720230037,07.45 HP SGS 2033,7.45,05/Jul/2033,99.3334,7.5742
IN3720260014,07.30 JH SGS 2033,7.3,08/Jul/2033,98.5477,7.5742
IN2020260054,07.30 KL SGS 2033,7.3,08/Jul/2033,98.5477,7.5742
IN2820180072,08.50 PN SDL 2033,8.5,11/Jul/2033,104.8347,7.5742
IN3120230153,07.42 TN SGS 2033,7.42,12/Jul/2033,99.1752,7.5742
IN3120220071,07.87 TN SDL 2033,7.87,13/Jul/2033,101.5346,7.5742
IN3320250035,06.86 UP SGS 2033,6.86,16/Jul/2033,96.2355,7.5742
IN1020250230,06.87 AP SGS 2033,6.87,16/Jul/2033,96.2880,7.5742
IN3120230161,07.35 TN SGS 2033 19 JUL,7.35,19/Jul/2033,98.8064,7.5742
IN1420230030,07.38 GA SGS 2033,7.38,19/Jul/2033,98.9640,7.5742
IN1920250116,07.32 KA SGS 2033 21 JUL,7.32,21/Jul/2033,98.6482,7.5742
IN3920260038,07.31 DL SGS 2033,7.31,22/Jul/2033,98.7777,7.5393
IN1020180189,08.42 AP SDL 2033,8.42,25/Jul/2033,104.4368,7.5742
IN3120230179,07.39 TN SGS 2033,7.39,26/Jul/2033,99.0154,7.5742
IN3320230045,07.40 UP SGS 2033,7.4,26/Jul/2033,99.0680,7.5742
IN1420230048,07.41 GA SGS 2033,7.41,26/Jul/2033,99.1207,7.5742
IN2920230124,07.41 RJ SGS 2033,7.41,26/Jul/2033,99.1207,7.5742
IN1020200250,06.49 AP SDL 2033,6.49,29/Jul/2033,94.2720,7.5742
IN1020230364,07.45 AP SGS 2033,7.45,02/Aug/2033,99.3310,7.5742
IN1220230073,07.45 AS SGS 2033 02 AUG,7.45,02/Aug/2033,99.3310,7.5742
IN2520220046,07.74 MZ SDL 2033,7.74,03/Aug/2033,100.8612,7.5742
IN1020250263,06.96 AP SGS 2033,6.96,06/Aug/2033,96.7430,7.5742
IN1720240069,07.25 HP SGS 2033,7.25,07/Aug/2033,98.2743,7.5742
IN2820180080,08.49 PN SDL 2033,8.49,08/Aug/2033,104.8273,7.5742
IN3120230211,07.44 TN SGS 2033 09 AUG,7.44,09/Aug/2033,99.2781,7.5742
IN4920210056,07.10 JK SDL 2033 11 AUG,7.1,11/Aug/2033,97.4795,7.5742
IN1920240240,07.11 KA SGS 2033,7.11,12/Aug/2033,97.5319,7.5742
IN1320240014,07.26 BR SGS 2033,7.26,14/Aug/2033,98.3250,7.5742
IN1620230145,07.49 HR SGS 2033,7.49,17/Aug/2033,99.5431,7.5742
IN1420230055,07.50 GA SGS 2033,7.5,17/Aug/2033,99.5961,7.5742
IN1920250207,07.25 KA SGS 2033,7.25,18/Aug/2033,98.2708,7.5742
IN1520250110,07.02 GJ SGS 2033 20 AUG,7.02,20/Aug/2033,97.0501,7.5742
IN3320250043,07.12 UP SGS 2033,7.12,20/Aug/2033,97.5806,7.5742
IN1320240022,07.24 BR SGS 2033,7.24,21/Aug/2033,98.2169,7.5742
IN1420230063,07.49 GA SGS 2033,7.49,23/Aug/2033,99.5438,7.5742
IN1520250300,07.24 GJ SGS 2033,7.24,25/Aug/2033,98.2158,7.5742
IN1920200186,06.77 KA SDL 2033,6.77,26/Aug/2033,95.7175,7.5742
IN1020190196,07.17 AP SDL 2033,7.17,28/Aug/2033,97.8427,7.5742
IN2920240230,07.23 RJ SGS 2033,7.23,28/Aug/2033,98.1618,7.5742
IN1320240030,07.25 BR SGS 2033,7.25,28/Aug/2033,98.2681,7.5742
IN2720250066,07.25 OD SGS 2033,7.25,28/Aug/2033,98.2681,7.5742
IN2020250139,07.52 KL SGS 2033,7.52,28/Aug/2033,99.7040,7.5742
IN1420230071,07.44 GA SGS 2033,7.44,30/Aug/2033,99.2787,7.5742
IN1620230152,07.44 HR SGS 2033,7.44,30/Aug/2033,99.2787,7.5742
IN2920230157,07.44 RJ SGS 2033 30 AUG,7.44,30/Aug/2033,99.2787,7.5742
IN2120180061,08.64 MP SDL 2033,8.64,03/Sep/2033,105.6708,7.5742
IN1020250289,07.48 AP SGS 2033,7.48,03/Sep/2033,99.4920,7.5742
IN1320250088,07.54 BR SGS 2033,7.54,03/Sep/2033,99.8116,7.5742
IN1920250264,07.31 KA SGS 2033,7.31,04/Sep/2033,98.5864,7.5742
IN3120230229,07.43 TN SGS 2033,7.43,06/Sep/2033,99.2259,7.5742
IN1020230422,07.44 AP SGS 2033,7.44,06/Sep/2033,99.2793,7.5742
IN1220230099,07.47 AS SGS 2033,7.47,06/Sep/2033,99.4392,7.5742
IN1420230089,07.47 GA SGS 2033,7.47,06/Sep/2033,99.4392,7.5742
IN3620230018,07.47 UK SGS 2033,7.47,06/Sep/2033,99.4392,7.5742
IN2120200158,06.79 MP SDL 2033,6.79,09/Sep/2033,95.8108,7.5742
IN2420260043,07.55 ML SGS 2033,7.55,09/Sep/2033,99.8666,7.5742
IN2220250293,07.18 MH SGS 2033,7.18,10/Sep/2033,97.8918,7.5742
IN1320240048,07.21 BR SGS 2033,7.21,11/Sep/2033,98.0516,7.5742
IN1520250342,07.23 GJ SGS 2033,7.23,11/Sep/2033,98.1584,7.5742
IN2720180107,08.79 OD SDL 2033,8.79,12/Sep/2033,106.4910,7.5742
IN3420180041,08.79 WB SDL 2033,8.79,12/Sep/2033,106.4910,7.5742
IN3820240080,07.27 PY SGS 2033,7.27,12/Sep/2033,98.3719,7.5742
IN2220230113,07.46 MH SGS 2033,7.46,13/Sep/2033,99.3869,7.5742
IN1620230186,07.47 HR SGS 2033,7.47,13/Sep/2033,99.4404,7.5742
IN3620230026,07.48 UK SGS 2033,7.48,13/Sep/2033,99.4938,7.5742
IN1720220061,07.48 HP SGS 2033,7.48,14/Sep/2033,99.4940,7.5742
IN2220210248,06.91 MH SDL 2033,6.91,15/Sep/2033,96.4467,7.5742
IN1920200244,06.75 KA SDL 2033,6.75,16/Sep/2033,95.5902,7.5742
IN2120200166,06.76 MP SDL 2033,6.76,16/Sep/2033,95.6437,7.5742
IN3120250292,07.19 TN SGS 2033,7.19,17/Sep/2033,97.9431,7.5742
IN2220240260,07.10 MH SGS 2033,7.1,19/Sep/2033,97.4608,7.5742
IN1320240055,07.11 BR SGS 2033,7.11,19/Sep/2033,97.5144,7.5742
IN3520240109,07.16 CG SGS 2033,7.16,19/Sep/2033,97.7820,7.5742
IN1620230194,07.45 HR SGS 2033,7.45,22/Sep/2033,99.3342,7.5742
IN1420230105,07.46 GA SGS 2033,7.46,22/Sep/2033,99.3878,7.5742
IN3020230022,07.46 SK SGS 2033,7.46,22/Sep/2033,99.3878,7.5742
IN1320240063,07.12 BR SGS 2033,7.12,25/Sep/2033,97.5628,7.5742
IN1520250383,07.44 GJ SGS 2033,7.44,25/Sep/2033,99.2789,7.5742
IN1020180262,08.71 AP SDL 2033,8.71,26/Sep/2033,106.0911,7.5742
IN1920240331,07.03 KA SGS 2033,7.03,26/Sep/2033,97.0789,7.5742
IN2920230199,07.46 RJ SGS 2033,7.46,27/Sep/2033,99.3850,7.5742
IN1620230210,07.47 HR SGS 2033 27 SEP,7.47,27/Sep/2033,99.4387,7.5742
IN1420230113,07.49 GA SGS 2033 27 SEP,7.49,27/Sep/2033,99.5460,7.5742
IN2920210308,06.94 RJ SDL 2033,6.94,29/Sep/2033,96.5920,7.5742
IN2820210093,06.98 PN SDL 2033,6.98,29/Sep/2033,96.8068,7.5742
IN1020180270,08.62 AP SDL 2033,8.62,03/Oct/2033,105.6173,7.5742
IN2020180096,08.54 KL SDL 2033,8.54,03/Oct/2033,105.1873,7.5742
IN1320240071,07.11 BR SGS 2033 03 OCT,7.11,03/Oct/2033,97.5004,7.5742
IN3120230245,07.52 TN SGS 2033,7.52,04/Oct/2033,99.7039,7.5742
IN1620230236,07.53 HR SGS 2033,7.53,04/Oct/2033,99.7577,7.5742
IN2920230223,07.54 RJ SGS 2033,7.54,04/Oct/2033,99.8115,7.5742
IN3620230034,07.54 UK SGS 2033,7.54,04/Oct/2033,99.8115,7.5742
IN1220230115,07.62 AS SGS 2033,7.62,04/Oct/2033,100.2416,7.5742
IN3720210027,07.00 JH SDL 2033,7,06/Oct/2033,96.9054,7.5742
IN1520250151,07.06 GJ SGS 2033,7.06,08/Oct/2033,97.2260,7.5742
IN1020250347,07.14 AP SGS 2033,7.14,08/Oct/2033,97.6566,7.5742
IN1920240059,07.12 KA SGS 2033,7.12,09/Oct/2033,97.5479,7.5742
IN1320240089,07.14 BR SGS 2033,7.14,09/Oct/2033,97.6556,7.5742
IN3420180058,08.73 WB SDL 2033,8.73,10/Oct/2033,106.2190,7.5742
IN1420230121,07.70 GA SGS 2033,7.7,11/Oct/2033,100.6709,7.5742
IN3620230042,07.71 UK SGS 2033,7.71,11/Oct/2033,100.7248,7.5742
IN3020230030,07.75 SK SGS 2033 11 OCT,7.75,11/Oct/2033,100.9403,7.5742
IN1920200327,06.75 KA SDL 2033 14 OCT,6.75,14/Oct/2033,95.5475,7.5742
IN2720250090,07.08 OD SGS 2033,7.08,15/Oct/2033,97.3261,7.5742
IN3320250050,07.12 UP SGS 2033 15 OCT,7.12,15/Oct/2033,97.5418,7.5742
IN3120230260,07.65 TN SGS 2033 18 OCT,7.65,18/Oct/2033,100.4003,7.5742
IN1220230123,07.67 AS SGS 2033,7.67,18/Oct/2033,100.5083,7.5742
IN1420230139,07.67 GA SGS 2033,7.67,18/Oct/2033,100.5083,7.5742
IN1320240097,07.11 BR SGS 2033,7.11,23/Oct/2033,97.4799,7.5742
IN1920180032,08.73 KA SDL 2033,8.73,24/Oct/2033,106.2406,7.5742
IN3420180066,08.72 WB SDL 2033,8.72,24/Oct/2033,106.1865,7.5742
IN1920230027,07.69 KA SGS 2033,7.69,25/Oct/2033,100.6158,7.5742
IN3320230110,07.70 UP SGS 2033,7.7,25/Oct/2033,100.6699,7.5742
IN2920230249,07.71 RJ SGS 2033,7.71,25/Oct/2033,100.7240,7.5742
IN3120230286,07.72 TN SGS 2033,7.72,25/Oct/2033,100.7781,7.5742
IN2120220032,07.88 MP SGS 2033,7.88,27/Oct/2033,101.6442,7.5742
IN1020200433,06.55 AP SDL 2033,6.55,28/Oct/2033,94.4427,7.5742
IN1620250200,07.10 HR SGS 2033,7.1,29/Oct/2033,97.4199,7.5742
IN3320230128,07.71 UP SGS 2033,7.71,01/Nov/2033,100.7239,7.5742
IN1420230147,07.73 GA SGS 2033,7.73,01/Nov/2033,100.8323,7.5742
IN2920230256,07.73 RJ SGS 2033,7.73,01/Nov/2033,100.8323,7.5742
IN2820230182,07.77 PN SGS 2033,7.77,01/Nov/2033,101.0490,7.5742
IN4920210080,07.06 JK SDL 2033,7.06,02/Nov/2033,97.2002,7.5742
IN1020220571,07.86 AP SGS 2033,7.86,02/Nov/2033,101.5370,7.5742
IN1420230154,07.70 GA SGS 2033 08 NOV,7.7,08/Nov/2033,100.6696,7.5742
IN1920230068,07.70 KA SGS 2033,7.7,08/Nov/2033,100.6696,7.5742
IN2220230139,07.71 MH SGS 2033,7.71,08/Nov/2033,100.7240,7.5742
IN2920230298,07.72 RJ SGS 2033,7.72,08/Nov/2033,100.7783,7.5742
IN3320230136,07.73 UP SGS 2033 08 NOV,7.73,08/Nov/2033,100.8326,7.5742
IN1220230131,07.74 AS SGS 2033,7.74,08/Nov/2033,100.8869,7.5742
IN2220250368,07.07 MH SGS 2033,7.07,12/Nov/2033,97.2445,7.5742
IN2520250068,07.14 MZ SGS 2033,7.14,12/Nov/2033,97.6251,7.5742
IN1520240061,07.08 GJ SGS 2033,7.08,13/Nov/2033,97.2979,7.5742
IN1420230162,07.70 GA SGS 2033,7.7,15/Nov/2033,100.6698,7.5742
IN2220230154,07.70 MH SGS 2033 15 NOV,7.7,15/Nov/2033,100.6698,7.5742
IN1920200426,06.72 KA SDL 2033,6.72,18/Nov/2033,95.3325,7.5742
IN3320250100,07.12 UP SGS 2033,7.12,19/Nov/2033,97.5102,7.5742
IN1420230170,07.65 GA SGS 2033,7.65,22/Nov/2033,100.3976,7.5742
IN1620230285,07.65 HR SGS 2033,7.65,22/Nov/2033,100.3976,7.5742
IN2620230051,07.67 NL SGS 2033,7.67,22/Nov/2033,100.5067,7.5742
IN1120230017,07.68 AR SGS 2033,7.68,22/Nov/2033,100.5612,7.5742
IN1720210062,06.92 HP SDL 2033,6.92,24/Nov/2033,96.4148,7.5742
IN1520250193,07.07 GJ SGS 2033,7.07,26/Nov/2033,97.2314,7.5742
IN2820250131,07.29 PN SGS 2033,7.29,26/Nov/2033,98.4324,7.5742
IN1620230293,07.71 HR SGS 2033,7.71,29/Nov/2033,100.7255,7.5742
IN2920230322,07.74 RJ SGS 2033,7.74,29/Nov/2033,100.8894,7.5742
IN1420230188,07.75 GA SGS 2033,7.75,29/Nov/2033,100.9441,7.5742
IN3320230193,07.75 UP SGS 2033,7.75,29/Nov/2033,100.9441,7.5742
IN1020220605,07.64 AP SGS 2033,7.64,30/Nov/2033,100.3431,7.5742
IN1020200482,06.68 AP SDL 2033,6.68,02/Dec/2033,95.0933,7.5742
IN3120250458,07.18 TN SGS 2033,7.18,03/Dec/2033,97.8269,7.5742
IN2120250252,07.20 MP SGS 2033,7.2,03/Dec/2033,97.9363,7.5742
IN1020180353,08.44 AP SDL 2033,8.44,05/Dec/2033,104.7218,7.5742
IN1920230092,07.69 KA SGS 2033 06 DEC,7.69,06/Dec/2033,100.6170,7.5742
IN1620230319,07.72 HR SGS 2033,7.72,06/Dec/2033,100.7812,7.5742
IN2920230355,07.74 RJ SGS 2033 06 DEC,7.74,06/Dec/2033,100.8907,7.5742
IN2620230069,07.78 NL SGS 2033,7.78,06/Dec/2033,101.1097,7.5742
IN1520250219,07.19 GJ SGS 2033,7.19,10/Dec/2033,97.8769,7.5742
IN3320250142,07.24 UP SGS 2033,7.24,10/Dec/2033,98.1509,7.5742
IN1520240095,07.04 GJ SGS 2033,7.04,11/Dec/2033,97.0538,7.5742
IN3420180090,08.42 WB SDL 2033,8.42,12/Dec/2033,104.6214,7.5742
IN1620230327,07.71 HR SGS 2033 13 DEC,7.71,13/Dec/2033,100.7276,7.5742
IN1220230149,07.74 AS SGS 2033 13 DEC,7.74,13/Dec/2033,100.8922,7.5742
IN1920210169,06.89 KA SDL 2033,6.89,15/Dec/2033,96.2269,7.5742
IN3520250033,07.37 CG SGS 2033,7.37,17/Dec/2033,98.8610,7.5742
IN2420240078,07.11 ML SGS 2033,7.11,18/Dec/2033,97.4322,7.5742
IN3320230219,07.62 UP SGS 2033,7.62,20/Dec/2033,100.2343,7.5742
IN1120230025,07.63 AR SGS 2033,7.63,20/Dec/2033,100.2892,7.5742
IN1420230196,07.63 GA SGS 2033,7.63,20/Dec/2033,100.2892,7.5742
IN4920210106,07.00 JK SDL 2033,7,22/Dec/2033,96.8242,7.5742
IN1920210185,07.02 KA SDL 2033,7.02,22/Dec/2033,96.9342,7.5742
IN1920250025,07.32 KA SGS 2033,7.32,24/Dec/2033,98.5835,7.5742
IN1320250211,07.65 BR SGS 2033,7.65,24/Dec/2033,100.3997,7.5742
IN3420180108,08.24 WB SDL 2033,8.24,26/Dec/2033,103.6489,7.5742
IN1520240103,07.11 GJ SGS 2033,7.11,26/Dec/2033,97.4264,7.5742
IN3120230344,07.66 TN SGS 2033,7.66,27/Dec/2033,100.4552,7.5742
IN1420230204,07.67 GA SGS 2033 27 DEC,7.67,27/Dec/2033,100.5103,7.5742
IN2920230363,07.67 RJ SGS 2033,7.67,27/Dec/2033,100.5103,7.5742
IN3620230059,07.67 UK SGS 2033 27 DEC,7.67,27/Dec/2033,100.5103,7.5742
IN3320230235,07.67 UP SGS 2033,7.67,27/Dec/2033,100.5103,7.5742
IN1720210088,07.14 HP SDL 2033,7.14,29/Dec/2033,97.5896,7.5742
IN4520210217,07.14 TS SDL 2033,7.14,29/Dec/2033,97.5896,7.5742
IN1920230167,07.74 KA SGS 2034,7.74,03/Jan/2034,100.3675,7.6700
IN2920230371,07.74 RJ SGS 2034,7.74,03/Jan/2034,100.3675,7.6700
IN2020220124,07.64 KL SGS 2034,7.64,04/Jan/2034,99.8175,7.6700
IN3720200044,06.66 JH SDL 2034,6.66,06/Jan/2034,94.4232,7.6700
IN1920250082,07.34 KA SGS 2034,7.34,07/Jan/2034,98.1658,7.6700
IN1520240137,07.06 GJ SGS 2034,7.06,08/Jan/2034,96.6232,7.6700
IN3120230369,07.72 TN SGS 2034,7.72,10/Jan/2034,100.2586,7.6700
IN1220230172,07.78 AS SGS 2034,7.78,10/Jan/2034,100.5892,7.6700
IN1920210250,07.29 KA SDL 2034,7.29,12/Jan/2034,97.8879,7.6700
IN1020180387,08.25 AP SDL 2034,8.25,16/Jan/2034,103.1854,7.6700
IN3420180116,08.25 WB SDL 2034,8.25,16/Jan/2034,103.1854,7.6700
IN1520230211,07.64 GJ SGS 2034,7.64,17/Jan/2034,99.8181,7.6700
IN1720230102,07.67 HP SGS 2034,7.67,17/Jan/2034,99.9837,7.6700
IN4520210241,07.34 TS SDL 2034,7.34,19/Jan/2034,98.1607,7.6700
IN1020190444,07.19 AP SDL 2034,7.19,22/Jan/2034,97.3301,7.6700
IN1520230237,07.63 GJ SGS 2034,7.63,24/Jan/2034,99.7633,7.6700
IN2920230397,07.67 RJ SGS 2034,7.67,24/Jan/2034,99.9847,7.6700
IN1420230212,07.69 GA SGS 2034,7.69,24/Jan/2034,100.0953,7.6700
IN3120250656,07.39 TN SGS 2034,7.39,28/Jan/2034,98.4343,7.6700
IN1520240160,07.05 GJ SGS 2034,7.05,29/Jan/2034,96.5501,7.6700
IN3120230419,07.62 TN SGS 2034,7.62,31/Jan/2034,99.7085,7.6700
IN1420230220,07.65 GA SGS 2034,7.65,31/Jan/2034,99.8748,7.6700
IN2920230413,07.66 RJ SGS 2034,7.66,31/Jan/2034,99.9302,7.6700
IN3020230048,07.70 SK SGS 2034,7.7,31/Jan/2034,100.1519,7.6700
IN1920210334,07.32 KA SDL 2034,7.32,02/Feb/2034,98.0450,7.6700
IN2220250434,07.44 MH SGS 2034,7.44,04/Feb/2034,98.7101,7.6700
IN1020190477,07.14 AP SDL 2034,7.14,05/Feb/2034,97.0448,7.6700
IN1020240694,07.07 AP SGS 2034,7.07,05/Feb/2034,96.6563,7.6700
IN1520240194,07.07 GJ SGS 2034,7.07,05/Feb/2034,96.6563,7.6700
IN3320230250,07.49 UP SGS 2034 07 FEB,7.49,07/Feb/2034,98.9873,7.6700
IN2920230439,07.51 RJ SGS 2034,7.51,07/Feb/2034,99.0984,7.6700
IN1220230198,07.52 AS SGS 2034,7.52,07/Feb/2034,99.1539,7.6700
IN2120250377,07.44 MP SGS 2034,7.44,11/Feb/2034,98.7090,7.6700
IN1520240210,07.08 GJ SGS 2034,7.08,12/Feb/2034,96.7067,7.6700
IN3420180140,08.36 WB SDL 2034,8.36,13/Feb/2034,103.8269,7.6700
IN2120220073,07.62 MP SGS 2034,7.62,15/Feb/2034,99.7104,7.6700
IN4920210122,07.13 JK SDL 2034,7.13,16/Feb/2034,96.9823,7.6700
IN2120250401,07.34 MP SGS 2034,7.34,18/Feb/2034,98.1510,7.6700
IN3120230435,07.44 TN SGS 2034,7.44,21/Feb/2034,98.7078,7.6700
IN2920230447,07.48 RJ SGS 2034,7.48,21/Feb/2034,98.9308,7.6700
IN3320230268,07.48 UP SGS 2034,7.48,21/Feb/2034,98.9308,7.6700
IN2620230077,07.49 NL SGS 2034,7.49,21/Feb/2034,98.9866,7.6700
IN2220250475,07.34 MH SGS 2034,7.34,25/Feb/2034,98.1492,7.6700
IN1920250223,07.37 KA SGS 2034,7.37,25/Feb/2034,98.3167,7.6700
IN2820250198,07.54 PN SGS 2034,7.54,25/Feb/2034,99.2657,7.6700
IN1720190140,06.95 HP SDL 2034,6.95,26/Feb/2034,95.9712,7.6700
IN2020180153,08.40 KL SDL 2034,8.4,27/Feb/2034,104.0694,7.6700
IN3520240042,07.20 CG SGS 2034,7.2,27/Feb/2034,97.3667,7.6700
IN3120230443,07.42 TN SGS 2034,7.42,28/Feb/2034,98.5953,7.6700
IN1920230274,07.44 KA SGS 2034,7.44,28/Feb/2034,98.7071,7.6700
IN2920230454,07.44 RJ SGS 2034,7.44,28/Feb/2034,98.7071,7.6700
IN3620230067,07.46 UK SGS 2034,7.46,28/Feb/2034,98.8189,7.6700
IN3320230276,07.46 UP SGS 2034,7.46,28/Feb/2034,98.8189,7.6700
IN4520210274,07.13 TS SDL 2034,7.13,02/Mar/2034,96.9730,7.6700
IN2220250491,07.33 MH SGS 2034,7.33,04/Mar/2034,98.0912,7.6700
IN1020240744,07.22 AP SGS 2034,7.22,05/Mar/2034,97.4752,7.6700
IN3520240067,07.28 CG SGS 2034,7.28,05/Mar/2034,97.8111,7.6700
IN1620180118,08.44 HR SDL 2034,8.44,06/Mar/2034,104.3067,7.6700
IN3420180173,08.47 WB SDL 2034,8.47,06/Mar/2034,104.4747,7.6700
IN3120230450,07.40 TN SGS 2034,7.4,06/Mar/2034,98.4828,7.6700
IN1220230214,07.42 AS SGS 2034,7.42,06/Mar/2034,98.5948,7.6700
IN1520220279,07.71 GJ SGS 2034,7.71,08/Mar/2034,100.2195,7.6700
IN4520220422,07.73 TS SGS 2034,7.73,08/Mar/2034,100.3316,7.6700
IN2520210070,07.25 MZ SDL 2034,7.25,09/Mar/2034,97.6418,7.6700
IN1020190535,06.88 AP SDL 2034,6.88,11/Mar/2034,95.5662,7.6700
IN1920230316,07.36 KA SGS 2034,7.36,13/Mar/2034,98.2578,7.6700
IN2920230496,07.37 RJ SGS 2034,7.37,13/Mar/2034,98.3139,7.6700
IN3520230258,07.38 CG SGS 2034,7.38,13/Mar/2034,98.3700,7.6700
IN3320230284,07.38 UP SGS 2034,7.38,13/Mar/2034,98.3700,7.6700
IN1720230128,07.39 HP SGS 2034,7.39,13/Mar/2034,98.4261,7.6700
IN2020230222,07.39 KL SGS 2034,7.39,13/Mar/2034,98.4261,7.6700
IN1120230033,07.41 AR SGS 2034,7.41,13/Mar/2034,98.5383,7.6700
IN1520250367,07.29 GJ SGS 2034,7.29,18/Mar/2034,97.8638,7.6700
IN3420180199,08.19 WB SDL 2034,8.19,20/Mar/2034,102.9234,7.6700
IN3120230484,07.44 TN SGS 2034 20 MAR,7.44,20/Mar/2034,98.7067,7.6700
IN2920230512,07.46 RJ SGS 2034,7.46,20/Mar/2034,98.8192,7.6700
IN1220230222,07.47 AS SGS 2034,7.47,20/Mar/2034,98.8754,7.6700
IN3520230282,07.47 CG SGS 2034,7.47,20/Mar/2034,98.8754,7.6700
IN1420230238,07.47 GA SGS 2034,7.47,20/Mar/2034,98.8754,7.6700
IN3620230075,07.47 UK SGS 2034,7.47,20/Mar/2034,98.8754,7.6700
IN2620230085,07.48 NL SGS 2034,7.48,20/Mar/2034,98.9316,7.6700
IN3020230055,07.50 SK SGS 2034,7.5,20/Mar/2034,99.0440,7.6700
IN2220230311,07.42 MH SGS 2034,7.42,22/Mar/2034,98.5935,7.6700
IN2920210548,07.37 RJ SDL 2034,7.37,23/Mar/2034,98.3114,7.6700
IN2020210190,07.42 KL SDL 2034,7.42,23/Mar/2034,98.5927,7.6700
IN1520220311,07.72 GJ SGS 2034,7.72,23/Mar/2034,100.2808,7.6700
IN2220220247,07.73 MH SGS 2034,7.73,23/Mar/2034,100.3371,7.6700
IN4520220455,07.78 TS SGS 2034,7.78,23/Mar/2034,100.5603,7.6802
IN3820200084,06.86 PY SDL 2034,6.86,24/Mar/2034,95.4401,7.6700
IN1920250330,07.61 KA SGS 2034,7.61,25/Mar/2034,99.6609,7.6700
IN3120230518,07.43 TN SGS 2034,7.43,27/Mar/2034,98.6460,7.6700
IN2920230553,07.44 RJ SGS 2034 27 MAR,7.44,27/Mar/2034,98.7023,7.6700
IN3520230316,07.47 CG SGS 2034 27 MAR,7.47,27/Mar/2034,98.8713,7.6700
IN3320220194,07.81 UP SGS 2034 29 MAR,7.81,29/Mar/2034,100.7862,7.6700
IN3320210245,07.35 UP SDL 2034,7.35,30/Mar/2034,98.1928,7.6700
IN3720200085,06.82 JH SDL 2034,6.82,31/Mar/2034,95.2050,7.6700
IN3120240012,07.42 TN SGS 2034 03 APR,7.42,03/Apr/2034,98.5853,7.6700
IN2420240011,07.46 ML SGS 2034,7.46,03/Apr/2034,98.8109,7.6700
IN1020250024,06.79 AP SGS 2034,6.79,04/Apr/2034,95.0292,7.6700
IN1020220019,07.29 AP SDL 2034,7.29,08/Apr/2034,97.8473,7.6700
IN1220240015,07.50 AS SGS 2034,7.5,10/Apr/2034,99.0325,7.6700
IN1620240011,07.48 HR SGS 2034,7.48,18/Apr/2034,98.9148,7.6700
IN2220260045,07.55 MH SGS 2034,7.55,22/Apr/2034,99.4403,7.6468
IN1020260031,07.63 AP SGS 2034,7.63,22/Apr/2034,99.7631,7.6700
IN3120240038,07.49 TN SGS 2034,7.49,24/Apr/2034,98.9682,7.6700
IN2120260038,07.64 MP SGS 2034,7.64,29/Apr/2034,99.8177,7.6700
IN1720250035,06.79 HP SGS 2034,6.79,30/Apr/2034,94.9873,7.6700
IN1620240029,07.52 HR SGS 2034,7.52,02/May/2034,99.1347,7.6700
IN2920240016,07.52 RJ SGS 2034,7.52,02/May/2034,99.1347,7.6700
IN1220240023,07.54 AS SGS 2034,7.54,02/May/2034,99.2484,7.6700
IN1020250073,06.83 AP SGS 2034,6.83,07/May/2034,95.2043,7.6700
IN3120240053,07.43 TN SGS 2034 08 MAY,7.43,08/May/2034,98.6196,7.6700
IN2420240029,07.48 ML SGS 2034,7.48,08/May/2034,98.9043,7.6700
IN1520250037,06.69 GJ SGS 2034,6.69,14/May/2034,94.3956,7.6700
IN1020190089,08.06 AP SDL 2034,8.06,15/May/2034,102.2101,7.6700
IN2920240065,07.41 RJ SGS 2034,7.41,22/May/2034,98.4979,7.6700
IN1620240037,07.42 HR SGS 2034,7.42,22/May/2034,98.5551,7.6700
IN1020230141,07.36 AP SGS 2034,7.36,24/May/2034,98.2110,7.6700
IN2220220072,07.72 MH SDL 2034,7.72,25/May/2034,100.2697,7.6700
IN1220240031,07.37 AS SGS 2034,7.37,29/May/2034,98.2654,7.6700
IN2920240073,07.37 RJ SGS 2034 29 MAY,7.37,29/May/2034,98.2654,7.6700
IN3120240087,07.38 TN SGS 2034,7.38,29/May/2034,98.3226,7.6700
IN2020220017,07.85 KL SDL 2034,7.85,01/Jun/2034,101.0144,7.6700
IN1020220167,07.90 AP SDL 2034,7.9,01/Jun/2034,101.3008,7.6700
IN2020210034,06.96 KL SDL 2034,6.96,02/Jun/2034,95.9141,7.6700
IN1020250115,06.61 AP SGS 2034,6.61,04/Jun/2034,93.9049,7.6700
IN1620240045,07.43 HR SGS 2034,7.43,05/Jun/2034,98.6062,7.6700
IN2920240115,07.43 RJ SGS 2034,7.43,05/Jun/2034,98.6062,7.6700
IN1720240036,07.44 HP SGS 2034,7.44,05/Jun/2034,98.6636,7.6700
IN3120240103,07.44 TN SGS 2034,7.44,05/Jun/2034,98.6636,7.6700
IN2420240037,07.45 ML SGS 2034,7.45,05/Jun/2034,98.7210,7.6700
IN2620240019,07.45 NL SGS 2034,7.45,05/Jun/2034,98.7210,7.6700
IN1020250172,06.65 AP SGS 2034,6.65,11/Jun/2034,94.1230,7.6700
IN1620240052,07.38 HR SGS 2034,7.38,12/Jun/2034,98.3160,7.6700
IN2820240124,07.41 PN SGS 2034 12 JUN,7.41,12/Jun/2034,98.4884,7.6700
IN2120230023,07.40 MP SGS 2034,7.4,14/Jun/2034,98.4300,7.6700
IN2820230059,07.41 PN SGS 2034,7.41,14/Jun/2034,98.4875,7.6700
IN3320230037,07.41 UP SGS 2034,7.41,14/Jun/2034,98.4875,7.6700
IN1520260077,07.39 GJ SGS 2034,7.39,17/Jun/2034,98.3712,7.6700
IN1620240060,07.36 HR SGS 2034,7.36,19/Jun/2034,98.1976,7.6700
IN2920190096,07.32 RJ SDL 2034,7.32,26/Jun/2034,97.9637,7.6700
IN2920240149,07.34 RJ SGS 2034,7.34,26/Jun/2034,98.0790,7.6700
IN2820230067,07.45 PN SGS 2034,7.45,28/Jun/2034,98.7128,7.6700
IN4520220026,07.93 TS SDL 2034,7.93,29/Jun/2034,101.4831,7.6700
IN1020220241,07.94 AP SDL 2034,7.94,29/Jun/2034,101.5408,7.6700
IN1620220120,07.94 HR SDL 2034,7.94,29/Jun/2034,101.5408,7.6700
IN3420190024,07.34 WB SDL 2034,7.34,03/Jul/2034,98.0758,7.6700
IN3120240137,07.35 TN SGS 2034,7.35,03/Jul/2034,98.1336,7.6700
IN2820240157,07.38 PN SGS 2034,7.38,03/Jul/2034,98.3069,7.6700
IN2420240045,07.39 ML SGS 2034,7.39,03/Jul/2034,98.3647,7.6700
IN1020230299,07.46 AP SGS 2034,7.46,05/Jul/2034,98.7686,7.6700
IN2820230075,07.47 PN SGS 2034,7.47,05/Jul/2034,98.8264,7.6700
IN2520210021,07.12 MZ SDL 2034,7.12,07/Jul/2034,96.8015,7.6700
IN2920240172,07.32 RJ SGS 2034,7.32,10/Jul/2034,97.9570,7.6700
IN4520220083,07.89 TS SDL 2034,7.89,13/Jul/2034,101.2340,7.6740
IN1620220146,07.90 HR SDL 2034,7.9,13/Jul/2034,101.3158,7.6700
IN3120260077,07.39 TN SGS 2034 15 JUL,7.39,15/Jul/2034,98.3605,7.6700
IN1520250102,06.80 GJ SGS 2034,6.8,16/Jul/2034,94.9395,7.6700
IN1020250248,06.88 AP SGS 2034,6.88,16/Jul/2034,95.4033,7.6700
IN1720240051,07.35 HP SGS 2034,7.35,18/Jul/2034,98.1276,7.6700
IN2120260061,07.39 MP SGS 2034,7.39,22/Jul/2034,98.2435,7.6899
IN1020190147,7.13 AP SDL 2034,7.13,24/Jul/2034,96.8472,7.6700
IN3120240160,07.34 TN SGS 2034,7.34,24/Jul/2034,98.0673,7.6700
IN1420240021,07.36 GA SGS 2034,7.36,24/Jul/2034,98.1835,7.6700
IN2920240198,07.36 RJ SGS 2034,7.36,24/Jul/2034,98.1835,7.6700
IN2820190048,07.18 PN SDL 2034,7.18,31/Jul/2034,97.1342,7.6700
IN1020190154,07.28 AP SDL 2034,7.28,31/Jul/2034,97.7161,7.6700
IN1620190059,07.29 HR SDL 2034,7.29,31/Jul/2034,97.7743,7.6700
IN3420190040,07.29 WB SDL 2034,7.29,31/Jul/2034,97.7743,7.6700
IN2220240062,07.27 MH SGS 2034,7.27,31/Jul/2034,97.6579,7.6700
IN2920240206,07.29 RJ SGS 2034,7.29,31/Jul/2034,97.7743,7.6700
IN2920230140,07.49 RJ SGS 2034,7.49,02/Aug/2034,98.9380,7.6700
IN1020220373,07.72 AP SDL 2034,7.72,03/Aug/2034,100.2774,7.6700
IN1020250271,06.96 AP SGS 2034,6.96,06/Aug/2034,95.8485,7.6700
IN2220240104,07.22 MH SGS 2034,7.22,07/Aug/2034,97.3635,7.6700
IN3120240202,07.23 TN SGS 2034,7.23,07/Aug/2034,97.4218,7.6700
IN4520210126,07.09 TS SDL 2034,7.09,11/Aug/2034,96.6029,7.6700
IN3120240210,07.21 TN SGS 2034,7.21,14/Aug/2034,97.3018,7.6700
IN1920240257,07.13 KA SGS 2034,7.13,20/Aug/2034,96.8310,7.6700
IN3120240228,07.19 TN SGS 2034,7.19,21/Aug/2034,97.1815,7.6700
IN3320230060,07.49 UP SGS 2034,7.49,23/Aug/2034,98.9370,7.6700
IN1920250231,07.38 KA SGS 2034,7.38,25/Aug/2034,98.2927,7.6700
IN3420190065,07.18 WB SDL 2034,7.18,28/Aug/2034,97.1197,7.6700
IN2220240187,07.20 MH SGS 2034,7.2,28/Aug/2034,97.2370,7.6700
IN2920240248,07.22 RJ SGS 2034,7.22,28/Aug/2034,97.3542,7.6700
IN1420240039,07.23 GA SGS 2034,7.23,28/Aug/2034,97.4128,7.6700
IN1520250128,07.25 GJ SGS 2034,7.25,28/Aug/2034,97.5301,7.6700
IN2020220041,07.67 KL SGS 2034,7.67,30/Aug/2034,99.9928,7.6700
IN1020230414,07.45 AP SGS 2034,7.45,30/Aug/2034,98.7025,7.6700
IN2020210125,07.04 KL SDL 2034,7.04,01/Sep/2034,96.2970,7.6700
IN3120250250,07.31 TN SGS 2034,7.31,03/Sep/2034,97.8806,7.6700
IN1020250297,07.48 AP SGS 2034,7.48,03/Sep/2034,98.8785,7.6700
IN1020240488,07.23 AP SGS 2034,7.23,04/Sep/2034,97.4106,7.6700
IN2920240271,07.24 RJ SGS 2034,7.24,04/Sep/2034,97.4694,7.6700
IN2420240052,07.25 ML SGS 2034,7.25,04/Sep/2034,97.5281,7.6700
IN1920250272,07.38 KA SGS 2034 04 SEP,7.38,04/Sep/2034,98.2914,7.6700
IN2820230133,07.45 PN SGS 2034 06 SEP,7.45,06/Sep/2034,98.7024,7.6700
IN2520210039,07.00 MZ SDL 2034,7,08/Sep/2034,96.0574,7.6700
IN1920200228,06.77 KA SDL 2034,6.77,09/Sep/2034,94.7045,7.6700
IN2220250301,07.24 MH SGS 2034,7.24,10/Sep/2034,97.4674,7.6700
IN1320250104,07.45 BR SGS 2034,7.45,10/Sep/2034,98.7024,7.6700
IN2220230121,07.47 MH SGS 2034,7.47,13/Sep/2034,98.8201,7.6700
IN2820230141,07.48 PN SGS 2034,7.48,13/Sep/2034,98.8790,7.6700
IN1720220079,07.49 HP SGS 2034,7.49,14/Sep/2034,98.9379,7.6700
IN2220210255,06.91 MH SDL 2034,6.91,15/Sep/2034,95.5227,7.6700
IN3720250015,07.33 JH SGS 2034,7.33,17/Sep/2034,97.9956,7.6700
IN3420190081,07.29 WB SDL 2034SEP,7.29,18/Sep/2034,97.7597,7.6700
IN1020190220,07.30 AP SDL 2034,7.3,18/Sep/2034,97.8186,7.6700
IN3120240293,07.10 TN SGS 2034,7.1,19/Sep/2034,96.6636,7.6658
IN1220240080,07.13 AS SGS 2034,7.13,19/Sep/2034,96.8164,7.6700
IN3520240117,07.16 CG SGS 2034,7.16,19/Sep/2034,96.9932,7.6700
IN4920220048,07.57 JK SGS 2034,7.57,21/Sep/2034,99.4105,7.6700
IN3120190084,07.30 TN SDL 2034,7.3,25/Sep/2034,97.8144,7.6700
IN2920240289,07.10 RJ SGS 2034,7.1,25/Sep/2034,96.6337,7.6700
IN1420240054,07.12 GA SGS 2034,7.12,25/Sep/2034,96.7518,7.6700
IN1520250391,07.45 GJ SGS 2034,7.45,25/Sep/2034,98.6999,7.6700
IN1020220522,07.71 AP SGS 2034,7.71,28/Sep/2034,100.2338,7.6700
IN2020240171,07.10 KL SGS 2034,7.1,03/Oct/2034,96.6242,7.6700
IN2420240060,07.12 ML SGS 2034,7.12,03/Oct/2034,96.7425,7.6700
IN4520220190,07.84 TS SGS 2034,7.84,04/Oct/2034,101.0012,7.6700
IN1020230489,07.60 AP SGS 2034,7.6,04/Oct/2034,99.5812,7.6700
IN1020210317,07.04 AP SDL 2034,7.04,06/Oct/2034,96.2655,7.6700
IN2520210047,07.06 MZ SDL 2034,7.06,06/Oct/2034,96.3839,7.6700
IN1920200301,07.08 KA SDL 2034,7.08,07/Oct/2034,96.5011,7.6700
IN3120240301,07.12 TN SGS 2034,7.12,09/Oct/2034,96.7357,7.6700
IN1220240114,07.13 AS SGS 2034 09 OCT,7.13,09/Oct/2034,96.7949,7.6700
IN3020240013,07.14 SK SGS 2034,7.14,09/Oct/2034,96.8542,7.6700
IN3320230086,07.70 UP SGS 2034,7.7,11/Oct/2034,100.1709,7.6700
IN1520250169,07.07 GJ SGS 2034 15 OCT,7.07,15/Oct/2034,96.4325,7.6700
IN1720240093,07.08 HP SGS 2034,7.08,16/Oct/2034,96.4906,7.6700
IN1920240067,07.08 KA SGS 2034,7.08,16/Oct/2034,96.4906,7.6700
IN3820240031,07.09 PY SGS 2034,7.09,16/Oct/2034,96.5500,7.6700
IN3320230102,07.68 UP SGS 2034,7.68,18/Oct/2034,100.0504,7.6700
IN3320220046,07.81 UP SGS 2034,7.81,19/Oct/2034,100.8221,7.6700
IN1920210060,07.08 KA SDL 2034 20 OCT,7.08,20/Oct/2034,96.4861,7.6700
IN1420240070,07.12 GA SGS 2034 23 OCT,7.12,23/Oct/2034,96.7205,7.6700
IN2120230114,07.68 MP SGS 2034,7.68,25/Oct/2034,100.0486,7.6700
IN1920230035,07.70 KA SGS 2034,7.7,25/Oct/2034,100.1676,7.6700
IN3420190107,07.30 WB SDL 2034,7.3,30/Oct/2034,97.7849,7.6700
IN2920240339,07.13 RJ SGS 2034,7.13,30/Oct/2034,96.7727,7.6700
IN3120240327,07.13 TN SGS 2034,7.13,30/Oct/2034,96.7727,7.6700
IN1320240105,07.15 BR SGS 2034,7.15,30/Oct/2034,96.8918,7.6700
IN1020200466,06.79 AP SDL 2034,6.79,04/Nov/2034,94.7424,7.6700
IN3120240350,07.12 TN SGS 2034 06 NOV,7.12,06/Nov/2034,96.7071,7.6700
IN1320240113,07.13 BR SGS 2034,7.13,06/Nov/2034,96.7668,7.6700
IN2220230147,07.70 MH SGS 2034,7.7,08/Nov/2034,100.1653,7.6700
IN3320230144,07.72 UP SGS 2034,7.72,08/Nov/2034,100.2846,7.6700
IN3720220018,07.86 JH SGS 2034,7.86,09/Nov/2034,101.1199,7.6700
IN1720220103,07.87 HP SGS 2034,7.87,09/Nov/2034,101.1795,7.6700
IN1920200400,06.75 KA SDL 2034,6.75,11/Nov/2034,94.4933,7.6700
IN2520200063,06.84 MZ SDL 2034,6.84,11/Nov/2034,95.0306,7.6700
IN2220230162,07.70 MH SGS 2034 15 NOV,7.7,15/Nov/2034,100.2065,7.6629
IN3320230151,07.73 UP SGS 2034,7.73,15/Nov/2034,100.3436,7.6700
IN3420190123,07.26 WB SDL 2034,7.26,20/Nov/2034,97.5312,7.6700
IN3120240368,07.11 TN SGS 2034,7.11,21/Nov/2034,96.6328,7.6700
IN1320240121,07.13 BR SGS 2034 21 NOV,7.13,21/Nov/2034,96.7525,7.6700
IN1420240088,07.13 GA SGS 2034,7.13,21/Nov/2034,96.7525,7.6700
IN3320230177,07.68 UP SGS 2034 22 NOV,7.68,22/Nov/2034,100.0439,7.6700
IN1620220286,07.70 HR SGS 2034,7.7,23/Nov/2034,100.1636,7.6700
IN3120250425,07.14 TN SGS 2034 26 NOV,7.14,26/Nov/2034,96.8079,7.6700
IN1020240603,07.14 AP SGS 2034,7.14,27/Nov/2034,96.8070,7.6700
IN3120240384,07.14 TN SGS 2034,7.14,27/Nov/2034,96.8070,7.6700
IN2920240354,07.16 RJ SGS 2034,7.16,27/Nov/2034,96.9268,7.6700
IN1320240139,07.18 BR SGS 2034,7.18,27/Nov/2034,97.0467,7.6700
IN1920230084,07.73 KA SGS 2034,7.73,29/Nov/2034,100.3430,7.6700
IN3320230201,07.75 UP SGS 2034,7.75,29/Nov/2034,100.4630,7.6700
IN1520250201,07.17 GJ SGS 2034,7.17,03/Dec/2034,96.9818,7.6700
IN2220250384,07.20 MH SGS 2034 03 DEC,7.2,03/Dec/2034,97.1619,7.6700
IN2120190078,07.21 MP SDL 2034,7.21,04/Dec/2034,97.2212,7.6700
IN2820240249,07.08 PN SGS 2034,7.08,04/Dec/2034,96.4407,7.6700
IN2920240370,07.08 RJ SGS 2034,7.08,04/Dec/2034,96.4407,7.6700
IN3120240418,07.08 TN SGS 2034,7.08,04/Dec/2034,96.4407,7.6700
IN1020240629,07.10 AP SGS 2034,7.1,04/Dec/2034,96.5608,7.6700
IN1720240119,07.11 HP SGS 2034,7.11,04/Dec/2034,96.6208,7.6700
IN1220240122,07.12 AS SGS 2034,7.12,04/Dec/2034,96.6809,7.6700
IN1320240147,07.13 BR SGS 2034,7.13,04/Dec/2034,96.7409,7.6700
IN2420250069,07.57 ML SGS 2034,7.57,10/Dec/2034,99.3812,7.6700
IN2820190097,07.30 PN SDL 2034,7.3,11/Dec/2034,97.7573,7.6700
IN3420190149,07.31 WB SDL 2034,7.31,11/Dec/2034,97.8174,7.6700
IN3120240426,07.10 TN SGS 2034 11 DEC,7.1,11/Dec/2034,96.5545,7.6700
IN1520250227,07.27 GJ SGS 2034,7.27,17/Dec/2034,97.5732,7.6700
IN2920240388,07.11 RJ SGS 2034,7.11,18/Dec/2034,96.6088,7.6700
IN1320240154,07.12 BR SGS 2034,7.12,18/Dec/2034,96.6690,7.6700
IN3320230227,07.62 UP SGS 2034,7.62,20/Dec/2034,99.6809,7.6700
IN1920220127,07.68 KA SGS 2034,7.68,21/Dec/2034,100.0425,7.6700
IN2320220055,07.69 MN SGS 2034,7.69,21/Dec/2034,100.1028,7.6700
IN1920200525,06.63 KA SDL 2034,6.63,23/Dec/2034,93.7096,7.6700
IN3120250532,07.34 TN SGS 2034 24 DEC,7.34,24/Dec/2034,97.9914,7.6700
IN3120240467,07.11 TN SGS 2034 26 DEC,7.11,26/Dec/2034,96.6022,7.6700
IN1320240162,07.15 BR SGS 2034 26 DEC,7.15,26/Dec/2034,96.8437,7.6700
IN2620240027,07.15 NL SGS 2034,7.15,26/Dec/2034,96.8437,7.6700
IN1220240130,07.19 AS SGS 2034,7.19,26/Dec/2034,97.0851,7.6700
IN3320230243,07.65 UP SGS 2034,7.65,27/Dec/2034,99.8616,7.6700
IN1920220143,07.65 KA SGS 2034,7.65,28/Dec/2034,99.8616,7.6700
IN4520220281,07.66 TS SGS 2034,7.66,28/Dec/2034,99.9219,7.6700
IN1920210201,07.12 KA SDL 2034,7.12,29/Dec/2034,96.6603,7.6700
IN1020250404,07.37 AP SGS 2034,7.37,31/Dec/2034,98.1699,7.6700
IN2120190094,07.17 MP SDL 2035,7.17,01/Jan/2035,96.3864,7.7672
IN3420190164,07.18 WB SDL 2035,7.18,01/Jan/2035,96.4466,7.7672
IN1920230175,07.73 KA SGS 2035 03 JAN,7.73,03/Jan/2035,99.7580,7.7672
IN1920210235,07.22 KA SDL 2035,7.22,05/Jan/2035,96.6845,7.7672
IN3520250041,07.50 CG SGS 2035,7.5,07/Jan/2035,98.3713,7.7672
IN3120190258,07.19 TN SDL 2035,7.19,08/Jan/2035,96.5014,7.7672
IN1720190090,07.20 HP SDL 2035,7.2,08/Jan/2035,96.5617,7.7672
IN1220240148,07.15 AS SGS 2035,7.15,08/Jan/2035,96.2602,7.7672
IN1320240170,07.15 BR SGS 2035,7.15,08/Jan/2035,96.2602,7.7672
IN2220230170,07.72 MH SGS 2035,7.72,10/Jan/2035,99.6978,7.7672
IN2020230206,07.76 KL SGS 2035,7.76,10/Jan/2035,99.9392,7.7672
IN4520210233,07.28 TS SDL 2035,7.28,12/Jan/2035,97.0417,7.7672
IN1920210268,07.31 KA SDL 2035,7.31,12/Jan/2035,97.2228,7.7672
IN3820210067,07.31 PY SDL 2035,7.31,12/Jan/2035,97.2228,7.7672
IN1020190436,07.24 AP SDL 2035,7.24,15/Jan/2035,96.7982,7.7672
IN1320240196,07.22 BR SGS 2035,7.22,15/Jan/2035,96.6774,7.7672
IN1520240145,07.22 GJ SGS 2035,7.22,15/Jan/2035,96.6774,7.7672
IN3120240491,07.22 TN SGS 2035,7.22,15/Jan/2035,96.6774,7.7672
IN3320220061,07.62 UP SGS 2035,7.62,18/Jan/2035,99.0936,7.7672
IN3620250073,07.51 UK SGS 2035,7.51,21/Jan/2035,98.4278,7.7672
IN1520240152,07.12 GJ SGS 2035,7.12,22/Jan/2035,96.0675,7.7672
IN3120240509,07.15 TN SGS 2035,7.15,22/Jan/2035,96.2491,7.7672
IN1020220639,07.69 AP SGS 2035,7.69,25/Jan/2035,99.5169,7.7672
IN3320220079,07.69 UP SGS 2035,7.69,25/Jan/2035,99.5169,7.7672
IN2320220063,07.70 MN SGS 2035,7.7,25/Jan/2035,99.5775,7.7672
IN1020250503,07.48 AP SGS 2035,7.48,28/Jan/2035,98.2445,7.7672
IN2920250387,07.52 RJ SGS 2035,7.52,28/Jan/2035,98.4869,7.7672
IN3420190180,07.15 WB SDL 2035,7.15,29/Jan/2035,96.2439,7.7672
IN1520240178,07.03 GJ SGS 2035,7.03,29/Jan/2035,95.5165,7.7672
IN2920240412,07.13 RJ SGS 2035,7.13,29/Jan/2035,96.1226,7.7672
IN2220230196,07.63 MH SGS 2035,7.63,31/Jan/2035,99.1534,7.7672
IN1020200565,06.89 AP SDL 2035,6.89,03/Feb/2035,94.6634,7.7672
IN1920250165,07.49 KA SGS 2035,7.49,04/Feb/2035,98.3037,7.7672
IN1020240702,07.08 AP SGS 2035,7.08,05/Feb/2035,95.8146,7.7672
IN2220230212,07.48 MH SGS 2035,7.48,07/Feb/2035,98.2424,7.7672
IN4520230413,07.49 TS SGS 2035,7.49,07/Feb/2035,98.3031,7.7672
IN1520220220,07.60 GJ SGS 2035,7.6,08/Feb/2035,98.9711,7.7672
IN4920220105,07.60 JK SGS 2035,7.6,08/Feb/2035,98.9711,7.7672
IN1920210359,07.44 KA SDL 2035,7.44,09/Feb/2035,97.9989,7.7672
IN3120240541,07.09 TN SGS 2035,7.09,12/Feb/2035,95.8699,7.7672
IN2520240101,07.16 MZ SGS 2035,7.16,12/Feb/2035,96.2956,7.7672
IN2320220071,07.62 MN SGS 2035,7.62,15/Feb/2035,99.0927,7.7672
IN3820220033,07.62 PY SGS 2035,7.62,15/Feb/2035,99.0927,7.7672
IN1720200154,07.05 HP SDL 2035,7.05,17/Feb/2035,95.6226,7.7672
IN2820190139,06.92 PN SDL 2035,6.92,18/Feb/2035,94.8302,7.7672
IN1220240171,07.15 AS SGS 2035 20 FEB,7.15,20/Feb/2035,96.2295,7.7672
IN2220230238,07.46 MH SGS 2035,7.46,21/Feb/2035,98.1180,7.7672
IN3720200051,07.20 JH SDL 2035,7.2,24/Feb/2035,96.5319,7.7672
IN2120190136,06.94 MP SDL 2035,6.94,26/Feb/2035,94.9445,7.7672
IN3420190206,06.95 WB SDL 2035,6.95,26/Feb/2035,95.0055,7.7672
IN2920240453,07.17 RJ SGS 2035,7.17,27/Feb/2035,96.3472,7.7672
IN3520240059,07.19 CG SGS 2035,7.19,27/Feb/2035,96.4693,7.7672
IN2720240075,07.19 OD SGS 2035,7.19,27/Feb/2035,96.4693,7.7672
IN3020240021,07.20 SK SGS 2035,7.2,27/Feb/2035,96.5303,7.7672
IN2220230253,07.43 MH SGS 2035,7.43,28/Feb/2035,97.9333,7.7672
IN2320220089,07.76 MN SGS 2035,7.76,01/Mar/2035,99.9490,7.7672
IN2120190151,07.12 MP SDL 2035,7.12,04/Mar/2035,96.0376,7.7672
IN2120250443,07.40 MP SGS 2035,7.4,04/Mar/2035,97.7493,7.7672
IN3120250771,07.40 TN SGS 2035,7.4,04/Mar/2035,97.7493,7.7672
IN1220250212,07.48 AS SGS 2035,7.48,04/Mar/2035,98.2383,7.7672
IN1520240277,07.21 GJ SGS 2035,7.21,05/Mar/2035,96.5873,7.7672
IN1020240751,07.22 AP SGS 2035,7.22,05/Mar/2035,96.6484,7.7672
IN2920240479,07.22 RJ SGS 2035,7.22,05/Mar/2035,96.6484,7.7672
IN3520240075,07.27 CG SGS 2035,7.27,05/Mar/2035,96.9542,7.7672
IN1220240205,07.34 AS SGS 2035,7.34,05/Mar/2035,97.3822,7.7672
IN2220230279,07.40 MH SGS 2035,7.4,06/Mar/2035,97.7489,7.7672
IN1620230392,07.42 HR SGS 2035,7.42,06/Mar/2035,97.8712,7.7672
IN1920230290,07.42 KA SGS 2035,7.42,06/Mar/2035,97.8712,7.7672
IN3320220129,07.75 UP SGS 2035,7.75,08/Mar/2035,99.8901,7.7672
IN4920220113,07.77 JK SGS 2035,7.77,08/Mar/2035,100.0125,7.7672
IN1020190543,06.88 AP SDL 2035,6.88,11/Mar/2035,94.5638,7.7672
IN2120190177,06.89 MP SDL 2035,6.89,11/Mar/2035,94.6250,7.7672
IN3420190222,06.98 WB SDL 2035,6.98,11/Mar/2035,95.1761,7.7672
IN3120240665,07.18 TN SGS 2035,7.18,12/Mar/2035,96.4003,7.7672
IN2920240487,07.19 RJ SGS 2035,7.19,12/Mar/2035,96.4615,7.7672
IN1720240135,07.26 HP SGS 2035,7.26,12/Mar/2035,96.8903,7.7672
IN2620240035,07.27 NL SGS 2035,7.27,12/Mar/2035,96.9515,7.7672
IN1620230400,07.38 HR SGS 2035,7.38,13/Mar/2035,97.6250,7.7672
IN1520220295,07.72 GJ SGS 2035,7.72,15/Mar/2035,99.7086,7.7672
IN4520210282,07.34 TS SDL 2035,7.34,16/Mar/2035,97.3792,7.7672
IN2120190193,07.29 MP SDL 2035,7.29,18/Mar/2035,97.0721,7.7672
IN2120250500,07.44 MP SGS 2035 18 MAR,7.44,18/Mar/2035,97.9921,7.7672
IN3120250847,07.46 TN SGS 2035,7.46,18/Mar/2035,98.1148,7.7672
IN2920240503,07.15 RJ SGS 2035,7.15,19/Mar/2035,96.2128,7.7672
IN1620230418,07.45 HR SGS 2035,7.45,20/Mar/2035,98.0533,7.7672
IN1920230340,07.45 KA SGS 2035,7.45,20/Mar/2035,98.0533,7.7672
IN3320220160,07.78 UP SGS 2035,7.78,23/Mar/2035,100.3998,7.7149
IN4920220121,07.79 JK SGS 2035,7.79,23/Mar/2035,100.1395,7.7672
IN4520190187,07.99 TS SDL 2035,7.99,24/Mar/2035,101.3675,7.7672
IN3420190248,07.99 WB SDL 2035,7.99,24/Mar/2035,101.3675,7.7672
IN3120250870,07.58 TN SGS 2035,7.58,25/Mar/2035,98.8486,7.7672
IN3620250115,07.63 UK SGS 2035,7.63,25/Mar/2035,99.1557,7.7672
IN3820250071,07.70 PY SGS 2035,7.7,25/Mar/2035,99.5858,7.7672
IN2420250077,07.74 ML SGS 2035,7.74,25/Mar/2035,99.8315,7.7672
IN3120240772,07.01 TN SGS 2035,7.01,26/Mar/2035,95.3453,7.7672
IN2120240287,07.02 MP SGS 2035,7.02,26/Mar/2035,95.4067,7.7672
IN1620240342,07.03 HR SGS 2035,7.03,26/Mar/2035,95.4682,7.7672
IN2720240208,07.05 OD SGS 2035,7.05,26/Mar/2035,95.5911,7.7672
IN2920240529,07.06 RJ SGS 2035,7.06,26/Mar/2035,95.6525,7.7672
IN1020240785,07.09 AP SGS 2035,7.09,26/Mar/2035,95.8369,7.7672
IN2620240043,07.10 NL SGS 2035,7.1,26/Mar/2035,95.8983,7.7672
IN3020240039,07.10 SK SGS 2035,7.1,26/Mar/2035,95.8983,7.7672
IN3520230324,07.49 CG SGS 2035,7.49,27/Mar/2035,98.2941,7.7672
IN1620230426,07.49 HR SGS 2035,7.49,27/Mar/2035,98.2941,7.7672
IN4920220139,07.80 JK SGS 2035,7.8,29/Mar/2035,100.1988,7.7672
IN3620250131,07.70 UK SGS 2035,7.7,30/Mar/2035,99.5834,7.7672
IN2020200324,06.82 KL SDL 2035,6.82,31/Mar/2035,94.1710,7.7672
IN1720250019,06.84 HP SGS 2035,6.84,04/Apr/2035,94.2874,7.7672
IN2420250010,06.88 ML SGS 2035,6.88,04/Apr/2035,94.5337,7.7672
IN2020200035,08.96 KL SDL 2035,8.96,08/Apr/2035,107.3433,7.7672
IN1020190014,08.18 AP SDL 2035,8.18,10/Apr/2035,102.5379,7.7672
IN3120250011,06.71 TN SGS 2035,6.71,16/Apr/2035,93.4658,7.7672
IN1320260020,07.69 BR SGS 2035,7.69,29/Apr/2035,99.5100,7.7672
IN2920250015,06.70 RJ SGS 2035,6.7,30/Apr/2035,93.3797,7.7672
IN3620250016,06.74 UK SGS 2035,6.74,30/Apr/2035,93.6274,7.7672
IN2320230013,07.49 MN SGS 2035,7.49,03/May/2035,98.2694,7.7672
IN1020250081,06.71 AP SGS 2035,6.71,07/May/2035,93.4298,7.7672
IN1620220062,07.74 HR SDL 2035,7.74,11/May/2035,99.8165,7.7672
IN1520250045,06.69 GJ SGS 2035,6.69,14/May/2035,93.2940,7.7672
IN3120250045,06.71 TN SGS 2035 14 MAY,6.71,14/May/2035,93.4183,7.7672
IN1020210077,06.96 AP SDL 2035,6.96,19/May/2035,94.9647,7.7672
IN1220250048,06.63 AS SGS 2035,6.63,21/May/2035,92.9092,7.7672
IN1420250012,06.65 GA SGS 2035,6.65,21/May/2035,93.0337,7.7672
IN4920230013,07.37 JK SGS 2035,7.37,24/May/2035,97.5108,7.7672
IN2920220026,07.72 RJ SDL 2035,7.72,25/May/2035,99.6894,7.7672
IN3120250060,06.60 TN SGS 2035,6.6,28/May/2035,92.7104,7.7672
IN1020230174,07.38 AP SGS 2035,7.38,31/May/2035,97.5691,7.7672
IN2320230021,07.39 MN SGS 2035,7.39,31/May/2035,97.6315,7.7672
IN1420250038,06.63 GA SGS 2035,6.63,04/Jun/2035,92.8873,7.7672
IN2420250028,06.64 ML SGS 2035,6.64,04/Jun/2035,92.9497,7.7672
IN2920250072,06.64 RJ SGS 2035,6.64,04/Jun/2035,92.9497,7.7672
IN2820240108,07.48 PN SGS 2035,7.48,05/Jun/2035,98.1901,7.7672
IN4520220018,08.02 TS SDL 2035,8.02,08/Jun/2035,101.5608,7.7672
IN1020220175,08.03 AP SDL 2035,8.03,08/Jun/2035,101.6232,7.7672
IN3120250110,06.66 TN SGS 2035,6.66,11/Jun/2035,93.0632,7.7672
IN1020250180,06.68 AP SGS 2035,6.68,11/Jun/2035,93.1882,7.7672
IN1020230224,07.39 AP SGS 2035,7.39,14/Jun/2035,97.6232,7.7672
IN2920260089,07.57 RJ SGS 2035,7.57,17/Jun/2035,98.5351,7.8015
IN3620260049,07.62 UK SGS 2035,7.62,17/Jun/2035,99.0607,7.7672
IN2920250080,06.68 RJ SGS 2035,6.68,18/Jun/2035,93.1774,7.7672
IN4920230039,07.36 JK SGS 2035,7.36,21/Jun/2035,97.4315,7.7672
IN1520260093,07.43 GJ SGS 2035,7.43,24/Jun/2035,97.8685,7.7672
IN2920250098,06.73 RJ SGS 2035,6.73,25/Jun/2035,93.4802,7.7672
IN3620250024,06.74 UK SGS 2035 25 JUN,6.74,25/Jun/2035,93.5428,7.7672
IN1020240330,07.34 AP SGS 2035,7.34,26/Jun/2035,97.3034,7.7672
IN4520220034,07.93 TS SDL 2035,7.93,29/Jun/2035,101.0033,7.7672
IN1020250214,06.80 AP SGS 2035,6.8,02/Jul/2035,93.9097,7.7672
IN2920250114,06.80 RJ SGS 2035,6.8,02/Jul/2035,93.9097,7.7672
IN3120250151,06.80 TN SGS 2035,6.8,02/Jul/2035,93.9097,7.7672
IN1220250063,06.86 AS SGS 2035,6.86,02/Jul/2035,94.2864,7.7672
IN2520200030,06.57 MZ SDL 2035,6.57,08/Jul/2035,92.4560,7.7672
IN2120200117,06.58 MP SDL 2035,6.58,08/Jul/2035,92.5189,7.7672
IN3520260057,07.40 CG SGS 2035,7.4,08/Jul/2035,97.6740,7.7672
IN1320260046,07.42 BR SGS 2035,7.42,08/Jul/2035,97.7997,7.7672
IN1320250013,06.88 BR SGS 2035,6.88,09/Jul/2035,94.4037,7.7672
IN1620230137,07.47 HR SGS 2035,7.47,12/Jul/2035,98.1127,7.7672
IN1020210192,07.12 AP SDL 2035,7.12,14/Jul/2035,95.9088,7.7672
IN2120200125,06.52 MP SDL 2035,6.52,15/Jul/2035,92.1301,7.7672
IN3420200062,06.54 WB SDL 2035,6.54,15/Jul/2035,92.2560,7.7672
IN1520260119,07.38 GJ SGS 2035 15 JUL,7.38,15/Jul/2035,97.5451,7.7672
IN3120250169,06.82 TN SGS 2035,6.82,16/Jul/2035,94.0178,7.7672
IN1420250046,06.89 GA SGS 2035,6.89,16/Jul/2035,94.4587,7.7672
IN1320250021,06.90 BR SGS 2035,6.9,16/Jul/2035,94.5217,7.7672
IN4520220091,07.95 TS SDL 2035,7.95,20/Jul/2035,101.1360,7.7672
IN3420260041,07.58 WB SGS 2035,7.58,22/Jul/2035,98.3249,7.8438
IN2320230039,07.41 MN SGS 2035,7.41,26/Jul/2035,97.7300,7.7672
IN1020230356,07.43 AP SGS 2035,7.43,26/Jul/2035,97.8562,7.7672
IN1920250140,07.48 KA SGS 2035,7.48,28/Jul/2035,98.1713,7.7672
IN2920250122,06.94 RJ SGS 2035,6.94,30/Jul/2035,94.7593,7.7672
IN3620250032,06.97 UK SGS 2035,6.97,30/Jul/2035,94.9489,7.7672
IN2820240173,07.34 PN SGS 2035,7.34,31/Jul/2035,97.2864,7.7672
IN2020220025,07.85 KL SDL 2035,7.85,03/Aug/2035,100.5093,7.7672
IN2120200133,06.54 MP SDL 2035,6.54,05/Aug/2035,92.2246,7.7672
IN1020200268,06.55 AP SDL 2035,6.55,05/Aug/2035,92.2878,7.7672
IN1920240224,07.11 KA SGS 2035 05 AUG,7.11,05/Aug/2035,95.8296,7.7672
IN2420250036,07.00 ML SGS 2035,7,06/Aug/2035,95.1330,7.7672
IN1220250089,07.02 AS SGS 2035,7.02,06/Aug/2035,95.2596,7.7672
IN2120240014,07.26 MP SGS 2035,7.26,07/Aug/2035,96.7773,7.7672
IN1920250181,07.55 KA SGS 2035,7.55,11/Aug/2035,98.6120,7.7672
IN2120200141,06.61 MP SDL 2035,6.61,12/Aug/2035,92.6574,7.7672
IN3420200088,06.62 WB SDL 2035,6.62,12/Aug/2035,92.7207,7.7672
IN1020260114,07.46 AP SGS 2035,7.46,12/Aug/2035,98.1499,7.7499
IN4520240255,07.26 TS SGS 2035,7.26,14/Aug/2035,96.7739,7.7672
IN3320230052,07.50 UP SGS 2035,7.5,17/Aug/2035,98.2945,7.7672
IN2320230047,07.51 MN SGS 2035,7.51,17/Aug/2035,98.3579,7.7672
IN2820230109,07.52 PN SGS 2035,7.52,17/Aug/2035,98.4213,7.7672
IN1020220423,07.72 AP SDL 2035,7.72,19/Aug/2035,99.6900,7.7672
IN3120250201,07.09 TN SGS 2035 20 AUG,7.09,20/Aug/2035,95.6923,7.7672
IN1420250061,07.17 GA SGS 2035 20 AUG,7.17,20/Aug/2035,96.2000,7.7672
IN2220240146,07.21 MH SGS 2035,7.21,21/Aug/2035,96.4533,7.7672
IN1620260019,07.56 HR SGS 2035,7.56,27/Aug/2035,98.6748,7.7672
IN1720250076,07.27 HP SGS 2035,7.27,28/Aug/2035,96.8312,7.7672
IN2920250163,07.49 RJ SGS 2035,7.49,28/Aug/2035,98.2298,7.7672
IN1620230160,07.45 HR SGS 2035,7.45,30/Aug/2035,97.9753,7.7672
IN1020210234,07.05 AP SDL 2035,7.05,01/Sep/2035,95.4305,7.7672
IN4520210134,07.05 TS SDL 2035,7.05,01/Sep/2035,95.4305,7.7672
IN1920200202,06.61 KA SDL 2035,6.61,02/Sep/2035,92.6301,7.7672
IN1020200334,06.68 AP SDL 2035,6.68,02/Sep/2035,93.0755,7.7672
IN1220250105,07.63 AS SGS 2035,7.63,03/Sep/2035,98.7993,7.8180
IN2420250044,07.69 ML SGS 2035,7.69,03/Sep/2035,99.5023,7.7672
IN2220240229,07.23 MH SGS 2035,7.23,04/Sep/2035,96.5743,7.7672
IN1420240047,07.25 GA SGS 2035,7.25,04/Sep/2035,96.7016,7.7672
IN1920240307,07.22 KA SGS 2035,7.22,05/Sep/2035,96.5102,7.7672
IN1620230178,07.44 HR SGS 2035,7.44,06/Sep/2035,97.9108,7.7672
IN2320230054,07.44 MN SGS 2035,7.44,06/Sep/2035,97.9108,7.7672
IN2820260098,07.75 PN SGS 2035,7.75,09/Sep/2035,99.8861,7.7672
IN1420250095,07.39 GA SGS 2035,7.39,17/Sep/2035,97.5905,7.7672
IN3020250012,07.41 SK SGS 2035,7.41,17/Sep/2035,97.7182,7.7672
IN1520250375,07.38 GJ SGS 2035,7.38,18/Sep/2035,97.5265,7.7672
IN1020210275,06.86 AP SDL 2035,6.86,22/Sep/2035,94.2017,7.7672
IN2020210141,06.86 KL SDL 2035,6.86,22/Sep/2035,94.2017,7.7672
IN2120230056,07.44 MP SGS 2035,7.44,22/Sep/2035,97.9086,7.7672
IN1620230202,07.45 HR SGS 2035 22 SEP,7.45,22/Sep/2035,97.9725,7.7672
IN3120250300,07.26 TN SGS 2035,7.26,24/Sep/2035,96.7561,7.7672
IN2920250205,07.32 RJ SGS 2035,7.32,24/Sep/2035,97.1397,7.7672
IN1620230228,07.48 HR SGS 2035,7.48,27/Sep/2035,98.1604,7.7672
IN2820230158,07.49 PN SGS 2035,7.49,27/Sep/2035,98.2244,7.7672
IN2320230062,07.59 MN SGS 2035,7.59,27/Sep/2035,98.8642,7.7672
IN4920200081,06.96 JK SDL 2035,6.96,30/Sep/2035,94.8292,7.7672
IN3420200112,07.04 WB SDL 2035,7.04,30/Sep/2035,95.3413,7.7672
IN2520200048,07.05 MZ SDL 2035,7.05,30/Sep/2035,95.4053,7.7672
IN1420240062,07.12 GA SGS 2035,7.12,03/Oct/2035,95.8498,7.7672
IN1020220530,07.82 AP SGS 2035,7.82,04/Oct/2035,100.3336,7.7672
IN4520220208,07.83 TS SGS 2035,7.83,04/Oct/2035,100.3977,7.7672
IN2120230098,07.55 MP SGS 2035,7.55,04/Oct/2035,98.6037,7.7672
IN3320230078,07.56 UP SGS 2035,7.56,04/Oct/2035,98.6677,7.7672
IN1620230244,07.59 HR SGS 2035,7.59,04/Oct/2035,98.8599,7.7672
IN2820230166,07.67 PN SGS 2035,7.67,04/Oct/2035,99.3725,7.7672
IN2120240071,07.15 MP SGS 2035,7.15,09/Oct/2035,96.0350,7.7672
IN3320230094,07.69 UP SGS 2035 11 OCT,7.69,11/Oct/2035,99.4976,7.7672
IN1020160108,07.27 AP SDL 2035,7.27,13/Oct/2035,96.8007,7.7672
IN3420200138,06.99 WB SDL 2035,6.99,14/Oct/2035,95.0021,7.7672
IN1920240075,07.09 KA SGS 2035,7.09,16/Oct/2035,95.6417,7.7672
IN2920240321,07.09 RJ SGS 2035,7.09,16/Oct/2035,95.6417,7.7672
IN1620230251,07.66 HR SGS 2035,7.66,18/Oct/2035,99.3020,7.7672
IN1020200425,06.87 AP SDL 2035,6.87,21/Oct/2035,94.2212,7.7672
IN1920240083,07.10 KA SGS 2035,7.1,23/Oct/2035,95.6978,7.7672
IN3120250342,07.14 TN SGS 2035,7.14,23/Oct/2035,95.9550,7.7672
IN3320250068,07.15 UP SGS 2035,7.15,23/Oct/2035,96.0194,7.7672
IN2920250247,07.23 RJ SGS 2035,7.23,23/Oct/2035,96.5340,7.7672
IN4520230298,07.72 TS SGS 2035,7.72,25/Oct/2035,99.6852,7.7672
IN2320230070,07.73 MN SGS 2035,7.73,25/Oct/2035,99.7495,7.7672
IN1620200114,06.72 HR SDL 2035,6.72,28/Oct/2035,93.2452,7.7672
IN3020250020,07.23 SK SGS 2035,7.23,29/Oct/2035,96.5282,7.7672
IN1920230043,07.73 KA SGS 2035,7.73,01/Nov/2035,99.7478,7.7672
IN1620230269,07.75 HR SGS 2035,7.75,01/Nov/2035,99.8766,7.7672
IN1020210374,07.08 AP SDL 2035,7.08,02/Nov/2035,95.5587,7.7672
IN1920200384,06.75 KA SDL 2035,6.75,04/Nov/2035,93.4289,7.7672
IN2820200144,06.79 PN SDL 2035,6.79,04/Nov/2035,93.6868,7.7672
IN4920200107,06.80 JK SDL 2035,6.8,04/Nov/2035,93.7513,7.7672
IN3120250359,07.14 TN SGS 2035 06 NOV,7.14,06/Nov/2035,95.9411,7.7672
IN1620230277,07.72 HR SGS 2035,7.72,08/Nov/2035,99.6814,7.7672
IN1720220111,07.87 HP SGS 2035,7.87,09/Nov/2035,100.6492,7.7672
IN3320230169,07.73 UP SGS 2035,7.73,15/Nov/2035,99.7443,7.7672
IN3420200153,06.78 WB SDL 2035,6.78,18/Nov/2035,93.6013,7.7672
IN3220200031,06.81 TR SDL 2035,6.81,18/Nov/2035,93.7953,7.7672
IN2920250288,07.16 RJ SGS 2035,7.16,19/Nov/2035,96.0573,7.7672
IN3120250409,07.16 TN SGS 2035,7.16,19/Nov/2035,96.0573,7.7672
IN3320250118,07.18 UP SGS 2035,7.18,19/Nov/2035,96.1867,7.7672
IN3320230185,07.70 UP SGS 2035,7.7,22/Nov/2035,99.5488,7.7672
IN3520250025,07.19 CG SGS 2035 26 NOV,7.19,26/Nov/2035,96.2450,7.7672
IN3020250038,07.21 SK SGS 2035,7.21,26/Nov/2035,96.3745,7.7672
IN1420240096,07.17 GA SGS 2035,7.17,27/Nov/2035,96.1146,7.7672
IN4520230355,07.74 TS SGS 2035,7.74,29/Nov/2035,99.8066,7.7672
IN1620230301,07.75 HR SGS 2035 29 NOV,7.75,29/Nov/2035,99.8714,7.7672
IN2920230330,07.75 RJ SGS 2035,7.75,29/Nov/2035,99.8714,7.7672
IN1020230612,07.77 AP SGS 2035,7.77,29/Nov/2035,100.0010,7.7672
IN3120250466,07.20 TN SGS 2035,7.2,03/Dec/2035,96.3038,7.7672
IN2920250320,07.24 RJ SGS 2035,7.24,03/Dec/2035,96.5632,7.7672
IN1320250195,07.40 BR SGS 2035,7.4,03/Dec/2035,97.6009,7.7672
IN2420250051,07.44 ML SGS 2035,7.44,03/Dec/2035,97.8604,7.7672
IN2820250149,07.49 PN SGS 2035 03 DEC,7.49,03/Dec/2035,98.1846,7.7672
IN2020240213,07.12 KL SGS 2035,7.12,04/Dec/2035,95.7840,7.7672
IN1920230100,07.72 KA SGS 2035,7.72,06/Dec/2035,99.6760,7.7672
IN1020200490,06.68 AP SDL 2035 09 DEC,6.68,09/Dec/2035,92.9220,7.7672
IN2220250400,07.29 MH SGS 2035,7.29,10/Dec/2035,96.8826,7.7672
IN1920230118,07.72 KA SGS 2035 13 DEC,7.72,13/Dec/2035,99.6752,7.7672
IN1920200509,06.65 KA SDL 2035,6.65,16/Dec/2035,92.7164,7.7672
IN3420200179,06.68 WB SDL 2035,6.68,16/Dec/2035,92.9115,7.7672
IN3120250508,07.23 TN SGS 2035,7.23,17/Dec/2035,96.4876,7.7672
IN1420250137,07.34 GA SGS 2035,7.34,17/Dec/2035,97.2031,7.7672
IN3820250055,07.56 PY SGS 2035,7.56,17/Dec/2035,98.6341,7.7672
IN1920240125,07.11 KA SGS 2035,7.11,18/Dec/2035,95.7061,7.7672
IN1720230086,07.65 HP SGS 2035,7.65,20/Dec/2035,99.2190,7.7672
IN2520220087,07.70 MZ SGS 2035,7.7,21/Dec/2035,99.5443,7.7672
IN3120200321,06.63 TN SDL 2035,6.63,23/Dec/2035,92.5756,7.7672
IN1920250033,07.42 KA SGS 2035 24 DEC,7.42,24/Dec/2035,97.7201,7.7672
IN2920250338,07.54 RJ SGS 2035,7.54,24/Dec/2035,98.5018,7.7672
IN3820240049,07.14 PY SGS 2035,7.14,26/Dec/2035,95.8946,7.7672
IN1620230335,07.67 HR SGS 2035,7.67,27/Dec/2035,99.9500,7.6749
IN4520220299,07.67 TS SGS 2035,7.67,28/Dec/2035,99.3482,7.7672
IN1020210424,07.14 AP SDL 2035,7.14,29/Dec/2035,95.8921,7.7672
IN2020210174,07.14 KL SDL 2035,7.14,29/Dec/2035,95.8921,7.7672
IN3220200049,06.65 TR SDL 2035,6.65,30/Dec/2035,92.6955,7.7672
IN3120250565,07.42 TN SGS 2035,7.42,31/Dec/2035,97.7175,7.7672
IN1020250412,07.44 AP SGS 2035,7.44,31/Dec/2035,97.8480,7.7672
IN1020230687,07.74 AP SGS 2036 03 JAN,7.74,03/Jan/2036,100.0502,7.7296
IN4920200131,06.64 JK SDL 2036,6.64,06/Jan/2036,92.8559,7.7296
IN1020250446,07.53 AP SGS 2036 07 JAN,7.53,07/Jan/2036,98.6767,7.7296
IN1220250147,07.57 AS SGS 2036,7.57,07/Jan/2036,98.9384,7.7296
IN2220230188,07.73 MH SGS 2036,7.73,10/Jan/2036,99.9853,7.7296
IN1920230183,07.74 KA SGS 2036,7.74,10/Jan/2036,100.0508,7.7296
IN1620230343,07.77 HR SGS 2036,7.77,10/Jan/2036,100.2472,7.7296
IN3820230016,07.78 PY SGS 2036,7.78,10/Jan/2036,100.3126,7.7296
IN4520220307,07.63 TS SGS 2036,7.63,11/Jan/2036,99.3307,7.7296
IN3120250615,07.50 TN SGS 2036,7.5,14/Jan/2036,98.4789,7.7296
IN3520250066,07.54 CG SGS 2036,7.54,14/Jan/2036,98.7410,7.7296
IN1920240190,07.22 KA SGS 2036,7.22,15/Jan/2036,96.6440,7.7296
IN1920210276,07.35 KA SDL 2036,7.35,19/Jan/2036,97.4942,7.7296
IN3420200211,06.61 WB SDL 2036,6.61,20/Jan/2036,92.6398,7.7296
IN2720250132,07.49 OD SGS 2036,7.49,21/Jan/2036,98.4120,7.7296
IN2720160109,07.27 OD SDL 2036,7.27,25/Jan/2036,96.9667,7.7296
IN1720220160,07.70 HP SGS 2036,7.7,25/Jan/2036,99.7902,7.7296
IN1520250268,07.47 GJ SGS 2036,7.47,28/Jan/2036,98.2793,7.7296
IN3120250664,07.50 TN SGS 2036 28 JAN,7.5,28/Jan/2036,98.4765,7.7296
IN1220250170,07.59 AS SGS 2036,7.59,28/Jan/2036,99.0678,7.7296
IN1020190451,07.15 AP SDL 2036,7.15,29/Jan/2036,96.1762,7.7296
IN2220230204,07.63 MH SGS 2036,7.63,31/Jan/2036,99.3307,7.7296
IN1620230350,07.66 HR SGS 2036,7.66,31/Jan/2036,99.5279,7.7296
IN2820230240,07.69 PN SGS 2036,7.69,31/Jan/2036,99.7251,7.7296
IN1020220654,07.71 AP SGS 2036,7.71,01/Feb/2036,99.8567,7.7296
IN3320220087,07.72 UP SGS 2036,7.72,01/Feb/2036,99.9224,7.7296
IN3320250183,07.57 UP SGS 2036,7.57,04/Feb/2036,98.9362,7.7296
IN2220240401,07.12 MH SGS 2036 05 FEB,7.12,05/Feb/2036,95.7802,7.7600
IN1020230760,07.49 AP SGS 2036,7.49,07/Feb/2036,98.4095,7.7296
IN1620230368,07.49 HR SGS 2036,7.49,07/Feb/2036,98.4095,7.7296
IN2220230220,07.49 MH SGS 2036,7.49,07/Feb/2036,98.4095,7.7296
IN3320220095,07.64 UP SGS 2036,7.64,08/Feb/2036,99.3970,7.7296
IN4520210258,07.37 TS SDL 2036,7.37,09/Feb/2036,97.6190,7.7296
IN3420200245,06.97 WB SDL 2036,6.97,10/Feb/2036,94.9840,7.7296
IN3120250706,07.54 TN SGS 2036,7.54,11/Feb/2036,99.0967,7.6749
IN1920250199,07.56 KA SGS 2036,7.56,11/Feb/2036,98.6888,7.7573
IN3520250090,07.59 CG SGS 2036,7.59,11/Feb/2036,99.0679,7.7296
IN1620230376,07.47 HR SGS 2036,7.47,14/Feb/2036,98.2769,7.7296
IN2520220103,07.62 MZ SGS 2036,7.62,15/Feb/2036,99.2659,7.7296
IN1920210367,07.16 KA SDL 2036,7.16,16/Feb/2036,96.2323,7.7296
IN1720200162,07.02 HP SDL 2036,7.02,17/Feb/2036,95.3083,7.7296
IN2920200697,07.03 RJ SDL 2036,7.03,17/Feb/2036,95.3742,7.7296
IN2220230246,07.47 MH SGS 2036,7.47,21/Feb/2036,98.2762,7.7296
IN3220200056,07.34 TR SDL 2036,7.34,24/Feb/2036,97.4172,7.7296
IN1520250318,07.40 GJ SGS 2036,7.4,25/Feb/2036,97.8134,7.7296
IN3120250748,07.43 TN SGS 2036,7.43,25/Feb/2036,98.0116,7.7296
IN1920250249,07.44 KA SGS 2036,7.44,25/Feb/2036,98.4698,7.6697
IN1420250145,07.50 GA SGS 2036,7.5,25/Feb/2036,98.4742,7.7296
IN2920250403,07.52 RJ SGS 2036,7.52,25/Feb/2036,98.6063,7.7296
IN3020250046,07.53 SK SGS 2036,7.53,25/Feb/2036,98.6724,7.7296
IN1020240736,07.20 AP SGS 2036,7.2,27/Feb/2036,96.4911,7.7296
IN2220230261,07.43 MH SGS 2036,7.43,28/Feb/2036,98.0113,7.7296
IN1620230384,07.44 HR SGS 2036,7.44,28/Feb/2036,98.0774,7.7296
IN4920200156,07.24 JK SDL 2036,7.24,03/Mar/2036,96.7533,7.7296
IN2920200747,07.24 RJ SDL 2036,7.24,03/Mar/2036,96.7533,7.7296
IN1920200624,07.29 KA SDL 2036,7.29,03/Mar/2036,97.0843,7.7296
IN1520250334,07.40 GJ SGS 2036 04 MAR,7.4,04/Mar/2036,97.8121,7.7296
IN2720240117,07.22 OD SGS 2036,7.22,05/Mar/2036,96.6202,7.7296
IN1020240769,07.28 AP SGS 2036,7.28,05/Mar/2036,97.0175,7.7296
IN2220230287,07.40 MH SGS 2036,7.4,06/Mar/2036,97.8119,7.7296
IN1920230308,07.41 KA SGS 2036,7.41,06/Mar/2036,97.8781,7.7296
IN3720200069,07.28 JH SDL 2036,7.28,10/Mar/2036,97.0161,7.7296
IN3220200064,07.29 TR SDL 2036,7.29,10/Mar/2036,97.0824,7.7296
IN3120250813,07.41 TN SGS 2036,7.41,11/Mar/2036,97.8777,7.7296
IN3920250013,07.45 DL SGS 2036,7.45,11/Mar/2036,98.1428,7.7296
IN2120250476,07.45 MP SGS 2036,7.45,11/Mar/2036,98.1428,7.7296
IN3020250053,07.53 SK SGS 2036 11 MAR,7.53,11/Mar/2036,98.6732,7.7296
IN3320230292,07.38 UP SGS 2036,7.38,13/Mar/2036,97.6786,7.7296
IN1720230136,07.41 HP SGS 2036,7.41,13/Mar/2036,97.8775,7.7296
IN3420200286,07.19 WB SDL 2036,7.19,17/Mar/2036,96.4170,7.7296
IN3720250049,07.49 JH SGS 2036,7.49,18/Mar/2036,98.4083,7.7296
IN2920250411,07.49 RJ SGS 2036,7.49,18/Mar/2036,98.4083,7.7296
IN3020250061,07.56 SK SGS 2036,7.56,18/Mar/2036,98.8731,7.7296
IN3320230318,07.48 UP SGS 2036,7.48,20/Mar/2036,98.3420,7.7296
IN2320230096,07.50 MN SGS 2036,7.5,20/Mar/2036,98.4749,7.7296
IN1520220329,07.73 GJ SGS 2036,7.73,23/Mar/2036,99.8433,7.7535
IN3320220178,07.78 UP SGS 2036,7.78,23/Mar/2036,100.3343,7.7296
IN3720200077,06.86 JH SDL 2036,6.86,24/Mar/2036,94.2189,7.7296
IN3120250888,07.55 TN SGS 2036,7.55,25/Mar/2036,98.8046,7.7296
IN2220250533,07.57 MH SGS 2036,7.57,25/Mar/2036,98.9376,7.7296
IN2920250437,07.65 RJ SGS 2036,7.65,25/Mar/2036,99.7147,7.6926
IN2020250311,07.68 KL SGS 2036,7.68,25/Mar/2036,99.6689,7.7296
IN2820250206,07.80 PN SGS 2036,7.8,25/Mar/2036,100.4666,7.7296
IN3020250079,07.87 SK SGS 2036,7.87,25/Mar/2036,100.9320,7.7296
IN1020240793,07.07 AP SGS 2036,7.07,26/Mar/2036,95.6123,7.7296
IN1620180126,08.12 HR SDL 2036,8.12,27/Mar/2036,102.5943,7.7296
IN2020230271,07.49 KL SGS 2036,7.49,27/Mar/2036,98.4043,7.7296
IN3320230367,07.49 UP SGS 2036,7.49,27/Mar/2036,98.4043,7.7296
IN2320230104,07.50 MN SGS 2036 27 MAR,7.5,27/Mar/2036,98.4708,7.7296
IN4520210290,07.36 TS SDL 2036,7.36,30/Mar/2036,97.5372,7.7296
IN2820200243,06.82 PN SDL 2036,6.82,31/Mar/2036,93.9438,7.7296
IN3420200302,06.99 WB SDL 2036,6.99,31/Mar/2036,95.0750,7.7296
IN4520240016,07.44 TS SGS 2036,7.44,03/Apr/2036,98.0674,7.7296
IN1720260018,07.81 HP SGS 2036,7.81,08/Apr/2036,100.5298,7.7296
IN2420260019,07.84 ML SGS 2036,7.84,08/Apr/2036,100.7297,7.7296
IN2820260015,07.91 PN SGS 2036,7.91,08/Apr/2036,101.1962,7.7296
IN1020190022,08.18 AP SDL 2036,8.18,10/Apr/2036,102.9962,7.7296
IN2920260030,07.64 RJ SGS 2036,7.64,22/Apr/2036,99.3910,7.7296
IN3520260032,07.68 CG SGS 2036,7.68,29/Apr/2036,99.6561,7.7296
IN3620260023,07.69 UK SGS 2036,7.69,29/Apr/2036,99.7230,7.7296
IN3320260026,07.72 UP SGS 2036 29 APR,7.72,29/Apr/2036,99.9237,7.7296
IN1020240090,07.53 AP SGS 2036,7.53,02/May/2036,98.6509,7.7296
IN2820240066,07.53 PN SGS 2036,7.53,02/May/2036,98.6509,7.7296
IN1620210014,06.92 HR SDL 2036,6.92,05/May/2036,94.5628,7.7296
IN3120260028,07.73 TN SGS 2036,7.73,06/May/2036,99.9891,7.7296
IN1020250099,06.79 AP SGS 2036,6.79,07/May/2036,93.6891,7.7296
IN4520240057,07.47 TS SGS 2036,7.47,08/May/2036,98.2459,7.7296
IN2420260027,07.77 ML SGS 2036,7.77,13/May/2036,100.2562,7.7296
IN1020210085,06.96 AP SDL 2036,6.96,19/May/2036,94.8145,7.7296
IN1520250052,06.64 GJ SGS 2036,6.64,21/May/2036,92.6618,7.7296
IN2320240012,07.43 MN SGS 2036,7.43,22/May/2036,97.9701,7.7296
IN1620250051,06.64 HR SGS 2036,6.64,28/May/2036,92.6511,7.7296
IN2020240031,07.36 KL SGS 2036,7.36,29/May/2036,97.4954,7.7296
IN2820240090,07.37 PN SGS 2036,7.37,29/May/2036,97.5627,7.7296
IN2520230011,07.43 MZ SGS 2036,7.43,31/May/2036,97.9661,7.7296
IN4920210031,07.04 JK SDL 2036,7.04,02/Jun/2036,95.3388,7.7296
IN1520260036,07.70 GJ SGS 2036,7.7,03/Jun/2036,99.7999,7.7271
IN3120260051,07.74 TN SGS 2036,7.74,03/Jun/2036,100.1070,7.7215
IN1020250123,06.82 AP SGS 2036,6.82,04/Jun/2036,93.8547,7.7296
IN1720240044,07.46 HP SGS 2036,7.46,05/Jun/2036,98.1659,7.7296
IN1020220183,08.07 AP SDL 2036,8.07,08/Jun/2036,102.2772,7.7296
IN1620210055,06.92 HR SDL 2036 16 JUN,6.92,16/Jun/2036,94.5152,7.7296
IN1220260021,07.66 AS SGS 2036,7.66,17/Jun/2036,99.0541,7.7977
IN4520240115,07.35 TS SGS 2036,7.35,19/Jun/2036,97.4172,7.7296
IN2920210175,07.04 RJ SDL 2036,7.04,23/Jun/2036,95.3192,7.7296
IN3420210038,07.06 WB SDL 2036,7.06,23/Jun/2036,95.4544,7.7296
IN2020210059,07.09 KL SDL 2036,7.09,23/Jun/2036,95.6573,7.7296
IN1020210150,07.13 AP SDL 2036,7.13,23/Jun/2036,95.9277,7.7296
IN3920260012,07.57 DL SGS 2036,7.57,24/Jun/2036,98.9026,7.7296
IN3120250136,06.82 TN SGS 2036,6.82,25/Jun/2036,93.8293,7.7296
IN1620240078,07.33 HR SGS 2036,7.33,26/Jun/2036,97.2785,7.7296
IN4520220042,07.94 TS SDL 2036,7.94,29/Jun/2036,101.4063,7.7296
IN1020240363,07.37 AP SGS 2036,7.37,03/Jul/2036,97.5461,7.7296
IN2320240020,07.39 MN SGS 2036,7.39,03/Jul/2036,97.6816,7.7296
IN1920250090,07.51 KA SGS 2036,7.51,07/Jul/2036,98.4937,7.7296
IN1620240086,07.32 HR SGS 2036,7.32,10/Jul/2036,97.2041,7.7296
IN1020210200,07.14 AP SDL 2036,7.14,14/Jul/2036,95.9804,7.7296
IN1020260098,07.51 AP SGS 2036,7.51,15/Jul/2036,98.4921,7.7296
IN1620240094,07.32 HR SGS 2036 18 JUL,7.32,18/Jul/2036,97.2007,7.7296
IN4520240164,07.32 TS SGS 2036,7.32,18/Jul/2036,97.2007,7.7296
IN2520220038,08.02 MZ SDL 2036,8.02,20/Jul/2036,101.9576,7.7296
IN1020220332,08.03 AP SDL 2036,8.03,20/Jul/2036,102.0256,7.7296
IN1220260039,07.56 AS SGS 2036,7.56,22/Jul/2036,98.8309,7.7296
IN1620240102,07.34 HR SGS 2036,7.34,31/Jul/2036,97.3322,7.7296
IN4520220109,07.84 TS SDL 2036,7.84,03/Aug/2036,100.7382,7.7296
IN2220210206,07.10 MH SDL 2036,7.1,04/Aug/2036,95.6953,7.7296
IN3120260093,07.49 TN SGS 2036,7.49,05/Aug/2036,98.2392,7.7465
IN1620240110,07.26 HR SGS 2036,7.26,07/Aug/2036,96.7845,7.7296
IN1020220407,07.97 AP SDL 2036,7.97,10/Aug/2036,101.6276,7.7296
IN1420250053,07.12 GA SGS 2036,7.12,13/Aug/2036,95.8263,7.7296
IN2820230117,07.51 PN SGS 2036,7.51,17/Aug/2036,98.4887,7.7296
IN1920240265,07.16 KA SGS 2036,7.16,20/Aug/2036,96.0959,7.7296
IN1620240128,07.24 HR SGS 2036,7.24,21/Aug/2036,96.6424,7.7296
IN1020160074,07.62 AP SDL 2036,7.62,24/Aug/2036,99.2411,7.7296
IN1920250256,07.47 KA SGS 2036,7.47,25/Aug/2036,98.3889,7.7039
IN3120240582,07.18 TN SGS 2036,7.18,27/Aug/2036,96.2295,7.7296
IN1520260135,07.47 GJ SGS 2036 27 AUG,7.47,27/Aug/2036,98.0753,7.7502
IN1020240454,07.24 AP SGS 2036,7.24,28/Aug/2036,96.6399,7.7296
IN1620240144,07.24 HR SGS 2036 28 AUG,7.24,28/Aug/2036,96.6399,7.7296
IN2820240181,07.26 PN SGS 2036,7.26,28/Aug/2036,96.7768,7.7296
IN2320240038,07.27 MN SGS 2036,7.27,28/Aug/2036,96.8453,7.7296
IN4920210064,07.08 JK SDL 2036,7.08,01/Sep/2036,95.5428,7.7296
IN1020250305,07.62 AP SGS 2036,7.62,03/Sep/2036,99.2425,7.7296
IN1620240151,07.25 HR SGS 2036,7.25,04/Sep/2036,96.7065,7.7296
IN2920230181,07.44 RJ SGS 2036,7.44,06/Sep/2036,98.0088,7.7296
IN4520210142,07.00 TS SDL 2036,7,08/Sep/2036,94.9903,7.7296
IN1020200359,06.85 AP SDL 2036,6.85,09/Sep/2036,93.9605,7.7296
IN1420260011,07.63 GA SGS 2036,7.63,09/Sep/2036,99.3123,7.7296
IN1420250087,07.48 GA SGS 2036,7.48,10/Sep/2036,98.2831,7.7296
IN1320250112,07.52 BR SGS 2036,7.52,10/Sep/2036,98.5576,7.7296
IN1920250306,07.44 KA SGS 2036 11 SEP,7.44,11/Sep/2036,98.0086,7.7296
IN1720220087,07.50 HP SGS 2036,7.5,14/Sep/2036,98.4206,7.7296
IN1020210267,06.98 AP SDL 2036,6.98,15/Sep/2036,94.8487,7.7296
IN3420210137,06.98 WB SDL 2036,6.98,15/Sep/2036,94.8487,7.7296
IN2520250043,07.48 MZ SGS 2036,7.48,17/Sep/2036,98.2834,7.7296
IN3820250030,07.48 PY SGS 2036,7.48,17/Sep/2036,98.2834,7.7296
IN2220240278,07.12 MH SGS 2036,7.12,19/Sep/2036,95.8087,7.7296
IN1620240169,07.13 HR SGS 2036,7.13,19/Sep/2036,95.8774,7.7296
IN4520240313,07.13 TS SGS 2036,7.13,19/Sep/2036,95.8774,7.7296
IN2920210282,06.86 RJ SDL 2036,6.86,22/Sep/2036,94.0183,7.7296
IN1020230471,07.44 AP SGS 2036,7.44,22/Sep/2036,98.0078,7.7296
IN2220250319,07.27 MH SGS 2036,7.27,24/Sep/2036,96.8365,7.7296
IN3420250133,07.42 WB SGS 2036,7.42,24/Sep/2036,97.8687,7.7296
IN2220240310,07.11 MH SGS 2036,7.11,25/Sep/2036,95.7344,7.7296
IN1620240177,07.12 HR SGS 2036,7.12,25/Sep/2036,95.8033,7.7296
IN2120240055,07.12 MP SGS 2036,7.12,25/Sep/2036,95.8033,7.7296
IN1920250348,07.62 KA SGS 2036,7.62,25/Sep/2036,99.2443,7.7296
IN4920210072,06.98 JK SDL 2036,6.98,29/Sep/2036,94.8346,7.7296
IN2020210158,06.99 KL SDL 2036,6.99,29/Sep/2036,94.9034,7.7296
IN3220210014,06.99 TR SDL 2036,6.99,29/Sep/2036,94.9034,7.7296
IN3420210145,06.99 WB SDL 2036 29 SEP,6.99,29/Sep/2036,94.9034,7.7296
IN1420250103,07.37 GA SGS 2036,7.37,01/Oct/2036,97.5189,7.7296
IN1620240185,07.12 HR SGS 2036 03 OCT,7.12,03/Oct/2036,95.7943,7.7296
IN4520220216,07.83 TS SGS 2036,7.83,04/Oct/2036,100.6874,7.7296
IN2020210166,07.05 KL SDL 2036,7.05,06/Oct/2036,95.3083,7.7296
IN3420210152,07.05 WB SDL 2036,7.05,06/Oct/2036,95.3083,7.7296
IN1020250354,07.27 AP SGS 2036,7.27,08/Oct/2036,96.8236,7.7296
IN2820230174,07.75 PN SGS 2036,7.75,11/Oct/2036,100.1337,7.7296
IN1020210333,07.13 AP SDL 2036 13 OCT,7.13,13/Oct/2036,95.8525,7.7296
IN2220250343,07.20 MH SGS 2036,7.2,23/Oct/2036,96.3264,7.7296
IN1020230539,07.72 AP SGS 2036,7.72,25/Oct/2036,99.9225,7.7296
IN1020210358,07.02 AP SDL 2036,7.02,27/Oct/2036,95.0769,7.7296
IN4520220224,07.89 TS SGS 2036,7.89,27/Oct/2036,101.0987,7.7296
IN1920240091,07.15 KA SGS 2036,7.15,30/Oct/2036,95.9739,7.7296
IN1920230050,07.73 KA SGS 2036,7.73,01/Nov/2036,99.9903,7.7296
IN1020230554,07.74 AP SGS 2036,7.74,01/Nov/2036,100.0595,7.7296
IN1620240193,07.13 HR SGS 2036 06 NOV,7.13,06/Nov/2036,95.8296,7.7296
IN1420250129,07.25 GA SGS 2036,7.25,06/Nov/2036,96.6615,7.7296
IN4520230322,07.72 TS SGS 2036,7.72,08/Nov/2036,99.9195,7.7296
IN2920230306,07.75 RJ SGS 2036,7.75,08/Nov/2036,100.1275,7.7296
IN1720220129,07.85 HP SGS 2036,7.85,09/Nov/2036,100.8210,7.7296
IN2520220079,07.87 MZ SGS 2036,7.87,09/Nov/2036,100.9597,7.7296
IN3320250092,07.24 UP SGS 2036,7.24,12/Nov/2036,96.5874,7.7296
IN3120250417,07.20 TN SGS 2036,7.2,19/Nov/2036,96.3041,7.7296
IN1920230076,07.67 KA SGS 2036,7.67,22/Nov/2036,99.5694,7.7296
IN2920250312,07.24 RJ SGS 2036,7.24,26/Nov/2036,96.5769,7.7296
IN3320240036,07.19 UP SGS 2036,7.19,27/Nov/2036,96.2282,7.7296
IN2820230190,07.79 PN SGS 2036,7.79,29/Nov/2036,100.4034,7.7296
IN1020250370,07.35 AP SGS 2036,7.35,03/Dec/2036,97.3382,7.7296
IN3320250126,07.36 UP SGS 2036,7.36,03/Dec/2036,97.4079,7.7296
IN2820240256,07.12 PN SGS 2036,7.12,04/Dec/2036,95.7352,7.7296
IN2820230216,07.77 PN SGS 2036,7.77,06/Dec/2036,100.2640,7.7296
IN4920210098,06.94 JK SDL 2036,6.94,08/Dec/2036,94.4768,7.7296
IN1920200483,06.68 KA SDL 2036,6.68,09/Dec/2036,92.6626,7.7296
IN1920230126,07.71 KA SGS 2036,7.71,13/Dec/2036,99.8453,7.7296
IN3420210202,06.94 WB SDL 2036,6.94,15/Dec/2036,94.4696,7.7296
IN1720240127,07.12 HP SGS 2036,7.12,18/Dec/2036,95.7239,7.7296
IN1920240133,07.12 KA SGS 2036,7.12,18/Dec/2036,95.7239,7.7296
IN3420210210,07.05 WB SDL 2036 22 DEC,7.05,22/Dec/2036,95.2315,7.7296
IN2720250124,07.47 OD SGS 2036,7.47,24/Dec/2036,98.1667,7.7296
IN3120250540,07.47 TN SGS 2036,7.47,24/Dec/2036,98.1667,7.7296
IN2920250346,07.54 RJ SGS 2036,7.54,24/Dec/2036,98.6562,7.7296
IN3420210228,07.12 WB SDL 2036,7.12,29/Dec/2036,95.7156,7.7296
IN4920210114,07.14 JK SDL 2036,7.14,29/Dec/2036,95.8556,7.7296
IN2820210127,07.14 PN SDL 2036,7.14,29/Dec/2036,95.8556,7.7296
IN1020200508,06.65 AP SDL 2036,6.65,30/Dec/2036,92.4249,7.7296
IN1920250058,07.46 KA SGS 2036,7.46,31/Dec/2036,98.0949,7.7296
IN2120250294,07.50 MP SGS 2036,7.5,31/Dec/2036,98.3749,7.7296
IN4520250635,07.52 TS SGS 2036,7.52,31/Dec/2036,98.5149,7.7296
IN3320240069,07.15 UP SGS 2037,7.15,01/Jan/2037,95.5147,7.7898
IN1020240652,07.17 AP SGS 2037,7.17,01/Jan/2037,95.6543,7.7898
IN2820230224,07.78 PN SGS 2037,7.78,03/Jan/2037,99.9135,7.7898
IN2820210143,07.19 PN SDL 2037,7.19,05/Jan/2037,95.7912,7.7898
IN3120250599,07.50 TN SGS 2037,7.5,07/Jan/2037,97.9566,7.7898
IN1920230191,07.72 KA SGS 2037,7.72,10/Jan/2037,99.4943,7.7898
IN4520220315,07.59 TS SGS 2037,7.59,11/Jan/2037,98.5850,7.7898
IN1020200540,06.63 AP SDL 2037,6.63,13/Jan/2037,91.8675,7.7898
IN3520250074,07.56 CG SGS 2037,7.56,14/Jan/2037,98.3746,7.7898
IN3420250281,07.59 WB SGS 2037,7.59,14/Jan/2037,98.5846,7.7898
IN2820240264,07.23 PN SGS 2037,7.23,15/Jan/2037,96.0646,7.7898
IN1920210284,07.33 KA SDL 2037,7.33,19/Jan/2037,96.7627,7.7898
IN1920200574,06.60 KA SDL 2037,6.6,20/Jan/2037,91.6480,7.7898
IN2120200232,06.61 MP SDL 2037,6.61,20/Jan/2037,91.7180,7.7898
IN1320240212,07.15 BR SGS 2037,7.15,22/Jan/2037,95.4999,7.7898
IN1020230737,07.68 AP SGS 2037,7.68,24/Jan/2037,99.2143,7.7898
IN3420210251,07.48 WB SDL 2037,7.48,25/Jan/2037,97.8119,7.7898
IN2520220095,07.69 MZ SGS 2037,7.69,25/Jan/2037,99.2845,7.7898
IN3120250672,07.53 TN SGS 2037,7.53,28/Jan/2037,98.1620,7.7898
IN1320240238,07.12 BR SGS 2037,7.12,29/Jan/2037,95.2848,7.7898
IN1020200573,06.87 AP SDL 2037,6.87,03/Feb/2037,93.5267,7.7898
IN2220250442,07.54 MH SGS 2037,7.54,04/Feb/2037,98.2314,7.7898
IN3320250191,07.60 UP SGS 2037,7.6,04/Feb/2037,98.6528,7.7898
IN2720240042,07.11 OD SGS 2037,7.11,05/Feb/2037,95.2107,7.7898
IN1320240253,07.12 BR SGS 2037 05 FEB,7.12,05/Feb/2037,95.2809,7.7898
IN2220240419,07.13 MH SGS 2037,7.13,05/Feb/2037,95.3512,7.7898
IN3120250714,07.58 TN SGS 2037,7.58,11/Feb/2037,98.5120,7.7898
IN1320240279,07.14 BR SGS 2037,7.14,12/Feb/2037,95.4172,7.7898
IN1920210375,07.12 KA SDL 2037,7.12,16/Feb/2037,95.2741,7.7898
IN2820210150,07.12 PN SDL 2037,7.12,16/Feb/2037,95.2741,7.7898
IN1920250215,07.48 KA SGS 2037,7.48,18/Feb/2037,97.8078,7.7898
IN1020250545,07.53 AP SGS 2037,7.53,18/Feb/2037,98.1598,7.7898
IN1520240244,07.12 GJ SGS 2037,7.12,20/Feb/2037,95.2718,7.7898
IN2920240446,07.14 RJ SGS 2037,7.14,20/Feb/2037,95.4127,7.7898
IN1320240295,07.15 BR SGS 2037 20 FEB,7.15,20/Feb/2037,95.4831,7.7898
IN2120240154,07.16 MP SGS 2037,7.16,20/Feb/2037,95.5535,7.7898
IN3820230032,07.47 PY SGS 2037,7.47,21/Feb/2037,97.7369,7.7898
IN4520210266,07.13 TS SDL 2037,7.13,23/Feb/2037,95.3406,7.7898
IN1020200581,07.22 AP SDL 2037,7.22,24/Feb/2037,95.9744,7.7898
IN2220250483,07.48 MH SGS 2037,7.48,25/Feb/2037,97.8070,7.7898
IN2220240443,07.17 MH SGS 2037,7.17,27/Feb/2037,95.6205,7.7898
IN1320240311,07.24 BR SGS 2037,7.24,27/Feb/2037,96.1142,7.7898
IN4920210130,07.12 JK SDL 2037,7.12,02/Mar/2037,95.2652,7.7898
IN1920200632,07.29 KA SDL 2037,7.29,03/Mar/2037,96.4649,7.7898
IN3520240083,07.32 CG SGS 2037,7.32,05/Mar/2037,96.6762,7.7898
IN3720210035,07.28 JH SDL 2037,7.28,09/Mar/2037,96.3925,7.7898
IN1920200657,07.24 KA SDL 2037,7.24,10/Mar/2037,96.1094,7.7898
IN1520250359,07.41 GJ SGS 2037,7.41,11/Mar/2037,97.3110,7.7898
IN1920230324,07.37 KA SGS 2037,7.37,13/Mar/2037,97.0279,7.7898
IN4520160263,07.95 TS SDL 2037,7.95,15/Mar/2037,101.1313,7.7898
IN3320220152,07.74 UP SGS 2037,7.74,15/Mar/2037,99.6454,7.7898
IN4920210148,07.39 JK SDL 2037,7.39,16/Mar/2037,97.1690,7.7898
IN1420250152,07.52 GA SGS 2037,7.52,18/Mar/2037,98.0890,7.7898
IN3320240135,07.15 UP SGS 2037 19 MAR,7.15,19/Mar/2037,95.4693,7.7898
IN1920230357,07.45 KA SGS 2037,7.45,20/Mar/2037,97.5934,7.7898
IN2220230295,07.45 MH SGS 2037,7.45,20/Mar/2037,97.5934,7.7898
IN2920230520,07.48 RJ SGS 2037,7.48,20/Mar/2037,97.8059,7.7898
IN2220230329,07.42 MH SGS 2037,7.42,22/Mar/2037,97.3801,7.7898
IN1620210212,07.40 HR SDL 2037,7.4,23/Mar/2037,97.2375,7.7898
IN1620240359,07.04 HR SGS 2037,7.04,26/Mar/2037,94.6830,7.7898
IN1020240801,07.08 AP SGS 2037,7.08,26/Mar/2037,94.9665,7.7898
IN4520160370,07.66 TS SDL 2037,7.66,29/Mar/2037,99.0764,7.7898
IN3320210252,07.39 UP SDL 2037,7.39,30/Mar/2037,97.1606,7.7898
IN2020210224,07.40 KL SDL 2037,7.4,30/Mar/2037,97.2316,7.7898
IN2820240025,07.48 PN SGS 2037,7.48,03/Apr/2037,97.7969,7.7898
IN1020250032,06.84 AP SGS 2037,6.84,04/Apr/2037,93.2533,7.7898
IN1020190030,08.18 AP SDL 2037,8.18,10/Apr/2037,102.7656,7.7898
IN1620190018,08.18 HR SDL 2037,8.18,10/Apr/2037,102.7656,7.7898
IN4520170015,07.70 TS SDL 2037,7.7,12/Apr/2037,99.3542,7.7898
IN2020260021,07.81 KL SGS 2037,7.81,15/Apr/2037,100.1352,7.7898
IN4520260048,07.70 TS SGS 2037,7.7,22/Apr/2037,99.4998,7.7687
IN2220250012,06.76 MH SGS 2037,6.76,23/Apr/2037,92.6565,7.7898
IN2820240041,07.51 PN SGS 2037,7.51,24/Apr/2037,97.9963,7.7898
IN1020230067,07.47 AP SGS 2037,7.47,26/Apr/2037,97.7102,7.7898
IN2220250053,06.77 MH SGS 2037,6.77,30/Apr/2037,92.7176,7.7898
IN2920240024,07.52 RJ SGS 2037,7.52,02/May/2037,98.0631,7.7898
IN2820240074,07.53 PN SGS 2037,7.53,02/May/2037,98.1344,7.7898
IN1020220068,07.45 AP SDL 2037,7.45,04/May/2037,97.5626,7.7898
IN1020250107,06.74 AP SGS 2037,6.74,07/May/2037,92.4935,7.7898
IN2120250013,06.77 MP SGS 2037,6.77,07/May/2037,92.7076,7.7898
IN1020240124,07.47 AP SGS 2037 08 MAY,7.47,08/May/2037,97.7030,7.7898
IN4520170023,07.58 TS SDL 2037,7.58,11/May/2037,98.4869,7.7898
IN2820220027,07.76 PN SDL 2037,7.76,11/May/2037,99.7724,7.7898
IN1020210051,06.94 AP SDL 2037,6.94,12/May/2037,93.9149,7.7898
IN1620190026,08.06 HR SDL 2037,8.06,15/May/2037,101.9155,7.7898
IN1520250060,06.65 GJ SGS 2037,6.65,21/May/2037,91.8299,7.7898
IN2720170017,07.53 OD SDL 2037,7.53,24/May/2037,98.1238,7.7898
IN2920240081,07.36 RJ SGS 2037,7.36,29/May/2037,96.9039,7.7898
IN2520230029,07.43 MZ SGS 2037,7.43,31/May/2037,97.4048,7.7898
IN2020250055,06.77 KL SGS 2037,6.77,04/Jun/2037,92.6711,7.7898
IN1020250131,06.78 AP SGS 2037,6.78,04/Jun/2037,92.7428,7.7898
IN2820240116,07.47 PN SGS 2037,7.47,05/Jun/2037,97.6891,7.7898
IN1020230190,07.36 AP SGS 2037,7.36,07/Jun/2037,96.8992,7.7898
IN1520260051,07.63 GJ SGS 2037,7.63,10/Jun/2037,98.8351,7.7898
IN4520170031,07.16 TS SDL 2037,7.16,14/Jun/2037,95.4590,7.7898
IN1020220225,07.85 AP SDL 2037,7.85,22/Jun/2037,100.4145,7.7898
IN2920220059,07.85 RJ SDL 2037,7.85,22/Jun/2037,100.4145,7.7898
IN1620210063,07.07 HR SDL 2037,7.07,23/Jun/2037,94.8049,7.7898
IN1020210168,07.12 AP SDL 2037,7.12,23/Jun/2037,95.1645,7.7898
IN2220250095,06.98 MH SGS 2037,6.98,25/Jun/2037,94.1557,7.7898
IN3420220037,07.96 WB SDL 2037,7.96,29/Jun/2037,101.2070,7.7898
IN1020250222,07.00 AP SGS 2037,7,02/Jul/2037,94.2932,7.7898
IN4520240149,07.36 TS SGS 2037,7.36,03/Jul/2037,96.8857,7.7898
IN1020210176,07.15 AP SDL 2037,7.15,07/Jul/2037,95.3701,7.7898
IN2720250025,06.98 OD SGS 2037,6.98,16/Jul/2037,94.1367,7.7898
IN3420250067,07.07 WB SGS 2037,7.07,16/Jul/2037,94.7864,7.7898
IN2520240036,07.35 MZ SGS 2037,7.35,18/Jul/2037,96.8071,7.7898
IN3420220052,08.02 WB SDL 2037,8.02,20/Jul/2037,101.6466,7.7898
IN1920250124,07.54 KA SGS 2037,7.54,21/Jul/2037,98.1787,7.7898
IN1320250039,07.01 BR SGS 2037,7.01,23/Jul/2037,94.3476,7.7898
IN4520240180,07.34 TS SGS 2037,7.34,24/Jul/2037,96.7324,7.7898
IN4520170056,07.24 TS SDL 2037,7.24,26/Jul/2037,96.0085,7.7898
IN1020220365,08.04 AP SDL 2037,8.04,27/Jul/2037,101.7943,7.7898
IN2920220109,08.05 RJ SDL 2037,8.05,27/Jul/2037,101.8666,7.7898
IN4920220030,08.06 JK SDL 2037,8.06,27/Jul/2037,101.9389,7.7898
IN1720220053,07.89 HP SDL 2037,7.89,03/Aug/2037,100.7111,7.7898
IN3420220094,07.89 WB SDL 2037,7.89,03/Aug/2037,100.7111,7.7898
IN1020210218,07.14 AP SDL 2037,7.14,04/Aug/2037,95.2805,7.7898
IN2020170071,07.24 KL SDL 2037,7.24,09/Aug/2037,96.0023,7.7898
IN4520170064,07.23 TS SDL 2037,7.23,09/Aug/2037,95.9298,7.7898
IN1620220187,07.95 HR SDL 2037,7.95,10/Aug/2037,101.1484,7.7898
IN4520220117,07.95 TS SDL 2037 10 AUG,7.95,10/Aug/2037,101.1484,7.7898
IN2820230125,07.49 PN SGS 2037,7.49,17/Aug/2037,97.8131,7.7898
IN2020230123,07.47 KL SGS 2037,7.47,23/Aug/2037,97.6673,7.7898
IN1920240281,07.20 KA SGS 2037,7.2,27/Aug/2037,95.7042,7.7898
IN2820240199,07.26 PN SGS 2037,7.26,28/Aug/2037,96.1400,7.7898
IN1420250079,07.40 GA SGS 2037,7.4,28/Aug/2037,97.1579,7.7898
IN1020220449,07.71 AP SGS 2037,7.71,30/Aug/2037,99.4122,7.7898
IN1020250313,07.63 AP SGS 2037,7.63,03/Sep/2037,98.8307,7.7898
IN2320250045,07.72 MN SGS 2037,7.72,03/Sep/2037,99.4856,7.7898
IN3120190076,07.39 TN SDL 2037,7.39,04/Sep/2037,97.0842,7.7898
IN1020240496,07.25 AP SGS 2037,7.25,04/Sep/2037,96.0653,7.7898
IN1920250280,07.48 KA SGS 2037 04 SEP,7.48,04/Sep/2037,97.7392,7.7898
IN1420220023,07.58 GA SGS 2037,7.58,07/Sep/2037,98.4672,7.7898
IN1020170107,07.51 AP SDL 2037,7.51,13/Sep/2037,97.9576,7.7898
IN4520170080,07.52 TS SDL 2037,7.52,13/Sep/2037,98.0305,7.7898
IN1720220095,07.50 HP SGS 2037,7.5,14/Sep/2037,97.8847,7.7898
IN1420260029,07.80 GA SGS 2037,7.8,16/Sep/2037,100.0031,7.7993
IN2220240286,07.13 MH SGS 2037,7.13,19/Sep/2037,95.1853,7.7898
IN1420220031,07.58 GA SGS 2037 ,7.58,21/Sep/2037,98.4689,7.7898
IN1920250355,07.68 KA SGS 2037 25 SEP,7.68,25/Sep/2037,99.1967,7.7898
IN2920240537,07.05 RJ SGS 2037,7.05,26/Sep/2037,94.5944,7.7898
IN3420170075,07.53 WB SDL 2037,7.53,27/Sep/2037,98.0998,7.7898
IN2520220053,07.78 MZ SGS 2037,7.78,28/Sep/2037,99.9258,7.7898
IN4520210159,06.93 TS SDL 2037,6.93,29/Sep/2037,93.7139,7.7898
IN2820250115,07.57 PN SGS 2037,7.57,01/Oct/2037,98.3895,7.7898
IN1020200391,07.10 AP SDL 2037,7.1,07/Oct/2037,94.9471,7.7898
IN4920250144,07.39 JK SGS 2037,7.39,08/Oct/2037,97.0681,7.7898
IN2220240351,07.13 MH SGS 2037 09 OCT,7.13,09/Oct/2037,95.1644,7.7898
IN1020230513,07.66 AP SGS 2037,7.66,18/Oct/2037,99.0393,7.7898
IN4920220055,07.77 JK SGS 2037,7.77,19/Oct/2037,99.8452,7.7898
IN4520170106,07.67 TS SDL 2037,7.67,25/Oct/2037,99.1098,7.7898
IN3420170083,07.67 WB SDL 2037,7.67,25/Oct/2037,99.1098,7.7898
IN1020210366,07.02 AP SDL 2037,7.02,27/Oct/2037,94.3384,7.7898
IN3320220053,07.91 UP SGS 2037,7.91,27/Oct/2037,100.8704,7.7898
IN3420220151,07.93 WB SGS 2037,7.93,27/Oct/2037,101.0172,7.7898
IN1420250111,07.28 GA SGS 2037,7.28,29/Oct/2037,96.2450,7.7898
IN1620250218,07.29 HR SGS 2037,7.29,29/Oct/2037,96.3184,7.7898
IN4520230306,07.75 TS SGS 2037,7.75,01/Nov/2037,99.6950,7.7898
IN1020230562,07.76 AP SGS 2037,7.76,01/Nov/2037,99.7684,7.7898
IN2120230122,07.76 MP SGS 2037,7.76,01/Nov/2037,99.7684,7.7898
IN1020250362,07.30 AP SGS 2037,7.3,06/Nov/2037,96.3864,7.7898
IN4520170114,07.70 TS SDL 2037NOV,7.7,08/Nov/2037,99.3256,7.7898
IN1720220137,07.84 HP SGS 2037,7.84,09/Nov/2037,100.3547,7.7898
IN2220250376,07.25 MH SGS 2037,7.25,12/Nov/2037,96.0141,7.7898
IN1620240201,07.12 HR SGS 2037,7.12,13/Nov/2037,95.0568,7.7898
IN3420210186,06.98 WB SDL 2037,6.98,17/Nov/2037,94.0224,7.7898
IN2920250296,07.29 RJ SGS 2037,7.29,19/Nov/2037,96.3032,7.7898
IN4520230348,07.68 TS SGS 2037,7.68,22/Nov/2037,99.1745,7.7898
IN1920220036,07.74 KA SGS 2037,7.74,23/Nov/2037,99.5315,7.8013
IN2320250052,07.31 MN SGS 2037,7.31,26/Nov/2037,96.4457,7.7898
IN1620240219,07.19 HR SGS 2037,7.19,27/Nov/2037,95.5602,7.7898
IN2120230130,07.76 MP SGS 2037 29 NOV,7.76,29/Nov/2037,99.7629,7.7898
IN2820230208,07.79 PN SGS 2037,7.79,29/Nov/2037,99.9841,7.7898
IN1920220051,07.63 KA SGS 2037,7.63,30/Nov/2037,98.8037,7.7898
IN4920220063,07.68 JK SGS 2037,7.68,30/Nov/2037,99.1726,7.7898
IN1920200467,06.69 KA SDL 2037,6.69,02/Dec/2037,91.8667,7.7898
IN3420250166,07.50 WB SGS 2037,7.5,03/Dec/2037,97.8435,7.7898
IN4520170122,07.68 TS SDL 2037,7.68,06/Dec/2037,99.1713,7.7898
IN1020230646,07.71 AP SGS 2037 06 DEC,7.71,06/Dec/2037,99.3929,7.7898
IN3420230150,07.72 WB SGS 2037,7.72,06/Dec/2037,99.4667,7.7898
IN2520230078,07.81 MZ SGS 2037,7.81,06/Dec/2037,100.1312,7.7898
IN1320250203,07.60 BR SGS 2037,7.6,10/Dec/2037,98.5795,7.7898
IN4920250193,07.65 JK SGS 2037,7.65,10/Dec/2037,98.9489,7.7898
IN1620240227,07.09 HR SGS 2037,7.09,11/Dec/2037,94.8106,7.7898
IN1720220152,07.63 HP SGS 2037,7.63,14/Dec/2037,98.8003,7.7898
IN3320250159,07.46 UP SGS 2037,7.46,17/Dec/2037,97.5422,7.7898
IN3720220026,07.67 JH SGS 2037,7.67,21/Dec/2037,99.0949,7.7898
IN3420220185,07.67 WB SGS 2037,7.67,21/Dec/2037,99.0949,7.7898
IN1920250041,07.52 KA SGS 2037,7.52,24/Dec/2037,97.9839,7.7898
IN1620240235,07.16 HR SGS 2037,7.16,26/Dec/2037,95.3168,7.7898
IN1920230159,07.68 KA SGS 2037,7.68,27/Dec/2037,99.1683,7.7898
IN3820220025,07.69 PY SGS 2037,7.69,28/Dec/2037,99.2423,7.7898
IN3120220246,07.69 TN SGS 2037,7.69,28/Dec/2037,99.2423,7.7898
IN4920220089,07.70 JK SGS 2037,7.7,28/Dec/2037,99.3164,7.7898
IN1020250420,07.52 AP SGS 2037,7.52,31/Dec/2037,97.9822,7.7898
IN1020240660,07.17 AP SGS 2038,7.17,01/Jan/2038,95.3217,7.7989
IN2120240139,07.17 MP SGS 2038,7.17,01/Jan/2038,95.3217,7.7989
IN1620240243,07.18 HR SGS 2038,7.18,01/Jan/2038,95.3958,7.7989
IN4520170148,07.83 TS SDL 2038,7.83,03/Jan/2038,100.2121,7.7989
IN2820230232,07.79 PN SGS 2038,7.79,03/Jan/2038,99.9156,7.7989
IN1420220122,07.64 GA SGS 2038,7.64,04/Jan/2038,98.8037,7.7989
IN1020210457,07.24 AP SDL 2038,7.24,05/Jan/2038,95.8380,7.7989
IN2120250328,07.59 MP SGS 2038 07 JAN,7.59,07/Jan/2038,98.4326,7.7989
IN4920250219,07.67 JK SGS 2038,7.67,07/Jan/2038,99.0259,7.7989
IN2220240369,07.11 MH SGS 2038,7.11,08/Jan/2038,94.8720,7.7989
IN1620240250,07.15 HR SGS 2038,7.15,08/Jan/2038,95.1687,7.7989
IN1920230209,07.71 KA SGS 2038,7.71,10/Jan/2038,99.3225,7.7989
IN1220250154,07.65 AS SGS 2038,7.65,14/Jan/2038,98.8770,7.7989
IN1620240268,07.22 HR SGS 2038,7.22,15/Jan/2038,95.6839,7.7989
IN1020230711,07.67 AP SGS 2038 17 JAN,7.67,17/Jan/2038,99.0254,7.7989
IN4920220097,07.55 JK SGS 2038,7.55,18/Jan/2038,98.1339,7.7989
IN1620240276,07.14 HR SGS 2038,7.14,22/Jan/2038,95.0854,7.7989
IN1920240208,07.15 KA SGS 2038,7.15,22/Jan/2038,95.1598,7.7989
IN1920210300,07.37 KA SDL 2038,7.37,25/Jan/2038,96.7941,7.7989
IN2920220240,07.64 RJ SGS 2038,7.64,25/Jan/2038,98.8022,7.7989
IN1720220178,07.70 HP SGS 2038,7.7,25/Jan/2038,99.2484,7.7989
IN2720250165,07.56 OD SGS 2038,7.56,28/Jan/2038,98.2068,7.7989
IN3620250081,07.59 UK SGS 2038,7.59,28/Jan/2038,98.4301,7.7989
IN1620240284,07.14 HR SGS 2038 29 JAN,7.14,29/Jan/2038,95.0812,7.7989
IN2120220057,07.72 MP SGS 2038,7.72,01/Feb/2038,99.3976,7.7989
IN2920220265,07.73 RJ SGS 2038,7.73,01/Feb/2038,99.4721,7.7989
IN2820250172,07.71 PN SGS 2038,7.71,04/Feb/2038,99.3234,7.7989
IN1020240710,07.11 AP SGS 2038,7.11,05/Feb/2038,94.8542,7.7989
IN2220240427,07.12 MH SGS 2038 05 FEB,7.12,05/Feb/2038,94.9287,7.7989
IN2020240254,07.16 KL SGS 2038,7.16,05/Feb/2038,95.2267,7.7989
IN4520170163,08.16 TS SDL 2038,8.16,07/Feb/2038,102.6768,7.7989
IN1020210481,07.37 AP SDL 2038,7.37,09/Feb/2038,96.7898,7.7989
IN2820250180,07.77 PN SGS 2038,7.77,11/Feb/2038,99.7716,7.7989
IN1620240292,07.14 HR SGS 2038,7.14,12/Feb/2038,95.0738,7.7989
IN1020230802,07.45 AP SGS 2038,7.45,14/Feb/2038,97.3852,7.7989
IN3620250099,07.58 UK SGS 2038,7.58,18/Feb/2038,98.3549,7.7989
IN1620240300,07.16 HR SGS 2038,7.16,20/Feb/2038,95.2190,7.7989
IN1720220194,07.59 HP SGS 2038,7.59,22/Feb/2038,98.4296,7.7989
IN2120220081,07.59 MP SGS 2038,7.59,22/Feb/2038,98.4296,7.7989
IN1920210383,07.13 KA SDL 2038,7.13,23/Feb/2038,94.9935,7.7989
IN1920200590,07.22 KA SDL 2038,7.22,24/Feb/2038,95.6654,7.7989
IN2220240450,07.18 MH SGS 2038,7.18,27/Feb/2038,95.3653,7.7989
IN1620240318,07.22 HR SGS 2038 27 FEB,7.22,27/Feb/2038,95.6642,7.7989
IN1920200640,07.22 KA SDL 2038 03 MAR,7.22,03/Mar/2038,95.6621,7.7989
IN3520250116,07.54 CG SGS 2038,7.54,04/Mar/2038,98.0562,7.7989
IN4920250250,07.68 JK SGS 2038,7.68,04/Mar/2038,99.1038,7.7989
IN3420240225,07.32 WB SGS 2038,7.32,05/Mar/2038,96.4098,7.7989
IN4520170189,08.22 TS SDL 2038,8.22,07/Mar/2038,103.1471,7.7989
IN3320220137,07.75 UP SGS 2038,7.75,08/Mar/2038,99.6288,7.7989
IN1020210549,07.48 AP SDL 2038,7.48,09/Mar/2038,97.6071,7.7989
IN1920200665,07.24 KA SDL 2038,7.24,10/Mar/2038,95.8095,7.7989
IN1620250382,07.53 HR SGS 2038,7.53,11/Mar/2038,97.9816,7.7989
IN2920240495,07.23 RJ SGS 2038,7.23,12/Mar/2038,95.7340,7.7989
IN3420240241,07.29 WB SGS 2038,7.29,12/Mar/2038,96.1835,7.7989
IN1920230332,07.37 KA SGS 2038,7.37,13/Mar/2038,96.7828,7.7989
IN3820230057,07.38 PY SGS 2038,7.38,13/Mar/2038,96.8577,7.7989
IN2520220111,07.74 MZ SGS 2038,7.74,15/Mar/2038,99.5560,7.7989
IN3720210043,07.35 JH SDL 2038,7.35,16/Mar/2038,96.6325,7.7989
IN3120250854,07.57 TN SGS 2038,7.57,18/Mar/2038,98.2821,7.7989
IN3320250241,07.57 UP SGS 2038,7.57,18/Mar/2038,98.2821,7.7989
IN2020240296,07.17 KL SGS 2038,7.17,19/Mar/2038,95.2820,7.7989
IN2220230303,07.45 MH SGS 2038,7.45,20/Mar/2038,97.3821,7.7989
IN1920230365,07.46 KA SGS 2038,7.46,20/Mar/2038,97.4571,7.7989
IN2220230337,07.45 MH SGS 2038 22 MAR,7.45,22/Mar/2038,97.3813,7.7989
IN3420210285,07.40 WB SDL 2038,7.4,23/Mar/2038,97.0053,7.7989
IN1420250160,07.76 GA SGS 2038,7.76,25/Mar/2038,99.7062,7.7989
IN3320230375,07.51 UP SGS 2038,7.51,27/Mar/2038,97.8280,7.7989
IN1720220236,07.79 HP SGS 2038,7.79,29/Mar/2038,99.9298,7.7989
IN2820220233,07.97 PN SGS 2038,7.97,29/Mar/2038,101.2819,7.7989
IN2920250445,07.87 RJ SGS 2038,7.87,30/Mar/2038,100.5305,7.7989
IN1020260015,07.96 AP SGS 2038,7.96,08/Apr/2038,101.2051,7.7989
IN1020210010,06.78 AP SDL 2038,6.78,09/Apr/2038,92.3286,7.7989
IN1020190048,08.18 AP SDL 2038,8.18,10/Apr/2038,102.8600,7.7989
IN1020220035,07.52 AP SDL 2038,7.52,12/Apr/2038,97.8933,7.7989
IN2820230026,07.62 PN SGS 2038,7.62,19/Apr/2038,98.6423,7.7989
IN2820260023,07.84 PN SGS 2038,7.84,22/Apr/2038,100.2990,7.7989
IN2220250020,06.72 MH SGS 2038,6.72,23/Apr/2038,91.8566,7.7989
IN4520180022,08.15 TS SDL 2038,8.15,25/Apr/2038,102.6356,7.7989
IN1620250028,06.75 HR SGS 2038,6.75,30/Apr/2038,92.0730,7.7989
IN2220250061,06.77 MH SGS 2038,6.77,30/Apr/2038,92.2239,7.7989
IN1020240132,07.46 AP SGS 2038 08 MAY,7.46,08/May/2038,97.4254,7.7989
IN1020210069,06.94 AP SDL 2038,6.94,12/May/2038,93.4929,7.7989
IN2520260018,07.85 MZ SGS 2038,7.85,13/May/2038,100.3708,7.7989
IN2920180055,08.25 RJ SDL 2038,8.25,23/May/2038,103.3980,7.7989
IN1020230158,07.30 AP SGS 2038,7.3,24/May/2038,96.2055,7.7989
IN1520260028,07.74 GJ SGS 2038,7.74,27/May/2038,99.5364,7.7989
IN1620250069,06.68 HR SGS 2038,6.68,28/May/2038,91.5058,7.7989
IN4520180048,08.22 TS SDL 2038MAY,8.22,30/May/2038,103.1734,7.7989
IN2820230042,07.37 PN SGS 2038,7.37,31/May/2038,96.7320,7.7989
IN1020260064,07.86 AP SGS 2038,7.86,03/Jun/2038,100.4452,7.7989
IN1020250149,06.84 AP SGS 2038,6.84,04/Jun/2038,92.7110,7.7989
IN2720180057,08.28 OD SDL 2038,8.28,06/Jun/2038,103.6307,7.7989
IN2920180071,08.28 RJ SDL 2038,8.28,06/Jun/2038,103.6307,7.7989
IN4920230021,07.37 JK SGS 2038,7.37,07/Jun/2038,96.7281,7.7989
IN1020210119,07.00 AP SDL 2038,7,09/Jun/2038,93.9195,7.7989
IN3320260034,07.74 UP SGS 2038,7.74,10/Jun/2038,99.5287,7.7997
IN3820240023,07.38 PY SGS 2038 12 JUN,7.38,12/Jun/2038,96.8014,7.7989
IN1020230232,07.36 AP SGS 2038,7.36,14/Jun/2038,96.6485,7.7989
IN4520240123,07.35 TS SGS 2038,7.35,19/Jun/2038,96.5700,7.7989
IN2520230037,07.36 MZ SGS 2038,7.36,21/Jun/2038,96.6450,7.7989
IN2020210067,07.06 KL SDL 2038,7.06,23/Jun/2038,94.3630,7.7989
IN2220250103,07.03 MH SGS 2038,7.03,25/Jun/2038,94.1332,7.7989
IN1620250085,07.05 HR SGS 2038,7.05,25/Jun/2038,94.2853,7.7989
IN2920180113,08.35 RJ SDL 2038,8.35,27/Jun/2038,104.1741,7.7989
IN1420230022,07.47 GA SGS 2038,7.47,28/Jun/2038,97.4787,7.7989
IN1020220258,07.95 AP SDL 2038,7.95,29/Jun/2038,101.1313,7.7989
IN1720230045,07.50 HP SGS 2038,7.5,05/Jul/2038,97.7050,7.7989
IN1020210184,07.19 AP SDL 2038,7.19,07/Jul/2038,95.3426,7.7989
IN4920260036,07.60 JK SGS 2038,7.6,08/Jul/2038,98.4663,7.7989
IN3120180077,08.50 TN SDL 2038,8.5,11/Jul/2038,105.3271,7.7989
IN4520180063,08.50 TS SDL 2038,8.5,11/Jul/2038,105.3271,7.7989
IN4920230047,07.44 JK SGS 2038,7.44,12/Jul/2038,97.2458,7.7989
IN1520260127,07.51 GJ SGS 2038,7.51,15/Jul/2038,98.0977,7.7566
IN2420260035,07.72 ML SGS 2038,7.72,15/Jul/2038,99.3807,7.7989
IN1020230349,07.36 AP SGS 2038 19 JUL,7.36,19/Jul/2038,96.6332,7.7989
IN2020230081,07.36 KL SGS 2038,7.36,19/Jul/2038,96.6332,7.7989
IN2520230045,07.36 MZ SGS 2038 19 JUL,7.36,19/Jul/2038,96.6332,7.7989
IN1020220340,08.02 AP SDL 2038,8.02,20/Jul/2038,101.6710,7.7989
IN2120260079,07.58 MP SGS 2038,7.58,22/Jul/2038,98.0749,7.8304
IN3420220078,08.07 WB SDL 2038,8.07,27/Jul/2038,102.0559,7.7989
IN2920250130,07.06 RJ SGS 2038,7.06,30/Jul/2038,94.3360,7.7989
IN2220240070,07.30 MH SGS 2038,7.3,31/Jul/2038,96.1708,7.7989
IN1020200276,06.50 AP SDL 2038,6.5,05/Aug/2038,90.0486,7.7989
IN3620260064,07.64 UK SGS 2038,7.64,05/Aug/2038,98.7701,7.7989
IN4520240263,07.28 TS SGS 2038,7.28,14/Aug/2038,96.0127,7.7989
IN1020220431,07.74 AP SDL 2038,7.74,19/Aug/2038,99.5375,7.7989
IN1020230406,07.46 AP SGS 2038,7.46,23/Aug/2038,97.3905,7.7989
IN2020220033,07.76 KL SGS 2038,7.76,24/Aug/2038,99.6920,7.7989
IN2120240030,07.26 MP SGS 2038,7.26,28/Aug/2038,95.8548,7.7989
IN4520180089,08.51 TS SDL 2038,8.51,29/Aug/2038,105.4514,7.7989
IN3720260022,07.72 JH SGS 2038,7.72,02/Sep/2038,99.3868,7.7989
IN4520240289,07.25 TS SGS 2038,7.25,04/Sep/2038,95.7762,7.7989
IN1720230052,07.42 HP SGS 2038,7.42,06/Sep/2038,97.0822,7.7989
IN1020200367,06.87 AP SDL 2038,6.87,09/Sep/2038,92.8530,7.7989
IN4520240305,07.22 TS SGS 2038,7.22,11/Sep/2038,95.5436,7.7989
IN2520240051,07.23 MZ SGS 2038,7.23,11/Sep/2038,95.6205,7.7989
IN1420230097,07.46 GA SGS 2038,7.46,13/Sep/2038,97.3894,7.7989
IN2120230031,07.46 MP SGS 2038,7.46,13/Sep/2038,97.3894,7.7989
IN1020230455,07.48 AP SGS 2038,7.48,13/Sep/2038,97.5433,7.7989
IN3520260073,07.88 CG SGS 2038,7.88,16/Sep/2038,100.5440,7.8090
IN2220240328,07.12 MH SGS 2038,7.12,25/Sep/2038,94.7662,7.7989
IN2120230072,07.46 MP SGS 2038 27 SEP,7.46,27/Sep/2038,97.3850,7.7989
IN3420220136,07.72 WB SGS 2038,7.72,28/Sep/2038,99.3888,7.7989
IN1020210291,06.93 AP SDL 2038,6.93,29/Sep/2038,93.2967,7.7989
IN2920250213,07.46 RJ SGS 2038,7.46,01/Oct/2038,97.3820,7.7989
IN2120180079,08.63 MP SDL 2038,8.63,03/Oct/2038,106.4072,7.7989
IN1020240520,07.11 AP SGS 2038,7.11,03/Oct/2038,94.6803,7.7989
IN2120230106,07.51 MP SGS 2038,7.51,04/Oct/2038,97.7657,7.7989
IN1620180068,08.60 HR SDL 2038,8.6,10/Oct/2038,106.1791,7.7989
IN1020230505,07.67 AP SGS 2038,7.67,11/Oct/2038,98.9969,7.7989
IN4520180113,08.60 TS SDL 2038,8.6,17/Oct/2038,106.1828,7.7989
IN2520230060,07.72 MZ SGS 2038,7.72,18/Oct/2038,99.3804,7.7989
IN1020200441,06.77 AP SDL 2038,6.77,28/Oct/2038,92.0228,7.7989
IN1320230114,07.73 BR SGS 2038,7.73,08/Nov/2038,99.4514,7.7989
IN1020210390,07.00 AP SDL 2038 10 NOV,7,10/Nov/2038,93.7906,7.7989
IN4520180139,08.48 TS SDL 2038,8.48,14/Nov/2038,105.2683,7.7989
IN1020230596,07.72 AP SGS 2038,7.72,15/Nov/2038,99.3720,7.7989
IN1720230078,07.74 HP SGS 2038,7.74,15/Nov/2038,99.5272,7.7989
IN2720240018,07.15 OD SGS 2038,7.15,21/Nov/2038,94.9444,7.7989
IN1320230122,07.70 BR SGS 2038,7.7,22/Nov/2038,99.2150,7.7989
IN4520250528,07.34 TS SGS 2038,7.34,26/Nov/2038,96.4167,7.7989
IN2920240362,07.18 RJ SGS 2038,7.18,27/Nov/2038,95.1727,7.7989
IN2120240097,07.19 MP SGS 2038,7.19,27/Nov/2038,95.2504,7.7989
IN1620180076,08.58 HR SDL 2038,8.58,28/Nov/2038,106.0537,7.7989
IN3420180074,08.57 WB SDL 2038,8.57,28/Nov/2038,105.9760,7.7989
IN2320230088,07.77 MN SGS 2038,7.77,29/Nov/2038,99.7577,7.7989
IN2120250260,07.44 MP SGS 2038,7.44,03/Dec/2038,97.1904,7.7989
IN1020240637,07.11 AP SGS 2038 04 DEC,7.11,04/Dec/2038,94.6229,7.7989
IN3420180082,08.43 WB SDL 2038,8.43,05/Dec/2038,104.8918,7.7989
IN1320230130,07.74 BR SGS 2038,7.74,06/Dec/2038,99.5234,7.7989
IN1920220077,07.59 KA SGS 2038,7.59,07/Dec/2038,98.3560,7.7989
IN2520250076,07.62 MZ SGS 2038,7.62,10/Dec/2038,98.5887,7.7989
IN3320240044,07.08 UP SGS 2038,7.08,11/Dec/2038,94.3837,7.7989
IN1020230661,07.70 AP SGS 2038,7.7,13/Dec/2038,99.2111,7.7989
IN4520230363,07.70 TS SGS 2038,7.7,13/Dec/2038,99.2111,7.7989
IN1920230134,07.60 KA SGS 2038,7.6,20/Dec/2038,98.4306,7.7989
IN1720230094,07.61 HP SGS 2038,7.61,20/Dec/2038,98.5085,7.7989
IN2020230180,07.62 KL SGS 2038,7.62,20/Dec/2038,98.5865,7.7989
IN1320230148,07.63 BR SGS 2038,7.63,20/Dec/2038,98.6645,7.7989
IN3420230168,07.63 WB SGS 2038,7.63,20/Dec/2038,98.6645,7.7989
IN3120210270,07.07 TN SDL 2038,7.07,22/Dec/2038,94.2971,7.7989
IN1920250066,07.53 KA SGS 2038,7.53,31/Dec/2038,97.8822,7.7989
IN2320250060,07.54 MN SGS 2038,7.54,31/Dec/2038,97.9603,7.7989
IN1020240678,07.17 AP SGS 2039,7.17,01/Jan/2039,95.0328,7.8040
IN1620180084,08.25 HR SDL 2039,8.25,02/Jan/2039,103.4636,7.8040
IN1320230155,07.73 BR SGS 2039,7.73,03/Jan/2039,99.4040,7.8040
IN1020200524,06.64 AP SDL 2039,6.64,06/Jan/2039,90.8898,7.8040
IN1620250283,07.60 HR SGS 2039,7.6,14/Jan/2039,98.3875,7.8040
IN1720230110,07.64 HP SGS 2039,7.64,17/Jan/2039,98.7001,7.8040
IN1920230217,07.68 KA SGS 2039,7.68,17/Jan/2039,99.0130,7.8040
IN1320230163,07.73 BR SGS 2039 17 JAN,7.73,17/Jan/2039,99.4041,7.8040
IN2520230086,07.73 MZ SGS 2039,7.73,24/Jan/2039,99.4045,7.8040
IN1320230171,07.74 BR SGS 2039,7.74,24/Jan/2039,99.4828,7.8040
IN1920210318,07.36 KA SDL 2039,7.36,25/Jan/2039,96.5069,7.8040
IN3420220227,07.66 WB SGS 2039,7.66,25/Jan/2039,98.8564,7.8040
IN2020250238,07.64 KL SGS 2039,7.64,28/Jan/2039,98.6997,7.8040
IN4520180162,08.25 TS SDL 2039,8.25,30/Jan/2039,103.4803,7.8040
IN1320230189,07.69 BR SGS 2039,7.69,31/Jan/2039,99.0916,7.8040
IN3420220235,07.71 WB SGS 2039,7.71,01/Feb/2039,99.2484,7.8040
IN1020250529,07.68 AP SGS 2039,7.68,04/Feb/2039,99.0910,7.7940
IN2220240435,07.14 MH SGS 2039,7.14,05/Feb/2039,94.7786,7.8040
IN3420180132,08.41 WB SDL 2039,8.41,06/Feb/2039,104.7393,7.8040
IN1620180092,08.43 HR SDL 2039,8.43,06/Feb/2039,104.8962,7.8040
IN1020230778,07.49 AP SGS 2039,7.49,07/Feb/2039,97.5232,7.8040
IN1320230197,07.52 BR SGS 2039,7.52,07/Feb/2039,97.7585,7.8040
IN4520250684,07.76 TS SGS 2039,7.76,11/Feb/2039,99.6419,7.8040
IN1320250278,07.86 BR SGS 2039,7.86,11/Feb/2039,100.4268,7.8040
IN1020230810,07.44 AP SGS 2039,7.44,14/Feb/2039,97.1298,7.8040
IN1320230205,07.49 BR SGS 2039,7.49,14/Feb/2039,97.5224,7.8040
IN2120250419,07.62 MP SGS 2039,7.62,18/Feb/2039,98.5434,7.8040
IN2020250253,07.66 KL SGS 2039,7.66,18/Feb/2039,98.6434,7.8315
IN3820240064,07.15 PY SGS 2039,7.15,20/Feb/2039,94.8499,7.8040
IN3320240077,07.16 UP SGS 2039 20 FEB,7.16,20/Feb/2039,94.9285,7.8040
IN1020230836,07.44 AP SGS 2039 21 FEB,7.44,21/Feb/2039,97.1288,7.8040
IN1320230213,07.47 BR SGS 2039,7.47,21/Feb/2039,97.3646,7.8040
IN2820220191,07.59 PN SGS 2039,7.59,22/Feb/2039,98.3078,7.8040
IN1920210391,07.13 KA SDL 2039,7.13,23/Feb/2039,94.6914,7.8040
IN1920200608,07.35 KA SDL 2039,7.35,24/Feb/2039,96.4208,7.8040
IN1620180100,08.42 HR SDL 2039,8.42,27/Feb/2039,104.8372,7.8040
IN4520180188,08.52 TS SDL 2039,8.52,27/Feb/2039,105.6238,7.8040
IN2220240468,07.18 MH SGS 2039,7.18,27/Feb/2039,95.0829,7.8040
IN1920230282,07.42 KA SGS 2039,7.42,28/Feb/2039,96.9705,7.8040
IN2920230462,07.42 RJ SGS 2039,7.42,28/Feb/2039,96.9705,7.8040
IN1320230221,07.43 BR SGS 2039,7.43,28/Feb/2039,97.0492,7.8040
IN2820220217,07.69 PN SGS 2039,7.69,01/Mar/2039,99.0955,7.8040
IN2920220299,07.69 RJ SGS 2039,7.69,01/Mar/2039,99.0955,7.8040
IN3420220243,07.69 WB SGS 2039,7.69,01/Mar/2039,99.0955,7.8040
IN1020210531,07.13 AP SDL 2039,7.13,02/Mar/2039,94.6875,7.8040
IN1920250298,07.54 KA SGS 2039,7.54,04/Mar/2039,97.9150,7.8040
IN2120250450,07.56 MP SGS 2039,7.56,04/Mar/2039,98.0725,7.8040
IN3320240093,07.25 UP SGS 2039,7.25,05/Mar/2039,95.6313,7.8040
IN1620240326,07.26 HR SGS 2039,7.26,05/Mar/2039,95.7101,7.8040
IN2120240188,07.26 MP SGS 2039,7.26,05/Mar/2039,95.7101,7.8040
IN2720240125,07.30 OD SGS 2039,7.3,05/Mar/2039,96.0251,7.8040
IN3420240233,07.30 WB SGS 2039,7.3,05/Mar/2039,96.0251,7.8040
IN1320230239,07.40 BR SGS 2039,7.4,06/Mar/2039,96.8125,7.8040
IN2520230102,07.40 MZ SGS 2039,7.4,06/Mar/2039,96.8125,7.8040
IN3420220268,07.75 WB SGS 2039,7.75,08/Mar/2039,99.5697,7.8040
IN1920200673,07.29 KA SDL 2039,7.29,10/Mar/2039,95.9453,7.8040
IN1020250578,07.62 AP SGS 2039,7.62,11/Mar/2039,98.5460,7.8040
IN1620240334,07.23 HR SGS 2039,7.23,12/Mar/2039,95.4719,7.8040
IN3420240258,07.28 WB SGS 2039,7.28,12/Mar/2039,95.8660,7.8040
IN1320230247,07.39 BR SGS 2039,7.39,13/Mar/2039,96.7331,7.8040
IN1920200699,07.19 KA SDL 2039,7.19,17/Mar/2039,95.1551,7.8040
IN3320240143,07.17 UP SGS 2039,7.17,19/Mar/2039,94.9968,7.8040
IN2220230345,07.45 MH SGS 2039,7.45,22/Mar/2039,97.2054,7.8040
IN3320230326,07.46 UP SGS 2039,7.46,22/Mar/2039,97.2843,7.8040
IN2820220225,07.74 PN SGS 2039,7.74,23/Mar/2039,99.4940,7.8040
IN1620250432,07.76 HR SGS 2039,7.76,25/Mar/2039,99.6510,7.8040
IN2320250078,07.88 MN SGS 2039,7.88,25/Mar/2039,100.5986,7.8040
IN1620240367,07.08 HR SGS 2039,7.08,26/Mar/2039,94.2802,7.8040
IN2220230352,07.45 MH SGS 2039 27 MAR,7.45,27/Mar/2039,97.2016,7.8040
IN1420230246,07.52 GA SGS 2039,7.52,27/Mar/2039,97.7545,7.8040
IN1720230144,07.52 HP SGS 2039,7.52,27/Mar/2039,97.7545,7.8040
IN3320230383,07.52 UP SGS 2039,7.52,27/Mar/2039,97.7545,7.8040
IN3420230309,07.52 WB SGS 2039,7.52,27/Mar/2039,97.7545,7.8040
IN2020220181,07.83 KL SGS 2039,7.83,29/Mar/2039,100.2023,7.8040
IN2220240013,07.43 MH SGS 2039,7.43,03/Apr/2039,97.0391,7.8040
IN2220260029,07.91 MH SGS 2039,7.91,08/Apr/2039,101.3885,7.7343
IN1020210028,06.78 AP SDL 2039,6.78,09/Apr/2039,91.8930,7.8040
IN1620250010,06.81 HR SGS 2039,6.81,09/Apr/2039,92.1303,7.8040
IN1020190055,08.18 AP SDL 2039,8.18,10/Apr/2039,102.9677,7.8040
IN2220250038,06.75 MH SGS 2039,6.75,23/Apr/2039,91.6367,7.8040
IN2020240015,07.49 KL SGS 2039,7.49,24/Apr/2039,97.5002,7.8040
IN2220250079,06.78 MH SGS 2039,6.78,30/Apr/2039,91.8654,7.8040
IN2920240032,07.52 RJ SGS 2039,7.52,02/May/2039,97.7338,7.8040
IN1020210036,06.90 AP SDL 2039,6.9,05/May/2039,92.8115,7.8040
IN2120250021,06.77 MP SGS 2039,6.77,07/May/2039,91.7773,7.8040
IN1620250036,06.77 HR SGS 2039,6.77,14/May/2039,91.7686,7.8040
IN1020230125,07.35 AP SGS 2039,7.35,17/May/2039,96.3753,7.8040
IN1620250044,06.70 HR SGS 2039,6.7,21/May/2039,91.2035,7.8040
IN2520240010,07.37 MZ SGS 2039,7.37,29/May/2039,96.5275,7.8040
IN2920240099,07.37 RJ SGS 2039,7.37,29/May/2039,96.5275,7.8040
IN1020250156,06.84 AP SGS 2039,6.84,04/Jun/2039,92.3028,7.8040
IN4520230066,07.39 TS SGS 2039,7.39,07/Jun/2039,96.6826,7.8040
IN1020210127,07.01 AP SDL 2039,7.01,09/Jun/2039,93.6526,7.8040
IN1620250077,07.03 HR SGS 2039,7.03,11/Jun/2039,93.8104,7.8040
IN1020250198,07.05 AP SGS 2039,7.05,11/Jun/2039,93.9698,7.8040
IN2520250019,07.08 MZ SGS 2039,7.08,11/Jun/2039,94.2090,7.8040
IN2920220067,07.85 RJ SDL 2039,7.85,22/Jun/2039,100.3487,7.8040
IN1520260101,07.61 GJ SGS 2039,7.61,24/Jun/2039,98.4321,7.8040
IN2220250111,07.08 MH SGS 2039,7.08,25/Jun/2039,94.1985,7.8040
IN3420240027,07.34 WB SGS 2039,7.34,26/Jun/2039,96.2748,7.8040
IN2520240028,07.36 MZ SGS 2039,7.36,26/Jun/2039,96.4345,7.8040
IN1020230265,07.43 AP SGS 2039,7.43,28/Jun/2039,96.9930,7.8040
IN1020220266,07.95 AP SDL 2039,7.95,29/Jun/2039,101.1484,7.8040
IN4520260063,07.53 TS SGS 2039,7.53,01/Jul/2039,97.3498,7.8602
IN1020260080,07.56 AP SGS 2039,7.56,01/Jul/2039,98.0312,7.8040
IN2820260072,07.62 PN SGS 2039,7.62,01/Jul/2039,98.4419,7.8127
IN1020230307,07.52 AP SGS 2039,7.52,05/Jul/2039,97.7105,7.8040
IN1720260042,07.56 HP SGS 2039,7.56,08/Jul/2039,97.9656,7.8121
IN2020260062,07.56 KL SGS 2039,7.56,08/Jul/2039,98.0299,7.8040
IN3020260011,07.58 SK SGS 2039,7.58,08/Jul/2039,98.4901,7.7661
IN1420240013,07.33 GA SGS 2039,7.33,10/Jul/2039,96.1888,7.8040
IN4520230132,07.44 TS SGS 2039,7.44,12/Jul/2039,97.0686,7.8040
IN1020220316,07.97 AP SDL 2039,7.97,13/Jul/2039,101.3116,7.8040
IN2820190030,06.97 PN SDL 2039,6.97,17/Jul/2039,93.3024,7.8040
IN3120190050,06.97 TN SDL 2039,6.97,17/Jul/2039,93.3024,7.8040
IN1220240049,07.35 AS SGS 2039,7.35,24/Jul/2039,96.3440,7.8040
IN1620250119,07.06 HR SGS 2039,7.06,30/Jul/2039,94.0153,7.8040
IN2220240088,07.30 MH SGS 2039,7.3,31/Jul/2039,95.9410,7.8040
IN1020240421,07.33 AP SGS 2039,7.33,31/Jul/2039,96.1817,7.8040
IN2120190045,07.23 MP SDL 2039,7.23,07/Aug/2039,95.3765,7.8040
IN2220240112,07.27 MH SGS 2039,7.27,07/Aug/2039,95.6977,7.8040
IN1220240056,07.30 AS SGS 2039,7.3,07/Aug/2039,95.9387,7.8040
IN1020200292,06.60 AP SDL 2039,6.6,12/Aug/2039,90.3117,7.8040
IN2020230115,07.47 KL SGS 2039,7.47,17/Aug/2039,97.3028,7.8040
IN1620200080,06.68 HR SDL 2039,6.68,19/Aug/2039,90.9481,7.8040
IN1320250062,07.48 BR SGS 2039,7.48,20/Aug/2039,97.3830,7.8040
IN1620240136,07.25 HR SGS 2039,7.25,21/Aug/2039,95.5324,7.8040
IN2520230052,07.46 MZ SGS 2039,7.46,23/Aug/2039,97.2219,7.8040
IN2220260086,07.63 MH SGS 2039,7.63,27/Aug/2039,98.4554,7.8209
IN2220240195,07.24 MH SGS 2039,7.24,28/Aug/2039,95.4499,7.8040
IN1220240064,07.26 AS SGS 2039,7.26,28/Aug/2039,95.6109,7.8040
IN2020240122,07.26 KL SGS 2039,7.26,28/Aug/2039,95.6109,7.8040
IN1620250135,07.52 HR SGS 2039,7.52,28/Aug/2039,97.7047,7.8040
IN1020220456,07.71 AP SGS 2039,7.71,30/Aug/2039,99.2353,7.8040
IN2920230165,07.41 RJ SGS 2039,7.41,30/Aug/2039,96.8187,7.8040
IN3420230051,07.41 WB SGS 2039,7.41,30/Aug/2039,96.8187,7.8040
IN2020210133,07.06 KL SDL 2039,7.06,01/Sep/2039,93.9989,7.8040
IN1020200342,06.68 AP SDL 2039,6.68,02/Sep/2039,90.9366,7.8040
IN4520230215,07.44 TS SGS 2039 06 SEP,7.44,06/Sep/2039,97.0600,7.8040
IN1020210242,07.00 AP SDL 2039 08 SEP,7,08/Sep/2039,93.5119,7.8040
IN1720240085,07.22 HP SGS 2039,7.22,11/Sep/2039,95.2852,7.8040
IN2120230049,07.46 MP SGS 2039,7.46,13/Sep/2039,97.2212,7.8040
IN1620250168,07.43 HR SGS 2039,7.43,17/Sep/2039,96.9791,7.8040
IN3420220102,07.56 WB SGS 2039,7.56,21/Sep/2039,98.0292,7.8040
IN2920240297,07.13 RJ SGS 2039,7.13,25/Sep/2039,94.5517,7.8040
IN2020230149,07.45 KL SGS 2039,7.45,27/Sep/2039,97.1363,7.8040
IN3420230085,07.46 WB SGS 2039,7.46,27/Sep/2039,97.2171,7.8040
IN1020200383,07.00 AP SDL 2039,7,30/Sep/2039,93.4954,7.8040
IN1620250184,07.43 HR SGS 2039 01 OCT,7.43,01/Oct/2039,96.9716,7.8040
IN4520240321,07.12 TS SGS 2039,7.12,03/Oct/2039,94.4626,7.8040
IN1220240106,07.13 AS SGS 2039,7.13,03/Oct/2039,94.5435,7.8040
IN3420230101,07.59 WB SGS 2039,7.59,04/Oct/2039,98.2638,7.8040
IN1020210325,07.09 AP SDL 2039,7.09,06/Oct/2039,94.2169,7.8040
IN2520240069,07.15 MZ SGS 2039,7.15,09/Oct/2039,94.6995,7.8040
IN1020200417,06.91 AP SDL 2039,6.91,14/Oct/2039,92.7508,7.8040
IN4520230280,07.65 TS SGS 2039,7.65,18/Oct/2039,98.7426,7.8040
IN3420220144,07.74 WB SGS 2039,7.74,19/Oct/2039,99.4716,7.8040
IN3420220169,07.95 WB SGS 2039,7.95,27/Oct/2039,101.1725,7.8040
IN1620250226,07.35 HR SGS 2039,7.35,29/Oct/2039,96.3039,7.8040
IN3320250076,07.35 UP SGS 2039,7.35,29/Oct/2039,96.3039,7.8040
IN1020240553,07.15 AP SGS 2039,7.15,30/Oct/2039,94.6802,7.8040
IN2020240189,07.15 KL SGS 2039,7.15,30/Oct/2039,94.6802,7.8040
IN2320240046,07.15 MN SGS 2039,7.15,30/Oct/2039,94.6802,7.8040
IN2920230264,07.74 RJ SGS 2039,7.74,01/Nov/2039,99.4677,7.8040
IN4520220232,07.84 TS SGS 2039,7.84,02/Nov/2039,100.2791,7.8040
IN1020210408,07.00 AP SDL 2039,7,10/Nov/2039,93.4531,7.8040
IN1720240101,07.13 HP SGS 2039,7.13,13/Nov/2039,94.5068,7.8040
IN4520240370,07.13 TS SGS 2039,7.13,13/Nov/2039,94.5068,7.8040
IN3420240134,07.18 WB SGS 2039,7.18,27/Nov/2039,94.9026,7.8040
IN2820220167,07.63 PN SGS 2039,7.63,30/Nov/2039,98.5653,7.8040
IN4520250569,07.49 TS SGS 2039,7.49,03/Dec/2039,97.4240,7.8040
IN1020240645,07.11 AP SGS 2039,7.11,04/Dec/2039,94.3273,7.8040
IN1920220093,07.63 KA SGS 2039,7.63,14/Dec/2039,98.5621,7.8040
IN3320250167,07.51 UP SGS 2039,7.51,17/Dec/2039,97.5822,7.8040
IN1220250121,07.59 AS SGS 2039,7.59,17/Dec/2039,98.2350,7.8040
IN2920240396,07.12 RJ SGS 2039,7.12,18/Dec/2039,94.3988,7.8040
IN2520240085,07.13 MZ SGS 2039,7.13,18/Dec/2039,94.4804,7.8040
IN1920230142,07.64 KA SGS 2039,7.64,20/Dec/2039,98.6426,7.8040
IN2320240053,07.15 MN SGS 2039 26 DEC,7.15,26/Dec/2039,94.6385,7.8040
IN3320240051,07.16 UP SGS 2039,7.16,26/Dec/2039,94.7202,7.8040
IN3420240167,07.16 WB SGS 2039,7.16,26/Dec/2039,94.7202,7.8040
IN3420220193,07.67 WB SGS 2039,7.67,28/Dec/2039,98.8865,7.8040
IN2820220175,07.68 PN SGS 2039,7.68,28/Dec/2039,98.9683,7.8040
IN3420240183,07.15 WB SGS 2040,7.15,01/Jan/2040,94.2814,7.8490
IN1020210465,07.18 AP SDL 2040,7.18,05/Jan/2040,94.5236,7.8490
IN1020250453,07.64 AP SGS 2040,7.64,07/Jan/2040,98.2761,7.8490
IN2920250379,07.65 RJ SGS 2040,7.65,07/Jan/2040,98.3577,7.8490
IN1320240188,07.15 BR SGS 2040,7.15,08/Jan/2040,94.2770,7.8490
IN4520220323,07.59 TS SGS 2040,7.59,11/Jan/2040,97.8674,7.8490
IN1320240204,07.22 BR SGS 2040,7.22,15/Jan/2040,94.8446,7.8490
IN2520240093,07.23 MZ SGS 2040,7.23,15/Jan/2040,94.9263,7.8490
IN1920230225,07.69 KA SGS 2040,7.69,17/Jan/2040,98.6835,7.8490
IN1920210292,07.33 KA SDL 2040,7.33,19/Jan/2040,95.7415,7.8490
IN2120230155,07.71 MP SGS 2040,7.71,24/Jan/2040,98.8469,7.8490
IN1620250309,07.57 HR SGS 2040,7.57,28/Jan/2040,97.7017,7.8490
IN1320250252,07.63 BR SGS 2040,7.63,28/Jan/2040,98.1925,7.8490
IN2820220183,07.70 PN SGS 2040,7.7,01/Feb/2040,98.7653,7.8490
IN1020240728,07.16 AP SGS 2040,7.16,05/Feb/2040,94.3440,7.8490
IN1220240163,07.16 AS SGS 2040,7.16,05/Feb/2040,94.3440,7.8490
IN2120230163,07.48 MP SGS 2040,7.48,07/Feb/2040,96.9638,7.8490
IN2520230094,07.52 MZ SGS 2040,7.52,07/Feb/2040,97.2914,7.8490
IN1620250325,07.78 HR SGS 2040,7.78,11/Feb/2040,99.4214,7.8490
IN1620190166,07.03 HR SDL 2040,7.03,12/Feb/2040,93.2753,7.8490
IN4520220406,07.59 TS SGS 2040 15 FEB,7.59,15/Feb/2040,97.8645,7.8490
IN1020210507,07.13 AP SDL 2040,7.13,16/Feb/2040,94.0929,7.8490
IN2120240162,07.16 MP SGS 2040,7.16,20/Feb/2040,94.3372,7.8490
IN3820240072,07.16 PY SGS 2040,7.16,20/Feb/2040,94.3372,7.8490
IN2120230189,07.44 MP SGS 2040,7.44,21/Feb/2040,96.6339,7.8490
IN1920230266,07.45 KA SGS 2040,7.45,21/Feb/2040,96.7160,7.8490
IN1920200616,07.35 KA SDL 2040,7.35,24/Feb/2040,95.8949,7.8490
IN3520250108,07.64 CG SGS 2040,7.64,25/Feb/2040,98.2750,7.8490
IN1620190174,06.96 HR SDL 2040,6.96,26/Feb/2040,92.6930,7.8490
IN2220240476,07.19 MH SGS 2040,7.19,27/Feb/2040,94.5807,7.8490
IN2720240083,07.19 OD SGS 2040,7.19,27/Feb/2040,94.5807,7.8490
IN1220240189,07.20 AS SGS 2040,7.2,27/Feb/2040,94.6628,7.8490
IN2320240061,07.20 MN SGS 2040,7.2,27/Feb/2040,94.6628,7.8490
IN3320240085,07.20 UP SGS 2040,7.2,27/Feb/2040,94.6628,7.8490
IN1020220704,07.77 AP SGS 2040,7.77,01/Mar/2040,99.3435,7.8490
IN1620190182,07.12 HR SDL 2040,7.12,04/Mar/2040,94.0031,7.8490
IN2120190169,07.19 MP SDL 2040,7.19,04/Mar/2040,94.5783,7.8490
IN2820190147,06.97 PN SDL 2040,6.97,11/Mar/2040,92.7668,7.8490
IN1920250314,07.58 KA SGS 2040,7.58,11/Mar/2040,97.7836,7.8490
IN2120250484,07.65 MP SGS 2040,7.65,11/Mar/2040,98.3593,7.8490
IN3320240119,07.24 UP SGS 2040,7.24,12/Mar/2040,94.9871,7.8490
IN3420210277,07.46 WB SDL 2040,7.46,16/Mar/2040,96.7966,7.8490
IN1920200707,07.19 KA SDL 2040,7.19,17/Mar/2040,94.5744,7.8490
IN2520240119,07.18 MZ SGS 2040,7.18,19/Mar/2040,94.4916,7.8490
IN3320230334,07.48 UP SGS 2040,7.48,22/Mar/2040,96.9606,7.8490
IN2920220323,07.74 RJ SGS 2040,7.74,23/Mar/2040,99.1012,7.8490
IN2020240312,07.08 KL SGS 2040,7.08,26/Mar/2040,93.6620,7.8490
IN1620240375,07.09 HR SGS 2040,7.09,26/Mar/2040,93.7444,7.8490
IN1720240143,07.10 HP SGS 2040,7.1,26/Mar/2040,93.8268,7.8490
IN2320240079,07.12 MN SGS 2040,7.12,26/Mar/2040,93.9916,7.8490
IN2920230561,07.49 RJ SGS 2040,7.49,27/Mar/2040,97.0393,7.8490
IN3320230391,07.51 UP SGS 2040,7.51,27/Mar/2040,97.2041,7.8490
IN3420220300,07.89 WB SGS 2040,7.89,29/Mar/2040,100.3345,7.8490
IN2120250526,07.82 MP SGS 2040,7.82,30/Mar/2040,99.7572,7.8490
IN1020250636,07.99 AP SGS 2040,7.99,30/Mar/2040,101.1584,7.8490
IN1020250040,06.88 AP SGS 2040,6.88,04/Apr/2040,92.0041,7.8490
IN1020220027,07.34 AP SDL 2040,7.34,08/Apr/2040,95.7941,7.8490
IN3520260024,07.83 CG SGS 2040,7.83,15/Apr/2040,99.8342,7.8490
IN2220250046,06.72 MH SGS 2040,6.72,23/Apr/2040,90.6590,7.8490
IN1220250014,06.75 AS SGS 2040,6.75,23/Apr/2040,90.9069,7.8490
IN1020240074,07.49 AP SGS 2040,7.49,24/Apr/2040,97.0215,7.8490
IN2220250087,06.75 MH SGS 2040,6.75,30/Apr/2040,90.8981,7.8490
IN3220250010,06.75 TR SGS 2040,6.75,30/Apr/2040,90.8981,7.8490
IN1020210044,06.91 AP SDL 2040,6.91,05/May/2040,92.2158,7.8490
IN2020250022,06.78 KL SGS 2040,6.78,07/May/2040,91.1377,7.8490
IN1020230109,07.38 AP SGS 2040,7.38,10/May/2040,96.1018,7.8490
IN1220250030,06.77 AS SGS 2040,6.77,14/May/2040,91.0466,7.8490
IN3120250052,06.77 TN SGS 2040,6.77,14/May/2040,91.0466,7.8490
IN2320250011,06.83 MN SGS 2040,6.83,14/May/2040,91.5436,7.8490
IN1020240181,07.45 AP SGS 2040,7.45,15/May/2040,96.6786,7.8490
IN3220250028,06.72 TR SGS 2040,6.72,21/May/2040,90.6240,7.8490
IN2320250029,06.71 MN SGS 2040,6.71,28/May/2040,90.5327,7.8490
IN3420240019,07.37 WB SGS 2040,7.37,29/May/2040,96.0077,7.8490
IN1020210093,07.04 AP SDL 2040,7.04,02/Jun/2040,93.2593,7.8500
IN4520240099,07.44 TS SGS 2040,7.44,05/Jun/2040,96.5857,7.8490
IN2920240123,07.45 RJ SGS 2040,7.45,05/Jun/2040,96.6687,7.8490
IN1520260069,07.70 GJ SGS 2040,7.7,10/Jun/2040,98.7434,7.8490
IN1020250206,07.08 AP SGS 2040,7.08,11/Jun/2040,93.5920,7.8490
IN3820250014,07.09 PY SGS 2040,7.09,11/Jun/2040,93.6751,7.8490
IN1020230257,07.35 AP SGS 2040,7.35,21/Jun/2040,95.8303,7.8490
IN1620250093,07.04 HR SGS 2040,7.04,25/Jun/2040,93.2488,7.8490
IN2220250129,07.04 MH SGS 2040,7.04,25/Jun/2040,93.2488,7.8490
IN1020220274,07.95 AP SDL 2040,7.95,29/Jun/2040,100.8220,7.8490
IN1020220290,07.95 AP SDL 2040 06 JUL,7.95,06/Jul/2040,100.8230,7.8490
IN2320260036,07.64 MN SGS 2040,7.64,08/Jul/2040,98.2499,7.8478
IN4920250078,07.14 JK SGS 2040,7.14,09/Jul/2040,94.0722,7.8490
IN2520250027,07.14 MZ SGS 2040,7.14,09/Jul/2040,94.0722,7.8490
IN1020240413,07.33 AP SGS 2040,7.33,18/Jul/2040,95.6524,7.8490
IN4520240172,07.33 TS SGS 2040,7.33,18/Jul/2040,95.6524,7.8490
IN2320250037,07.10 MN SGS 2040,7.1,23/Jul/2040,93.7305,7.8490
IN4520240198,07.35 TS SGS 2040,7.35,24/Jul/2040,95.8172,7.8490
IN3420240043,07.36 WB SGS 2040,7.36,24/Jul/2040,95.9007,7.8490
IN1620250127,07.15 HR SGS 2040,7.15,30/Jul/2040,94.1443,7.8490
IN2820250099,07.19 PN SGS 2040,7.19,30/Jul/2040,94.4786,7.8490
IN3420240050,07.35 WB SGS 2040,7.35,31/Jul/2040,95.8154,7.8490
IN1020230372,07.45 AP SGS 2040 02 AUG,7.45,02/Aug/2040,96.6505,7.8490
IN2020230107,07.45 KL SGS 2040,7.45,02/Aug/2040,96.6505,7.8490
IN4520230173,07.45 TS SGS 2040,7.45,02/Aug/2040,96.6505,7.8490
IN1620200072,06.48 HR SDL 2040,6.48,05/Aug/2040,88.5409,7.8490
IN2720260032,07.64 OD SGS 2040,7.64,05/Aug/2040,98.2383,7.8490
IN1320250047,07.22 BR SGS 2040 06 AUG,7.22,06/Aug/2040,94.7267,7.8490
IN2520250035,07.26 MZ SGS 2040,7.26,06/Aug/2040,95.0612,7.8490
IN4520240222,07.29 TS SGS 2040,7.29,07/Aug/2040,95.3117,7.8490
IN2020240106,07.31 KL SGS 2040,7.31,07/Aug/2040,95.4789,7.8490
IN1020220415,07.96 AP SDL 2040,7.96,10/Aug/2040,100.9150,7.8490
IN1020200300,06.60 AP SDL 2040,6.6,12/Aug/2040,89.5372,7.8490
IN4920250102,07.35 JK SGS 2040,7.35,13/Aug/2040,95.8119,7.8490
IN2220240153,07.23 MH SGS 2040,7.23,21/Aug/2040,94.8051,7.8490
IN1020200318,06.77 AP SDL 2040,6.77,26/Aug/2040,90.9486,7.8490
IN1720250084,07.56 HP SGS 2040,7.56,28/Aug/2040,97.5690,7.8490
IN2820200102,06.70 PN SDL 2040,6.7,02/Sep/2040,90.3572,7.8490
IN2020240148,07.24 KL SGS 2040,7.24,04/Sep/2040,94.8851,7.8490
IN2220240237,07.24 MH SGS 2040,7.24,04/Sep/2040,94.8851,7.8490
IN1020230430,07.44 AP SGS 2040,7.44,06/Sep/2040,96.5626,7.8490
IN1020220472,07.58 AP SGS 2040,7.58,07/Sep/2040,97.7373,7.8490
IN3420200104,06.77 WB SDL 2040,6.77,09/Sep/2040,90.9393,7.8490
IN1620250143,07.47 HR SGS 2040,7.47,10/Sep/2040,96.8143,7.8490
IN1020220498,07.45 AP SGS 2040,7.45,14/Sep/2040,96.6463,7.8490
IN4520200168,06.84 TS SDL 2040,6.84,16/Sep/2040,91.5226,7.8490
IN1620260035,07.90 HR SGS 2040,7.9,16/Sep/2040,100.4241,7.8493
IN2720250082,07.43 OD SGS 2040,7.43,17/Sep/2040,96.4783,7.8490
IN4920250136,07.47 JK SGS 2040,7.47,17/Sep/2040,96.8143,7.8490
IN2720240182,07.17 OD SGS 2040,7.17,19/Sep/2040,94.2936,7.8490
IN4520220182,07.56 TS SGS 2040,7.56,21/Sep/2040,97.5709,7.8490
IN1020210283,06.87 AP SDL 2040,6.87,22/Sep/2040,91.7705,7.8490
IN2020220066,07.69 KL SGS 2040,7.69,28/Sep/2040,98.6597,7.8490
IN2820200110,06.95 PN SDL 2040,6.95,30/Sep/2040,92.4334,7.8490
IN1620200106,07.05 HR SDL 2040,7.05,30/Sep/2040,93.2747,7.8490
IN2020250188,07.49 KL SGS 2040,7.49,01/Oct/2040,96.9755,7.8490
IN4520210167,07.09 TS SDL 2040,7.09,06/Oct/2040,93.6050,7.8490
IN1020200409,07.03 AP SDL 2040,7.03,07/Oct/2040,93.0989,7.8490
IN3420200120,07.09 WB SDL 2040,7.09,07/Oct/2040,93.6040,7.8490
IN1020220555,07.85 AP SGS 2040,7.85,12/Oct/2040,100.0004,7.8490
IN2120200182,06.91 MP SDL 2040,6.91,14/Oct/2040,92.0805,7.8490
IN2120200190,06.89 MP SDL 2040,6.89,21/Oct/2040,91.9040,7.8490
IN3520250017,07.34 CG SGS 2040,7.34,23/Oct/2040,95.6965,7.8490
IN2920220208,07.87 RJ SGS 2040,7.87,27/Oct/2040,100.1648,7.8490
IN2820200136,06.76 PN SDL 2040,6.76,28/Oct/2040,90.7994,7.8490
IN2820250123,07.49 PN SGS 2040,7.49,29/Oct/2040,96.9579,7.8490
IN1020210382,07.08 AP SDL 2040,7.08,02/Nov/2040,93.4956,7.8490
IN4520220240,07.84 TS SGS 2040,7.84,02/Nov/2040,99.9105,7.8490
IN2120200208,06.76 MP SDL 2040,6.76,04/Nov/2040,90.7922,7.8490
IN3420200146,06.88 WB SDL 2040,6.88,04/Nov/2040,91.8053,7.8490
IN2020240197,07.15 KL SGS 2040,7.15,06/Nov/2040,94.0831,7.8490
IN2520240077,07.15 MZ SGS 2040,7.15,06/Nov/2040,94.0831,7.8490
IN3420230127,07.79 WB SGS 2040,7.79,08/Nov/2040,99.4869,7.8490
IN2120200216,06.79 MP SDL 2040,6.79,11/Nov/2040,91.0374,7.8490
IN1320250179,07.44 BR SGS 2040,7.44,12/Nov/2040,96.5285,7.8490
IN4520230330,07.73 TS SGS 2040,7.73,15/Nov/2040,98.9781,7.8490
IN1720250100,07.45 HP SGS 2040,7.45,19/Nov/2040,96.6094,7.8490
IN3120200313,06.73 TN SDL 2040,6.73,25/Nov/2040,90.5143,7.8490
IN1620250242,07.41 HR SGS 2040,7.41,26/Nov/2040,96.2675,7.8490
IN4920250185,07.51 JK SGS 2040,7.51,26/Nov/2040,97.1137,7.8490
IN1020240611,07.18 AP SGS 2040,7.18,27/Nov/2040,94.3205,7.8490
IN2820200169,06.73 PN SDL 2040,6.73,02/Dec/2040,90.5065,7.8490
IN2220250392,07.43 MH SGS 2040,7.43,03/Dec/2040,96.4334,7.8490
IN3320250134,07.51 UP SGS 2040 03 DEC,7.51,03/Dec/2040,97.1108,7.8490
IN1020250388,07.53 AP SGS 2040,7.53,03/Dec/2040,97.2802,7.8490
IN4520200242,06.71 TS SDL 2040,6.71,09/Dec/2040,90.3295,7.8490
IN3420200161,06.71 WB SDL 2040,6.71,09/Dec/2040,90.3295,7.8490
IN1920220101,07.63 KA SGS 2040,7.63,14/Dec/2040,98.1243,7.8490
IN3420240159,07.13 WB SGS 2040,7.13,18/Dec/2040,93.8823,7.8490
IN4520200267,06.69 TS SDL 2040,6.69,23/Dec/2040,90.1450,7.8490
IN1920240141,07.16 KA SGS 2040,7.16,26/Dec/2040,94.1318,7.8490
IN1020210432,07.14 AP SDL 2040,7.14,29/Dec/2040,93.9602,7.8490
IN1020200516,06.65 AP SDL 2040,6.65,30/Dec/2040,89.7980,7.8490
IN4520200275,06.65 TS SDL 2040,6.65,30/Dec/2040,89.7980,7.8490
IN1620250275,07.54 HR SGS 2040,7.54,31/Dec/2040,97.3568,7.8490
IN3220250036,07.54 TR SGS 2040,7.54,31/Dec/2040,97.3568,7.8490
IN1720250126,07.56 HP SGS 2040 31 DEC,7.56,31/Dec/2040,97.5267,7.8490
IN1020200532,06.65 AP SDL 2041,6.65,06/Jan/2041,89.6817,7.8630
IN3420250257,07.64 WB SGS 2041,7.64,07/Jan/2041,98.0882,7.8630
IN3420200195,06.63 WB SDL 2041,6.63,13/Jan/2041,89.5046,7.8630
IN2520250084,07.65 MZ SGS 2041,7.65,14/Jan/2041,98.1724,7.8630
IN2220240385,07.23 MH SGS 2041,7.23,15/Jan/2041,94.6024,7.8630
IN4520200309,06.62 TS SDL 2041,6.62,20/Jan/2041,89.4125,7.8630
IN4920250227,07.62 JK SGS 2041,7.62,21/Jan/2041,97.9167,7.8630
IN1920230233,07.73 KA SGS 2041,7.73,24/Jan/2041,98.8524,7.8630
IN1620200130,06.62 HR SDL 2041,6.62,27/Jan/2041,89.4055,7.8630
IN2920200606,06.62 RJ SDL 2041,6.62,27/Jan/2041,89.4055,7.8630
IN1920240216,07.13 KA SGS 2041,7.13,29/Jan/2041,93.7450,7.8630
IN2920230421,07.63 RJ SGS 2041,7.63,31/Jan/2041,98.0013,7.8630
IN4520200325,06.86 TS SDL 2041,6.86,03/Feb/2041,91.4436,7.8630
IN3420200237,06.89 WB SDL 2041,6.89,03/Feb/2041,91.6991,7.8630
IN1220250188,07.68 AS SGS 2041,7.68,04/Feb/2041,98.4271,7.8630
IN1620250317,07.69 HR SGS 2041,7.69,04/Feb/2041,98.5122,7.8630
IN1020250537,07.71 AP SGS 2041,7.71,04/Feb/2041,98.6826,7.8630
IN1020230786,07.46 AP SGS 2041 07 FEB,7.46,07/Feb/2041,96.5528,7.8630
IN2120230171,07.48 MP SGS 2041,7.48,07/Feb/2041,96.7232,7.8630
IN2920200663,06.96 RJ SDL 2041,6.96,10/Feb/2041,92.2909,7.8630
IN1620200148,06.98 HR SDL 2041,6.98,10/Feb/2041,92.4614,7.8630
IN3320250209,07.81 UP SGS 2041,7.81,11/Feb/2041,99.5355,7.8630
IN3820220041,07.59 PY SGS 2041,7.59,15/Feb/2041,97.6602,7.8630
IN1020210515,07.13 AP SDL 2041,7.13,16/Feb/2041,93.7372,7.8630
IN2920200705,06.99 RJ SDL 2041,6.99,17/Feb/2041,92.5426,7.8630
IN3320250217,07.67 UP SGS 2041,7.67,18/Feb/2041,98.3427,7.8630
IN3220250044,07.78 TR SGS 2041,7.78,18/Feb/2041,99.2810,7.8630
IN1620200155,07.18 HR SDL 2041,7.18,24/Feb/2041,94.1607,7.8630
IN2920200721,07.22 RJ SDL 2041,7.22,24/Feb/2041,94.5021,7.8630
IN3420200260,07.23 WB SDL 2041,7.23,24/Feb/2041,94.5875,7.8630
IN1620250366,07.67 HR SGS 2041,7.67,25/Feb/2041,98.3434,7.8630
IN1320250294,07.72 BR SGS 2041,7.72,25/Feb/2041,98.7702,7.8630
IN3420250398,07.72 WB SGS 2041,7.72,25/Feb/2041,98.7702,7.8630
IN3420230234,07.44 WB SGS 2041,7.44,28/Feb/2041,96.3795,7.8630
IN4520200341,07.25 TS SDL 2041,7.25,03/Mar/2041,94.7559,7.8630
IN3320250233,07.62 UP SGS 2041,7.62,04/Mar/2041,97.9174,7.8630
IN2120250468,07.63 MP SGS 2041,7.63,04/Mar/2041,98.0028,7.8630
IN3620250107,07.67 UK SGS 2041,7.67,04/Mar/2041,98.3446,7.8630
IN2720240133,07.27 OD SGS 2041,7.27,05/Mar/2041,94.9263,7.8630
IN3320240101,07.27 UP SGS 2041,7.27,05/Mar/2041,94.9263,7.8630
IN1620210188,07.43 HR SDL 2041,7.43,09/Mar/2041,96.2935,7.8630
IN3420200278,07.25 WB SDL 2041,7.25,10/Mar/2041,94.7543,7.8630
IN1020250586,07.61 AP SGS 2041,7.61,11/Mar/2041,97.8327,7.8630
IN1220250220,07.62 AS SGS 2041,7.62,11/Mar/2041,97.9183,7.8630
IN2520250100,07.74 MZ SGS 2041,7.74,11/Mar/2041,98.9445,7.8630
IN3220250051,07.74 TR SGS 2041,7.74,11/Mar/2041,98.9445,7.8630
IN4920250268,07.79 JK SGS 2041,7.79,11/Mar/2041,99.3721,7.8630
IN4520230462,07.37 TS SGS 2041,7.37,13/Mar/2041,95.7802,7.8630
IN2120250518,07.65 MP SGS 2041,7.65,18/Mar/2041,98.1761,7.8630
IN3220250069,07.77 TR SGS 2041,7.77,18/Mar/2041,99.2031,7.8630
IN3820250063,07.79 PY SGS 2041,7.79,18/Mar/2041,99.3743,7.8630
IN4520230496,07.42 TS SGS 2041,7.42,20/Mar/2041,96.2077,7.8630
IN3420220284,07.74 WB SGS 2041,7.74,23/Mar/2041,98.9462,7.8630
IN1920250363,07.76 KA SGS 2041,7.76,25/Mar/2041,99.1165,7.8630
IN1720250142,07.89 HP SGS 2041,7.89,25/Mar/2041,100.2299,7.8630
IN2220230360,07.46 MH SGS 2041,7.46,27/Mar/2041,96.5457,7.8630
IN2920220356,07.84 RJ SGS 2041,7.84,29/Mar/2041,99.8000,7.8630
IN1620250457,07.88 HR SGS 2041,7.88,30/Mar/2041,100.1423,7.8630
IN2020250337,07.92 KL SGS 2041,7.92,30/Mar/2041,100.4851,7.8630
IN2920250452,07.99 RJ SGS 2041,7.99,30/Mar/2041,101.0849,7.8630
IN2620250075,08.00 NL SGS 2041,8,30/Mar/2041,101.1706,7.8630
IN2220240021,07.44 MH SGS 2041,7.44,03/Apr/2041,96.3699,7.8630
IN1020240025,07.46 AP SGS 2041,7.46,03/Apr/2041,96.5413,7.8630
IN1020250057,06.85 AP SGS 2041,6.85,04/Apr/2041,91.3117,7.8630
IN2220240047,07.45 MH SGS 2041,7.45,10/Apr/2041,96.4507,7.8630
IN1020240108,07.51 AP SGS 2041,7.51,02/May/2041,96.9526,7.8630
IN3120260036,07.80 TN SGS 2041,7.8,06/May/2041,99.4443,7.8630
IN4520240065,07.43 TS SGS 2041 08 MAY,7.43,08/May/2041,96.2614,7.8630
IN1020220084,07.78 AP SDL 2041,7.78,11/May/2041,99.2710,7.8630
IN4520240081,07.44 TS SGS 2041,7.44,15/May/2041,96.3436,7.8630
IN4520210035,06.98 TS SDL 2041,6.98,19/May/2041,92.3807,7.8630
IN2920260063,07.87 RJ SGS 2041,7.87,20/May/2041,100.0438,7.8630
IN2820260031,07.91 PN SGS 2041,7.91,20/May/2041,100.3883,7.8630
IN1020240223,07.40 AP SGS 2041,7.4,22/May/2041,95.9955,7.8630
IN3120210049,06.99 TN SDL 2041,6.99,25/May/2041,92.4615,7.8630
IN1320260038,07.84 BR SGS 2041,7.84,27/May/2041,99.7845,7.8630
IN1020210101,07.04 AP SDL 2041,7.04,02/Jun/2041,92.8866,7.8630
IN2920210118,07.05 RJ SDL 2041,7.05,02/Jun/2041,92.9728,7.8630
IN4520210043,07.05 TS SDL 2041,7.05,02/Jun/2041,92.9728,7.8630
IN1520260044,07.79 GJ SGS 2041,7.79,03/Jun/2041,99.4636,7.8501
IN3120260069,07.80 TN SGS 2041 03 JUN,7.8,03/Jun/2041,99.4389,7.8630
IN2120250039,06.88 MP SGS 2041,6.88,04/Jun/2041,91.5053,7.8630
IN2520260026,07.79 MZ SGS 2041,7.79,10/Jun/2041,99.3517,7.8630
IN4520230074,07.36 TS SGS 2041,7.36,14/Jun/2041,95.6395,7.8630
IN1020220191,08.04 AP SDL 2041,8.04,15/Jun/2041,101.5094,7.8630
IN2020210075,07.06 KL SDL 2041,7.06,23/Jun/2041,93.0435,7.8630
IN4520210076,07.06 TS SDL 2041,7.06,23/Jun/2041,93.0435,7.8630
IN3920260020,07.75 DL SGS 2041,7.75,24/Jun/2041,99.2422,7.8354
IN3320260059,07.76 UP SGS 2041,7.76,24/Jun/2041,99.0914,7.8630
IN2020240064,07.32 KL SGS 2041,7.32,26/Jun/2041,95.2885,7.8630
IN1020230273,07.42 AP SGS 2041,7.42,28/Jun/2041,96.1521,7.8630
IN2920210209,07.13 RJ SDL 2041,7.13,30/Jun/2041,93.6440,7.8630
IN2420210022,07.19 ML SDL 2041,7.19,30/Jun/2041,94.1628,7.8630
IN1020240371,07.36 AP SGS 2041,7.36,03/Jul/2041,95.6314,7.8630
IN4520230116,07.47 TS SGS 2041,7.47,05/Jul/2041,96.5822,7.8630
IN1620250101,07.12 HR SGS 2041,7.12,09/Jul/2041,93.5523,7.8630
IN2120250054,07.14 MP SGS 2041,7.14,09/Jul/2041,93.7253,7.8630
IN1020230323,07.43 AP SGS 2041,7.43,12/Jul/2041,96.2341,7.8630
IN1020220324,07.92 AP SDL 2041,7.92,13/Jul/2041,100.4760,7.8630
IN3120260085,07.59 TN SGS 2041,7.59,15/Jul/2041,97.6188,7.8630
IN2520260034,07.69 MZ SGS 2041,7.69,15/Jul/2041,98.4847,7.8630
IN4520210100,07.17 TS SDL 2041,7.17,20/Jul/2041,93.9795,7.8630
IN3420220060,08.01 WB SDL 2041,8.01,20/Jul/2041,101.2569,7.8630
IN1320260053,07.66 BR SGS 2041,7.66,22/Jul/2041,97.9251,7.8980
IN2020230099,07.36 KL SGS 2041,7.36,26/Jul/2041,95.6238,7.8630
IN2920230132,07.36 RJ SGS 2041,7.36,26/Jul/2041,95.6238,7.8630
IN3420230044,07.36 WB SGS 2041,7.36,26/Jul/2041,95.6238,7.8630
IN1020210226,07.14 AP SDL 2041,7.14,04/Aug/2041,93.7129,7.8630
IN4520210118,07.14 TS SDL 2041,7.14,04/Aug/2041,93.7129,7.8630
IN3120260101,07.62 TN SGS 2041,7.62,05/Aug/2041,98.1196,7.8347
IN2020250113,07.24 KL SGS 2041,7.24,06/Aug/2041,94.5798,7.8630
IN4520230199,07.43 TS SGS 2041,7.43,09/Aug/2041,96.2281,7.8630
IN2520260042,07.63 MZ SGS 2041,7.63,19/Aug/2041,97.9646,7.8630
IN1520260143,07.59 GJ SGS 2041,7.59,27/Aug/2041,97.6174,7.8630
IN1020240462,07.27 AP SGS 2041,7.27,28/Aug/2041,94.8342,7.8630
IN2020230131,07.40 KL SGS 2041,7.4,30/Aug/2041,95.9647,7.8630
IN2920230173,07.40 RJ SGS 2041,7.4,30/Aug/2041,95.9647,7.8630
IN1020210259,07.02 AP SDL 2041,7.02,08/Sep/2041,92.6556,7.8630
IN2420210048,07.02 ML SDL 2041,7.02,08/Sep/2041,92.6556,7.8630
IN1620250150,07.51 HR SGS 2041,7.51,10/Sep/2041,96.9219,7.8630
IN1020230463,07.46 AP SGS 2041,7.46,13/Sep/2041,96.4865,7.8630
IN2520260059,07.94 MZ SGS 2041,7.94,16/Sep/2041,100.3746,7.8967
IN3720250023,07.44 JH SGS 2041,7.44,17/Sep/2041,96.3123,7.8630
IN1020210309,06.94 AP SDL 2041,6.94,29/Sep/2041,91.9440,7.8630
IN1620250192,07.44 HR SGS 2041,7.44,01/Oct/2041,96.3050,7.8630
IN2920250221,07.56 RJ SGS 2041,7.56,01/Oct/2041,97.3522,7.8630
IN1020230497,07.50 AP SGS 2041,7.5,04/Oct/2041,96.8266,7.8630
IN2220250327,07.26 MH SGS 2041,7.26,08/Oct/2041,94.7283,7.8630
IN2520250050,07.31 MZ SGS 2041,7.31,08/Oct/2041,95.1649,7.8630
IN1020210341,07.14 AP SDL 2041 13 OCT,7.14,13/Oct/2041,93.6759,7.8630
IN3420210160,07.08 WB SDL 2041,7.08,27/Oct/2041,93.1388,7.8630
IN1620250234,07.38 HR SGS 2041,7.38,29/Oct/2041,95.7618,7.8630
IN1020230570,07.72 AP SGS 2041,7.72,01/Nov/2041,98.7358,7.8630
IN2120250229,07.45 MP SGS 2041,7.45,12/Nov/2041,96.3670,7.8630
IN2120210041,06.99 MP SDL 2041,6.99,17/Nov/2041,92.3330,7.8630
IN3420240142,07.18 WB SGS 2041,7.18,27/Nov/2041,93.9912,7.8630
IN3420230135,07.71 WB SGS 2041,7.71,29/Nov/2041,98.6400,7.8630
IN1020210416,06.92 AP SDL 2041,6.92,01/Dec/2041,91.7068,7.8630
IN1920220085,07.54 KA SGS 2041,7.54,07/Dec/2041,97.1456,7.8630
IN1620250259,07.52 HR SGS 2041,7.52,10/Dec/2041,96.9690,7.8630
IN3420250182,07.61 WB SGS 2041,7.61,17/Dec/2041,97.7578,7.8630
IN4520230371,07.58 TS SGS 2041,7.58,20/Dec/2041,97.4934,7.8630
IN3320250175,07.59 UP SGS 2041,7.59,24/Dec/2041,97.5804,7.8630
IN3420250208,07.62 WB SGS 2041,7.62,24/Dec/2041,97.8442,7.8630
IN2120240113,07.17 MP SGS 2041,7.17,26/Dec/2041,93.8854,7.8630
IN3420220201,07.67 WB SGS 2041,7.67,28/Dec/2041,98.2834,7.8630
IN1020210440,07.14 AP SDL 2041,7.14,29/Dec/2041,93.6198,7.8630
IN1920240158,07.15 KA SGS 2042,7.15,01/Jan/2042,94.0584,7.8213
IN3420240191,07.16 WB SGS 2042,7.16,01/Jan/2042,94.1467,7.8213
IN3420220219,07.64 WB SGS 2042,7.64,04/Jan/2042,98.3817,7.8213
IN1020210473,07.22 AP SDL 2042,7.22,05/Jan/2042,94.6743,7.8213
IN1020250461,07.61 AP SGS 2042,7.61,07/Jan/2042,98.1166,7.8213
IN4520250643,07.61 TS SGS 2042,7.61,14/Jan/2042,98.1159,7.8213
IN3420250299,07.64 WB SGS 2042 14 JAN,7.64,14/Jan/2042,98.3810,7.8213
IN2120210058,07.33 MP SDL 2042,7.33,19/Jan/2042,95.6407,7.8213
IN1920230241,07.67 KA SGS 2042,7.67,24/Jan/2042,98.6460,7.8213
IN1020230745,07.70 AP SGS 2042,7.7,24/Jan/2042,98.9113,7.8213
IN3420240209,07.13 WB SGS 2042,7.13,29/Jan/2042,93.8686,7.8213
IN4520220356,07.68 TS SGS 2042,7.68,01/Feb/2042,98.7348,7.8213
IN3520250082,07.75 CG SGS 2042,7.75,04/Feb/2042,99.3546,7.8213
IN1020210499,07.37 AP SDL 2042,7.37,09/Feb/2042,95.9900,7.8213
IN4520250692,07.80 TS SGS 2042,7.8,11/Feb/2042,99.7986,7.8213
IN2120250385,07.82 MP SGS 2042,7.82,11/Feb/2042,99.9758,7.8213
IN2520250092,07.85 MZ SGS 2042,7.85,11/Feb/2042,100.2415,7.8213
IN1620250341,07.69 HR SGS 2042,7.69,18/Feb/2042,98.8252,7.8213
IN1020250552,07.69 AP SGS 2042 25 FEB,7.69,25/Feb/2042,98.8263,7.8213
IN2020240270,07.20 KL SGS 2042,7.2,27/Feb/2042,94.4795,7.8213
IN2920240461,07.20 RJ SGS 2042,7.2,27/Feb/2042,94.4795,7.8213
IN3420220250,07.69 WB SGS 2042,7.69,01/Mar/2042,98.8275,7.8213
IN1620210154,07.13 HR SDL 2042,7.13,02/Mar/2042,93.8571,7.8213
IN3120210387,07.19 TN SDL 2042,7.19,02/Mar/2042,94.3896,7.8213
IN2920230488,07.40 RJ SGS 2042,7.4,06/Mar/2042,96.2535,7.8213
IN3420220276,07.79 WB SGS 2042,7.79,08/Mar/2042,99.7172,7.8213
IN1020210556,07.31 AP SDL 2042,7.31,09/Mar/2042,95.4540,7.8213
IN2120240220,07.22 MP SGS 2042,7.22,12/Mar/2042,94.6542,7.8213
IN3420230267,07.39 WB SGS 2042,7.39,13/Mar/2042,96.1646,7.8213
IN2820210168,07.41 PN SDL 2042,7.41,16/Mar/2042,96.3424,7.8213
IN1620250408,07.69 HR SGS 2042 18 MAR,7.69,18/Mar/2042,98.8317,7.8213
IN3420230283,07.45 WB SGS 2042,7.45,20/Mar/2042,96.6982,7.8213
IN2920230538,07.46 RJ SGS 2042,7.46,20/Mar/2042,96.7871,7.8213
IN3320230342,07.48 UP SGS 2042,7.48,22/Mar/2042,97.2867,7.7843
IN3120210486,07.40 TN SDL 2042,7.4,23/Mar/2042,96.2522,7.8213
IN2220230378,07.48 MH SGS 2042,7.48,27/Mar/2042,96.9610,7.8213
IN3420220318,07.85 WB SGS 2042,7.85,29/Mar/2042,100.2524,7.8213
IN2820210176,07.37 PN SDL 2042,7.37,30/Mar/2042,95.9801,7.8213
IN3120210528,07.39 TN SDL 2042,7.39,30/Mar/2042,96.1581,7.8213
IN1020210564,07.44 AP SDL 2042,7.44,30/Mar/2042,96.6031,7.8213
IN1020250644,08.02 AP SGS 2042,8.02,30/Mar/2042,101.7650,7.8213
IN2220240039,07.44 MH SGS 2042,7.44,03/Apr/2042,96.6011,7.8213
IN1020240033,07.46 AP SGS 2042,7.46,03/Apr/2042,96.7791,7.8213
IN4920250029,06.83 JK SGS 2042,6.83,09/Apr/2042,91.1640,7.8213
IN2220240054,07.44 MH SGS 2042 10 APR,7.44,10/Apr/2042,96.5966,7.8213
IN1020220043,07.52 AP SDL 2042,7.52,12/Apr/2042,97.3081,7.8213
IN2020260039,07.86 KL SGS 2042,7.86,15/Apr/2042,100.2764,7.8280
IN2120260012,07.86 MP SGS 2042,7.86,15/Apr/2042,100.3364,7.8213
IN1020260049,07.79 AP SGS 2042,7.79,22/Apr/2042,99.7049,7.8219
IN4520240040,07.48 TS SGS 2042,7.48,24/Apr/2042,96.9450,7.8213
IN2820220019,07.48 PN SDL 2042,7.48,27/Apr/2042,96.9434,7.8213
IN1020240140,07.43 AP SGS 2042 08 MAY,7.43,08/May/2042,96.4915,7.8213
IN1020220092,07.78 AP SDL 2042,7.78,11/May/2042,99.6162,7.8213
IN4920250045,06.84 JK SGS 2042,6.84,28/May/2042,91.2041,7.8213
IN2920220034,07.90 RJ SDL 2042,7.9,01/Jun/2042,100.6866,7.8213
IN1020240264,07.43 AP SGS 2042,7.43,05/Jun/2042,96.4793,7.8213
IN1020230208,07.33 AP SGS 2042,7.33,07/Jun/2042,95.5832,7.8213
IN3120220022,07.99 TN SDL 2042,7.99,08/Jun/2042,101.4923,7.8213
IN2320260028,07.79 MN SGS 2042,7.79,10/Jun/2042,99.7014,7.8213
IN1020220209,08.04 AP SDL 2042,8.04,15/Jun/2042,101.9410,7.8213
IN4520240131,07.31 TS SGS 2042,7.31,26/Jun/2042,95.3959,7.8213
IN3420240035,07.34 WB SGS 2042,7.34,26/Jun/2042,95.6650,7.8213
IN1020220282,07.92 AP SDL 2042,7.92,29/Jun/2042,100.8670,7.8213
IN4520240156,07.37 TS SGS 2042,7.37,03/Jul/2042,95.9317,7.8213
IN2020230065,07.47 KL SGS 2042,7.47,05/Jul/2042,96.8287,7.8213
IN1020220308,07.92 AP SDL 2042 06 JUL,7.92,06/Jul/2042,100.8680,7.8213
IN2820220035,08.04 PN SDL 2042,8.04,06/Jul/2042,101.9452,7.8213
IN3320260075,07.59 UP SGS 2042,7.59,08/Jul/2042,97.9055,7.8213
IN3520260065,07.64 CG SGS 2042,7.64,08/Jul/2042,98.0919,7.8509
IN1020230331,07.43 AP SGS 2042,7.43,12/Jul/2042,96.4680,7.8213
IN2820220043,07.94 PN SDL 2042,7.94,13/Jul/2042,101.0488,7.8213
IN2920220083,07.98 RJ SDL 2042,7.98,20/Jul/2042,101.4098,7.8213
IN4520240206,07.33 TS SGS 2042,7.33,24/Jul/2042,95.5665,7.8213
IN1620220161,07.97 HR SDL 2042,7.97,27/Jul/2042,101.3219,7.8213
IN2920220117,07.97 RJ SDL 2042,7.97,27/Jul/2042,101.3219,7.8213
IN3420220086,07.97 WB SDL 2042,7.97,27/Jul/2042,101.3219,7.8213
IN2120250070,07.23 MP SGS 2042,7.23,30/Jul/2042,94.6654,7.8213
IN1020220381,07.82 AP SDL 2042,7.82,03/Aug/2042,99.9739,7.8213
IN2820220068,07.82 PN SDL 2042,7.82,03/Aug/2042,99.9739,7.8213
IN4520240230,07.29 TS SGS 2042,7.29,07/Aug/2042,95.2035,7.8213
IN3120220121,07.93 TN SDL 2042,7.93,10/Aug/2042,100.9659,7.8213
IN3420240076,07.24 WB SGS 2042,7.24,21/Aug/2042,94.7500,7.8213
IN2820220076,07.75 PN SGS 2042,7.75,24/Aug/2042,99.3478,7.8213
IN2920240255,07.27 RJ SGS 2042,7.27,28/Aug/2042,95.0192,7.8213
IN4920250110,07.82 JK SGS 2042,7.82,28/Aug/2042,99.9801,7.8213
IN3120220154,07.70 TN SGS 2042,7.7,30/Aug/2042,98.8982,7.8213
IN1020220464,07.71 AP SGS 2042,7.71,30/Aug/2042,98.9884,7.8213
IN2020220058,07.71 KL SGS 2042,7.71,30/Aug/2042,98.9884,7.8213
IN3420230069,07.40 WB SGS 2042,7.4,30/Aug/2042,96.1917,7.8213
IN3720260030,07.72 JH SGS 2042,7.72,02/Sep/2042,99.0791,7.8213
IN1020220480,07.58 AP SGS 2042,7.58,07/Sep/2042,97.8165,7.8213
IN2820220084,07.58 PN SGS 2042,7.58,07/Sep/2042,97.8165,7.8213
IN2120250146,07.48 MP SGS 2042,7.48,10/Sep/2042,96.9140,7.8213
IN4520230231,07.46 TS SGS 2042,7.46,13/Sep/2042,96.7336,7.8213
IN1020220506,07.45 AP SGS 2042,7.45,14/Sep/2042,96.6433,7.8213
IN1620250176,07.45 HR SGS 2042,7.45,17/Sep/2042,96.6435,7.8213
IN3420220110,07.56 WB SGS 2042,7.56,21/Sep/2042,97.6382,7.8213
IN3420230077,07.41 WB SGS 2042,7.41,22/Sep/2042,96.2816,7.8213
IN2920240305,07.15 RJ SGS 2042,7.15,25/Sep/2042,93.9284,7.8213
IN3420230093,07.44 WB SGS 2042,7.44,27/Sep/2042,96.5494,7.8213
IN2820220092,07.68 PN SGS 2042,7.68,28/Sep/2042,98.7194,7.8213
IN4520240339,07.14 TS SGS 2042,7.14,03/Oct/2042,93.8309,7.8213
IN2820220100,07.70 PN SGS 2042,7.7,04/Oct/2042,98.8975,7.8213
IN1020220548,07.74 AP SGS 2042,7.74,04/Oct/2042,99.2595,7.8213
IN2920220182,07.74 RJ SGS 2042,7.74,04/Oct/2042,99.2595,7.8213
IN2220250335,07.26 MH SGS 2042,7.26,08/Oct/2042,94.9128,7.8213
IN2820220118,07.85 PN SGS 2042,7.85,12/Oct/2042,100.2523,7.8213
IN1020230547,07.66 AP SGS 2042,7.66,25/Oct/2042,98.5265,7.8213
IN3120220196,07.83 TN SGS 2042,7.83,27/Oct/2042,100.0670,7.8213
IN4920250169,07.41 JK SGS 2042,7.41,29/Oct/2042,96.2580,7.8213
IN4520210175,07.08 TS SDL 2042,7.08,02/Nov/2042,93.2632,7.8213
IN2820220126,07.83 PN SGS 2042,7.83,02/Nov/2042,100.0659,7.8213
IN1020240587,07.15 AP SGS 2042,7.15,06/Nov/2042,93.8952,7.8213
IN3120220204,07.80 TN SGS 2042,7.8,09/Nov/2042,99.7922,7.8213
IN1020230604,07.69 AP SGS 2042,7.69,15/Nov/2042,98.7922,7.8213
IN2820220142,07.65 PN SGS 2042,7.65,16/Nov/2042,98.4287,7.8213
IN1920220044,07.66 KA SGS 2042,7.66,23/Nov/2042,98.5176,7.8213
IN4520250536,07.46 TS SGS 2042 26 NOV,7.46,26/Nov/2042,96.6991,7.8213
IN1920220069,07.63 KA SGS 2042,7.63,30/Nov/2042,98.2432,7.8213
IN3420250174,07.56 WB SGS 2042 03 DEC,7.56,03/Dec/2042,97.6059,7.8213
IN1620250267,07.52 HR SGS 2042,7.52,10/Dec/2042,97.2400,7.8213
IN4920220071,07.61 JK SGS 2042,7.61,14/Dec/2042,98.0582,7.8213
IN2020240221,07.10 KL SGS 2042,7.1,18/Dec/2042,93.4135,7.8213
IN2020250212,07.60 KL SGS 2042,7.6,24/Dec/2042,97.9653,7.8213
IN4520250601,07.60 TS SGS 2042,7.6,24/Dec/2042,97.9653,7.8213
IN3420240175,07.17 WB SGS 2042,7.17,26/Dec/2042,94.0468,7.8213
IN1020250438,07.54 AP SGS 2042,7.54,31/Dec/2042,97.4175,7.8213
IN3420250232,07.58 WB SGS 2042,7.58,31/Dec/2042,97.7822,7.8213
IN1920240166,07.15 KA SGS 2043,7.15,01/Jan/2043,94.0767,7.7967
IN1020230695,07.70 AP SGS 2043 03 JAN,7.7,03/Jan/2043,99.0984,7.7967
IN2220240377,07.14 MH SGS 2043,7.14,08/Jan/2043,93.9822,7.7967
IN1620250291,07.61 HR SGS 2043,7.61,14/Jan/2043,98.2758,7.7967
IN4520230389,07.60 TS SGS 2043,7.6,17/Jan/2043,98.1843,7.7967
IN3420230184,07.66 WB SGS 2043,7.66,24/Jan/2043,98.7331,7.7967
IN3120220287,07.62 TN SGS 2043,7.62,25/Jan/2043,98.3671,7.7967
IN1020250511,07.59 AP SGS 2043,7.59,28/Jan/2043,98.0926,7.7967
IN4520170155,08.00 TS SDL 2043,8,31/Jan/2043,101.8456,7.7967
IN2020230214,07.67 KL SGS 2043,7.67,31/Jan/2043,98.8249,7.7967
IN3420230192,07.67 WB SGS 2043,7.67,31/Jan/2043,98.8249,7.7967
IN2920220273,07.66 RJ SGS 2043,7.66,01/Feb/2043,98.7335,7.7967
IN2120250351,07.68 MP SGS 2043,7.68,04/Feb/2043,98.9672,7.7912
IN4920250235,07.72 JK SGS 2043 04 FEB,7.72,04/Feb/2043,99.2831,7.7967
IN3420250331,07.73 WB SGS 2043,7.73,04/Feb/2043,99.3747,7.7967
IN1020230794,07.52 AP SGS 2043,7.52,07/Feb/2043,97.4517,7.7967
IN1620250333,07.83 HR SGS 2043,7.83,11/Feb/2043,100.2921,7.7967
IN3420230218,07.48 WB SGS 2043,7.48,14/Feb/2043,97.0852,7.7967
IN4520170171,08.24 TS SDL 2043,8.24,28/Feb/2043,104.0607,7.7967
IN1020220712,07.69 AP SGS 2043,7.69,01/Mar/2043,99.0131,7.7967
IN2120220099,07.69 MP SGS 2043,7.69,01/Mar/2043,99.0131,7.7967
IN3120220329,07.69 TN SGS 2043,7.69,01/Mar/2043,99.0131,7.7967
IN3520250124,07.67 CG SGS 2043,7.67,04/Mar/2043,98.8302,7.7967
IN4520230447,07.38 TS SGS 2043,7.38,06/Mar/2043,96.1677,7.7967
IN2120220107,07.77 MP SGS 2043,7.77,08/Mar/2043,99.7496,7.7967
IN1020250594,07.65 AP SGS 2043,7.65,11/Mar/2043,98.6482,7.7967
IN2020240288,07.24 KL SGS 2043,7.24,12/Mar/2043,94.8815,7.7967
IN4520170197,08.10 TS SDL 2043,8.1,14/Mar/2043,102.7842,7.7967
IN2120220131,07.74 MP SGS 2043,7.74,23/Mar/2043,99.4775,7.7967
IN3420220292,07.74 WB SGS 2043,7.74,23/Mar/2043,99.4775,7.7967
IN1020250602,07.83 AP SGS 2043,7.83,25/Mar/2043,100.4205,7.7841
IN2020240320,07.10 KL SGS 2043,7.1,26/Mar/2043,93.5890,7.7967
IN2920240545,07.10 RJ SGS 2043,7.1,26/Mar/2043,93.5890,7.7967
IN3220250077,08.07 TR SGS 2043,8.07,30/Mar/2043,102.5110,7.7967
IN1020240041,07.46 AP SGS 2043 03 APR,7.46,03/Apr/2043,96.8962,7.7967
IN2920260014,07.97 RJ SGS 2043,7.97,08/Apr/2043,101.5890,7.7967
IN4520260014,07.97 TS SGS 2043,7.97,08/Apr/2043,101.5890,7.7967
IN4520180014,07.75 TS SDL 2043,7.75,11/Apr/2043,99.5623,7.7967
IN2920230025,07.61 RJ SGS 2043,7.61,19/Apr/2043,98.2695,7.7967
IN2820250032,06.77 PN SGS 2043,6.77,30/Apr/2043,90.5174,7.7967
IN2820230034,07.47 PN SGS 2043,7.47,03/May/2043,96.9724,7.7967
IN3420230010,07.47 WB SGS 2043,7.47,03/May/2043,96.9724,7.7967
IN1020240157,07.42 AP SGS 2043 08 MAY,7.42,08/May/2043,96.5087,7.7967
IN4520180030,08.05 TS SDL 2043,8.05,09/May/2043,102.3232,7.7967
IN1020230117,07.37 AP SGS 2043,7.37,10/May/2043,96.0462,7.7967
IN1020230133,07.32 AP SGS 2043,7.32,17/May/2043,95.5810,7.7967
IN2920230074,07.35 RJ SGS 2043,7.35,31/May/2043,95.8521,7.7967
IN3420230036,07.36 WB SGS 2043,7.36,31/May/2043,95.9446,7.7967
IN2120250047,06.92 MP SGS 2043,6.92,04/Jun/2043,91.8735,7.7967
IN4520240107,07.43 TS SGS 2043,7.43,05/Jun/2043,96.5900,7.7967
IN4520180055,08.28 TS SDL 2043,8.28,06/Jun/2043,104.4523,7.7967
IN1020230216,07.33 AP SGS 2043,7.33,07/Jun/2043,95.6642,7.7967
IN3120230088,07.35 TN SGS 2043,7.35,14/Jun/2043,95.8465,7.7967
IN3120230104,07.34 TN SGS 2043,7.34,21/Jun/2043,95.7514,7.7967
IN2920250106,07.09 RJ SGS 2043,7.09,25/Jun/2043,93.4340,7.7967
IN2920240156,07.33 RJ SGS 2043,7.33,26/Jun/2043,95.6571,7.7967
IN2720180065,08.35 OD SDL 2043,8.35,27/Jun/2043,105.1082,7.7967
IN1020230281,07.42 AP SGS 2043,7.42,28/Jun/2043,96.4905,7.7967
IN3120230112,07.42 TN SGS 2043,7.42,28/Jun/2043,96.4905,7.7967
IN3120230146,07.45 TN SGS 2043,7.45,05/Jul/2043,96.7670,7.7967
IN1020230315,07.46 AP SGS 2043,7.46,05/Jul/2043,96.8597,7.7967
IN4520220059,07.91 TS SDL 2043,7.91,06/Jul/2043,101.0323,7.7967
IN2120250062,07.15 MP SGS 2043 09 JUL,7.15,09/Jul/2043,93.9837,7.7967
IN2020230073,07.42 KL SGS 2043,7.42,12/Jul/2043,96.4874,7.7967
IN1020240405,07.33 AP SGS 2043 18 JUL,7.33,18/Jul/2043,95.6509,7.7967
IN3120230187,07.36 TN SGS 2043,7.36,26/Jul/2043,95.9278,7.7967
IN3420240068,07.35 WB SGS 2043,7.35,31/Jul/2043,95.8343,7.7967
IN3120230195,07.43 TN SGS 2043,7.43,02/Aug/2043,96.5774,7.7967
IN1020230380,07.44 AP SGS 2043,7.44,02/Aug/2043,96.6703,7.7967
IN2120250096,07.22 MP SGS 2043,7.22,06/Aug/2043,94.6249,7.7967
IN4520180071,08.42 TS SDL 2043,8.42,08/Aug/2043,105.7815,7.7967
IN2820260080,07.65 PN SGS 2043,7.65,12/Aug/2043,98.4561,7.8148
IN2120250120,07.57 MP SGS 2043,7.57,28/Aug/2043,97.8802,7.7967
IN2920250171,07.57 RJ SGS 2043,7.57,28/Aug/2043,97.8802,7.7967
IN4520180097,08.75 TS SDL 2043,8.75,03/Sep/2043,108.8751,7.7967
IN1020230448,07.40 AP SGS 2043,7.4,06/Sep/2043,96.2971,7.7967
IN4520230223,07.40 TS SGS 2043,7.4,06/Sep/2043,96.2971,7.7967
IN2220240294,07.13 MH SGS 2043,7.13,19/Sep/2043,93.7788,7.7967
IN2120250161,07.43 MP SGS 2043,7.43,24/Sep/2043,96.5760,7.7967
IN2220240336,07.12 MH SGS 2043,7.12,25/Sep/2043,93.6818,7.7967
IN2120240063,07.14 MP SGS 2043,7.14,25/Sep/2043,93.8685,7.7967
IN1320250146,07.58 BR SGS 2043,7.58,01/Oct/2043,97.9723,7.7967
IN4520180105,08.56 TS SDL 2043,8.56,03/Oct/2043,107.1241,7.7967
IN2120240089,07.15 MP SGS 2043,7.15,09/Oct/2043,93.9504,7.7967
IN1020230521,07.61 AP SGS 2043,7.61,18/Oct/2043,98.2446,7.7967
IN1720230060,07.62 HP SGS 2043,7.62,18/Oct/2043,98.3381,7.7967
IN2920230231,07.62 RJ SGS 2043,7.62,18/Oct/2043,98.3381,7.7967
IN3420230119,07.64 WB SGS 2043,7.64,18/Oct/2043,98.5251,7.7967
IN3120230294,07.66 TN SGS 2043,7.66,25/Oct/2043,98.7095,7.7967
IN1020240561,07.17 AP SGS 2043,7.17,30/Oct/2043,94.1221,7.7967
IN1020230588,07.70 AP SGS 2043,7.7,01/Nov/2043,99.0818,7.7967
IN2920230272,07.70 RJ SGS 2043,7.7,01/Nov/2043,99.0818,7.7967
IN2120180087,08.52 MP SDL 2043,8.52,06/Nov/2043,106.7579,7.7967
IN4520180121,08.52 TS SDL 2043,8.52,06/Nov/2043,106.7579,7.7967
IN2120250237,07.46 MP SGS 2043,7.46,12/Nov/2043,96.8307,7.7967
IN4520210183,06.99 TS SDL 2043,6.99,17/Nov/2043,92.4245,7.7967
IN4520220257,07.63 TS SGS 2043,7.63,23/Nov/2043,98.4201,7.7967
IN4520180147,08.52 TS SDL 2043NOV,8.52,28/Nov/2043,106.7658,7.7967
IN2020230172,07.71 KL SGS 2043,7.71,29/Nov/2043,99.1691,7.7967
IN3420230143,07.71 WB SGS 2043,7.71,29/Nov/2043,99.1691,7.7967
IN4920230161,07.74 JK SGS 2043,7.74,29/Nov/2043,99.4504,7.7967
IN2020220108,07.63 KL SGS 2043,7.63,30/Nov/2043,98.4185,7.7967
IN4520180154,08.43 TS SDL 2043,8.43,05/Dec/2043,105.9243,7.7967
IN3420230176,07.64 WB SGS 2043 27 DEC,7.64,27/Dec/2043,98.5084,7.7967
IN4920230203,07.72 JK SGS 2043,7.72,27/Dec/2043,99.2603,7.7967
IN2120250336,07.59 MP SGS 2044,7.59,07/Jan/2044,96.9668,7.9130
IN1020250479,07.60 AP SGS 2044 07 JAN,7.6,07/Jan/2044,97.0601,7.9130
IN4920230211,07.68 JK SGS 2044,7.68,10/Jan/2044,97.8065,7.9130
IN1320250237,07.65 BR SGS 2044,7.65,14/Jan/2044,97.5261,7.9130
IN2020240239,07.24 KL SGS 2044,7.24,15/Jan/2044,93.6971,7.9130
IN2220240393,07.24 MH SGS 2044,7.24,15/Jan/2044,93.6971,7.9130
IN1020230729,07.60 AP SGS 2044,7.6,17/Jan/2044,97.0589,7.9130
IN3120230385,07.59 TN SGS 2044,7.59,24/Jan/2044,96.9648,7.9130
IN4520250668,07.64 TS SGS 2044,7.64,28/Jan/2044,97.4319,7.9130
IN3420250315,07.67 WB SGS 2044 28 JAN,7.67,28/Jan/2044,97.7124,7.9130
IN3420240217,07.13 WB SGS 2044,7.13,29/Jan/2044,92.6639,7.9130
IN3420230200,07.67 WB SGS 2044,7.67,31/Jan/2044,97.7124,7.9130
IN4520220364,07.66 TS SGS 2044,7.66,01/Feb/2044,97.6189,7.9130
IN4520180170,08.33 TS SDL 2044,8.33,13/Feb/2044,103.8900,7.9130
IN1020230828,07.48 AP SGS 2044,7.48,14/Feb/2044,95.9345,7.9130
IN3420230226,07.48 WB SGS 2044,7.48,14/Feb/2044,95.9345,7.9130
IN3420250372,07.74 WB SGS 2044,7.74,18/Feb/2044,98.3687,7.9130
IN2120230197,07.45 MP SGS 2044 21 FEB,7.45,21/Feb/2044,95.6532,7.9130
IN2120230213,07.42 MP SGS 2044,7.42,28/Feb/2044,95.3718,7.9130
IN2920230470,07.43 RJ SGS 2044,7.43,28/Feb/2044,95.4655,7.9130
IN3420230242,07.44 WB SGS 2044,7.44,28/Feb/2044,95.5592,7.9130
IN4520180196,08.42 TS SDL 2044,8.42,06/Mar/2044,104.7479,7.9130
IN4920230252,07.40 JK SGS 2044,7.4,06/Mar/2044,95.1840,7.9130
IN3420230259,07.40 WB SGS 2044,7.4,06/Mar/2044,95.1840,7.9130
IN1620250390,07.69 HR SGS 2044,7.69,11/Mar/2044,97.9042,7.9130
IN3420250414,07.72 WB SGS 2044,7.72,11/Mar/2044,98.1856,7.9130
IN2020230230,07.38 KL SGS 2044,7.38,13/Mar/2044,94.9963,7.9130
IN3420230275,07.39 WB SGS 2044,7.39,13/Mar/2044,95.0901,7.9130
IN3320250258,07.72 UP SGS 2044,7.72,18/Mar/2044,98.6996,7.8579
IN3520250132,07.73 CG SGS 2044,7.73,18/Mar/2044,98.2812,7.9130
IN3120230492,07.44 TN SGS 2044,7.44,20/Mar/2044,95.5595,7.9130
IN3420230291,07.45 WB SGS 2044,7.45,20/Mar/2044,95.6534,7.9130
IN4920230278,07.47 JK SGS 2044,7.47,20/Mar/2044,95.8411,7.9130
IN3320230359,07.48 UP SGS 2044,7.48,22/Mar/2044,95.9344,7.9130
IN3420250455,07.88 WB SGS 2044,7.88,25/Mar/2044,99.6884,7.9130
IN2220230386,07.50 MH SGS 2044,7.5,27/Mar/2044,96.1187,7.9130
IN2920230579,07.52 RJ SGS 2044,7.52,27/Mar/2044,96.3066,7.9130
IN3420230317,07.53 WB SGS 2044,7.53,27/Mar/2044,96.4005,7.9130
IN1620250465,07.99 HR SGS 2044,7.99,30/Mar/2044,100.7196,7.9130
IN3620250149,07.99 UK SGS 2044,7.99,30/Mar/2044,100.7196,7.9130
IN1020250651,08.00 AP SGS 2044,8,30/Mar/2044,100.8135,7.9130
IN1720240010,07.45 HP SGS 2044,7.45,03/Apr/2044,95.6450,7.9130
IN1020240058,07.46 AP SGS 2044,7.46,03/Apr/2044,95.7390,7.9130
IN4520230017,07.61 TS SGS 2044,7.61,19/Apr/2044,97.1398,7.9130
IN2220260052,07.77 MH SGS 2044,7.77,22/Apr/2044,98.4686,7.9318
IN1020240082,07.48 AP SGS 2044 24 APR,7.48,24/Apr/2044,95.9142,7.9130
IN1020240116,07.49 AP SGS 2044,7.49,02/May/2044,96.0040,7.9130
IN2920240040,07.49 RJ SGS 2044,7.49,02/May/2044,96.0040,7.9130
IN3120240046,07.49 TN SGS 2044,7.49,02/May/2044,96.0040,7.9130
IN1020240165,07.42 AP SGS 2044,7.42,08/May/2044,95.3417,7.9130
IN2820260049,07.92 PN SGS 2044,7.92,20/May/2044,100.0490,7.9130
IN1020240231,07.38 AP SGS 2044,7.38,22/May/2044,94.9576,7.9130
IN3620260031,07.87 UK SGS 2044,7.87,27/May/2044,99.5765,7.9130
IN4520250114,06.92 TS SGS 2044,6.92,04/Jun/2044,90.6114,7.9130
IN1020240272,07.43 AP SGS 2044,7.43,05/Jun/2044,95.4234,7.9130
IN1720260026,07.78 HP SGS 2044,7.78,24/Jun/2044,98.7240,7.9130
IN1020240348,07.31 AP SGS 2044,7.31,26/Jun/2044,94.2818,7.9130
IN2920240164,07.33 RJ SGS 2044,7.33,26/Jun/2044,94.4708,7.9130
IN4520260071,07.64 TS SGS 2044 01 JUL,7.64,01/Jul/2044,97.3997,7.9130
IN4520220067,07.90 TS SDL 2044,7.9,06/Jul/2044,99.8583,7.9130
IN2120260053,07.61 MP SGS 2044,7.61,08/Jul/2044,97.3107,7.8919
IN3420260025,07.64 WB SGS 2044,7.64,08/Jul/2044,97.0495,7.9507
IN4520230140,07.34 TS SGS 2044,7.34,19/Jul/2044,94.5580,7.9130
IN2720260016,07.70 OD SGS 2044,7.7,22/Jul/2044,98.0904,7.8997
IN1320260061,07.71 BR SGS 2044,7.71,22/Jul/2044,97.9396,7.9260
IN3420250075,07.11 WB SGS 2044,7.11,23/Jul/2044,92.3789,7.9130
IN2920260105,07.68 RJ SGS 2044,7.68,29/Jul/2044,97.7767,7.9130
IN2220240096,07.33 MH SGS 2044,7.33,31/Jul/2044,94.4606,7.9130
IN1020240439,07.34 AP SGS 2044,7.34,31/Jul/2044,94.5553,7.9130
IN2920220133,07.82 RJ SDL 2044,7.82,03/Aug/2044,99.1036,7.9130
IN4520250262,07.19 TS SGS 2044,7.19,06/Aug/2044,93.1322,7.9130
IN2220240120,07.27 MH SGS 2044,7.27,07/Aug/2044,93.8903,7.9130
IN3420250083,07.45 WB SGS 2044 20 AUG,7.45,20/Aug/2044,95.5956,7.9130
IN2220240203,07.25 MH SGS 2044,7.25,28/Aug/2044,93.6964,7.9130
IN1020240504,07.25 AP SGS 2044,7.25,04/Sep/2044,93.6955,7.9130
IN1220240072,07.25 AS SGS 2044,7.25,04/Sep/2044,93.6955,7.9130
IN4920260044,07.75 JK SGS 2044,7.75,09/Sep/2044,98.4463,7.9130
IN2120250153,07.50 MP SGS 2044,7.5,10/Sep/2044,96.0707,7.9130
IN2020260070,08.07 KL SGS 2044,8.07,16/Sep/2044,101.2994,7.9329
IN3420250117,07.47 WB SGS 2044,7.47,17/Sep/2044,95.7860,7.9130
IN2820240207,07.15 PN SGS 2044,7.15,25/Sep/2044,92.7392,7.9130
IN3420240100,07.15 WB SGS 2044,7.15,25/Sep/2044,92.7392,7.9130
IN2120230080,07.45 MP SGS 2044,7.45,27/Sep/2044,95.5920,7.9130
IN2920230207,07.45 RJ SGS 2044,7.45,27/Sep/2044,95.5920,7.9130
IN1020240538,07.14 AP SGS 2044,7.14,03/Oct/2044,92.6371,7.9130
IN3420240126,07.15 WB SGS 2044 03 OCT,7.15,03/Oct/2044,92.7323,7.9130
IN4520230272,07.49 TS SGS 2044,7.49,04/Oct/2044,95.9680,7.9130
IN2820240223,07.11 PN SGS 2044,7.11,16/Oct/2044,92.3405,7.9130
IN2020220082,07.81 KL SGS 2044,7.81,27/Oct/2044,99.0056,7.9130
IN2820240231,07.17 PN SGS 2044,7.17,30/Oct/2044,92.9017,7.9130
IN2120250245,07.45 MP SGS 2044,7.45,12/Nov/2044,95.5656,7.9130
IN4520220265,07.63 TS SGS 2044,7.63,23/Nov/2044,97.2797,7.9130
IN3420250158,07.48 WB SGS 2044 26 NOV,7.48,26/Nov/2044,95.8459,7.9130
IN1120240016,07.16 AR SGS 2044,7.16,27/Nov/2044,92.7885,7.9130
IN2120240105,07.16 MP SGS 2044,7.16,27/Nov/2044,92.7885,7.9130
IN1020250396,07.59 AP SGS 2044,7.59,03/Dec/2044,96.8945,7.9130
IN4520250577,07.68 TS SGS 2044,7.68,03/Dec/2044,97.7547,7.9130
IN4920240178,07.10 JK SGS 2044,7.1,04/Dec/2044,92.2109,7.9130
IN4520240388,07.10 TS SGS 2044,7.1,04/Dec/2044,92.2109,7.9130
IN3420250190,07.52 WB SGS 2044,7.52,17/Dec/2044,96.2212,7.9130
IN1120240024,07.11 AR SGS 2044,7.11,18/Dec/2044,92.2985,7.9130
IN3120240475,07.14 TN SGS 2044,7.14,26/Dec/2044,92.5814,7.9130
IN2020230198,07.62 KL SGS 2044,7.62,27/Dec/2044,97.1760,7.9130
IN2020250220,07.56 KL SGS 2044,7.56,31/Dec/2044,96.6010,7.9130
IN1020250487,07.60 AP SGS 2045,7.6,07/Jan/2045,97.3419,7.8748
IN3420250265,07.61 WB SGS 2045,7.61,07/Jan/2045,97.4379,7.8748
IN1320240220,07.14 BR SGS 2045,7.14,22/Jan/2045,92.9176,7.8748
IN2020240247,07.14 KL SGS 2045,7.14,22/Jan/2045,92.9176,7.8748
IN2020220140,07.60 KL SGS 2045,7.6,25/Jan/2045,97.3406,7.8748
IN1220240155,07.11 AS SGS 2045,7.11,29/Jan/2045,92.6266,7.8748
IN1320240246,07.11 BR SGS 2045,7.11,29/Jan/2045,92.6266,7.8748
IN3120240525,07.11 TN SGS 2045,7.11,29/Jan/2045,92.6266,7.8748
IN2820240272,07.12 PN SGS 2045,7.12,29/Jan/2045,92.7228,7.8748
IN1320240261,07.19 BR SGS 2045,7.19,05/Feb/2045,93.3946,7.8748
IN2820240280,07.19 PN SGS 2045,7.19,05/Feb/2045,93.3946,7.8748
IN4520230421,07.46 TS SGS 2045,7.46,07/Feb/2045,95.9930,7.8748
IN3420250356,07.82 WB SGS 2045,7.82,11/Feb/2045,99.4591,7.8748
IN3120240558,07.17 TN SGS 2045,7.17,12/Feb/2045,93.2003,7.8748
IN1320240287,07.18 BR SGS 2045,7.18,12/Feb/2045,93.2966,7.8748
IN4920240244,07.18 JK SGS 2045,7.18,12/Feb/2045,93.2966,7.8748
IN2120250427,07.72 MP SGS 2045,7.72,18/Feb/2045,98.4972,7.8748
IN1620250358,07.73 HR SGS 2045,7.73,18/Feb/2045,98.5936,7.8748
IN1320240303,07.18 BR SGS 2045 20 FEB,7.18,20/Feb/2045,93.2948,7.8748
IN2120230205,07.45 MP SGS 2045,7.45,21/Feb/2045,95.8962,7.8748
IN2020250261,07.72 KL SGS 2045,7.72,25/Feb/2045,98.4985,7.8748
IN1220240197,07.20 AS SGS 2045,7.2,27/Feb/2045,93.4863,7.8748
IN2720240091,07.20 OD SGS 2045,7.2,27/Feb/2045,93.4863,7.8748
IN2120230221,07.42 MP SGS 2045,7.42,28/Feb/2045,95.6070,7.8748
IN4520220414,07.58 TS SGS 2045,7.58,01/Mar/2045,97.1498,7.8748
IN2120240196,07.27 MP SGS 2045,7.27,05/Mar/2045,94.1603,7.8748
IN1120240032,07.24 AR SGS 2045,7.24,12/Mar/2045,93.8703,7.8748
IN1220240213,07.24 AS SGS 2045,7.24,12/Mar/2045,93.8703,7.8748
IN2920230504,07.37 RJ SGS 2045,7.37,13/Mar/2045,95.1249,7.8748
IN1620250416,07.73 HR SGS 2045 18 MAR,7.73,18/Mar/2045,98.6006,7.8748
IN4520250759,07.75 TS SGS 2045,7.75,18/Mar/2045,98.7937,7.8748
IN3420250430,07.79 WB SGS 2045,7.79,18/Mar/2045,99.1799,7.8748
IN3120240723,07.18 TN SGS 2045,7.18,19/Mar/2045,93.2907,7.8748
IN3420240266,07.18 WB SGS 2045,7.18,19/Mar/2045,93.2907,7.8748
IN1220240239,07.10 AS SGS 2045,7.1,26/Mar/2045,92.5136,7.8748
IN2820240298,07.10 PN SGS 2045,7.1,26/Mar/2045,92.5136,7.8748
IN3420240290,07.10 WB SGS 2045,7.1,26/Mar/2045,92.5136,7.8748
IN2820250016,06.88 PN SGS 2045,6.88,04/Apr/2045,90.3807,7.8748
IN1220250022,06.79 AS SGS 2045,6.79,07/May/2045,89.4796,7.8748
IN2820250040,06.79 PN SGS 2045,6.79,07/May/2045,89.4796,7.8748
IN2820250057,06.88 PN SGS 2045 14 MAY,6.88,14/May/2045,90.3455,7.8748
IN1020240199,07.42 AP SGS 2045,7.42,15/May/2045,95.5770,7.8748
IN2920240107,07.34 RJ SGS 2045,7.34,29/May/2045,94.7953,7.8748
IN1720250043,06.92 HP SGS 2045,6.92,04/Jun/2045,90.7186,7.8748
IN3120250086,06.92 TN SGS 2045,6.92,04/Jun/2045,90.7186,7.8748
IN4520250122,06.92 TS SGS 2045,6.92,04/Jun/2045,90.7186,7.8748
IN3420250018,06.92 WB SGS 2045,6.92,04/Jun/2045,90.7186,7.8748
IN4520230082,07.35 TS SGS 2045,7.35,14/Jun/2045,94.8863,7.8748
IN4520230090,07.40 TS SGS 2045,7.4,28/Jun/2045,95.3674,7.8748
IN2220250137,07.15 MH SGS 2045,7.15,02/Jul/2045,92.9366,7.8748
IN1020240389,07.36 AP SGS 2045,7.36,03/Jul/2045,94.9773,7.8748
IN4520220075,07.92 TS SDL 2045,7.92,06/Jul/2045,100.4208,7.8748
IN2220250160,07.14 MH SGS 2045,7.14,09/Jul/2045,92.8365,7.8748
IN4920250086,07.18 JK SGS 2045 16 JUL,7.18,16/Jul/2045,93.2230,7.8748
IN2020250097,07.10 KL SGS 2045,7.1,23/Jul/2045,92.4422,7.8748
IN2920240214,07.34 RJ SGS 2045 31 JUL,7.34,31/Jul/2045,94.7768,7.8748
IN2120250104,07.24 MP SGS 2045,7.24,06/Aug/2045,93.8017,7.8748
IN2120240022,07.28 MP SGS 2045,7.28,07/Aug/2045,94.1912,7.8748
IN4920240129,07.29 JK SGS 2045,7.29,07/Aug/2045,94.2886,7.8748
IN2920220158,07.93 RJ SDL 2045,7.93,10/Aug/2045,100.5244,7.8748
IN4520240271,07.28 TS SGS 2045,7.28,14/Aug/2045,94.1901,7.8748
IN2220240161,07.22 MH SGS 2045,7.22,21/Aug/2045,93.6041,7.8748
IN4520220125,07.74 TS SGS 2045,7.74,24/Aug/2045,98.6754,7.8748
IN2120240048,07.22 MP SGS 2045,7.22,28/Aug/2045,93.6031,7.8748
IN2120250138,07.57 MP SGS 2045,7.57,28/Aug/2045,97.0177,7.8748
IN2020250154,07.78 KL SGS 2045,7.78,03/Sep/2045,99.0678,7.8748
IN2220240245,07.25 MH SGS 2045,7.25,04/Sep/2045,93.8952,7.8748
IN3420240092,07.25 WB SGS 2045,7.25,04/Sep/2045,93.8952,7.8748
IN4920250128,07.51 JK SGS 2045,7.51,10/Sep/2045,96.4335,7.8748
IN2020240155,07.23 KL SGS 2045,7.23,11/Sep/2045,93.6994,7.8748
IN4520230249,07.44 TS SGS 2045,7.44,13/Sep/2045,95.7502,7.8748
IN1220250113,07.47 AS SGS 2045,7.47,17/Sep/2045,96.0437,7.8748
IN1320250120,07.45 BR SGS 2045,7.45,24/Sep/2045,95.8468,7.8748
IN3420240118,07.15 WB SGS 2045,7.15,25/Sep/2045,92.9140,7.8748
IN2120250187,07.48 MP SGS 2045,7.48,01/Oct/2045,96.1357,7.8748
IN1020250321,07.50 AP SGS 2045,7.5,01/Oct/2045,96.3312,7.8748
IN3420250141,07.56 WB SGS 2045,7.56,01/Oct/2045,96.9179,7.8748
IN2020230156,07.49 KL SGS 2045,7.49,04/Oct/2045,96.2317,7.8748
IN1320250161,07.31 BR SGS 2045,7.31,15/Oct/2045,94.4641,7.8748
IN4920250151,07.31 JK SGS 2045,7.31,15/Oct/2045,94.4641,7.8748
IN4520240347,07.11 TS SGS 2045,7.11,16/Oct/2045,92.5062,7.8748
IN2920240347,07.16 RJ SGS 2045,7.16,30/Oct/2045,92.9858,7.8748
IN4520230314,07.67 TS SGS 2045,7.67,01/Nov/2045,97.9806,7.8748
IN2020220090,07.80 KL SGS 2045,7.8,02/Nov/2045,99.2537,7.8748
IN2020250196,07.48 KL SGS 2045,7.48,06/Nov/2045,96.1173,7.8748
IN4920250177,07.46 JK SGS 2045,7.46,12/Nov/2045,95.9186,7.8748
IN1120250015,07.50 AR SGS 2045,7.5,19/Nov/2045,96.3080,7.8748
IN1320250187,07.46 BR SGS 2045,7.46,26/Nov/2045,95.9131,7.8748
IN4520240396,07.10 TS SGS 2045,7.1,04/Dec/2045,92.3769,7.8748
IN4520210191,06.96 TS SDL 2045,6.96,08/Dec/2045,91.0003,7.8748
IN2220250418,07.48 MH SGS 2045,7.48,10/Dec/2045,96.1047,7.8748
IN1120250023,07.55 AR SGS 2045,7.55,10/Dec/2045,96.7920,7.8748
IN4920250201,07.60 JK SGS 2045,7.6,24/Dec/2045,97.2803,7.8748
IN3420250216,07.60 WB SGS 2045,7.6,24/Dec/2045,97.2803,7.8748
IN2120240121,07.14 MP SGS 2045,7.14,26/Dec/2045,92.7590,7.8748
IN1220250139,07.56 AS SGS 2045,7.56,31/Dec/2045,96.8863,7.8748
IN3520250058,07.59 CG SGS 2046,7.59,07/Jan/2046,97.0239,7.8911
IN3420250307,07.63 WB SGS 2046,7.63,14/Jan/2046,97.4164,7.8911
IN2720250140,07.59 OD SGS 2046,7.59,21/Jan/2046,97.0228,7.8911
IN1220250162,07.62 AS SGS 2046,7.62,21/Jan/2046,97.3178,7.8911
IN4520230405,07.59 TS SGS 2046,7.59,24/Jan/2046,97.0227,7.8911
IN2920200630,06.88 RJ SDL 2046,6.88,03/Feb/2046,90.0363,7.8911
IN3420250349,07.67 WB SGS 2046,7.67,04/Feb/2046,97.8098,7.8911
IN4520240495,07.19 TS SGS 2046,7.19,05/Feb/2046,93.0862,7.8911
IN1220250196,07.87 AS SGS 2046,7.87,11/Feb/2046,99.7794,7.8911
IN4520230439,07.44 TS SGS 2046,7.44,14/Feb/2046,95.5459,7.8911
IN4920250243,07.74 JK SGS 2046,7.74,18/Feb/2046,98.5006,7.8911
IN1220250204,07.76 AS SGS 2046,7.76,18/Feb/2046,98.6976,7.8911
IN3320250225,07.71 UP SGS 2046,7.71,25/Feb/2046,98.2063,7.8911
IN2120230239,07.42 MP SGS 2046,7.42,28/Feb/2046,95.3487,7.8911
IN2920200754,07.20 RJ SDL 2046,7.2,03/Mar/2046,93.1798,7.8911
IN4520250726,07.67 TS SGS 2046,7.67,04/Mar/2046,97.8138,7.8911
IN1720250134,07.69 HP SGS 2046,7.69,04/Mar/2046,98.0110,7.8911
IN4520220430,07.72 TS SGS 2046,7.72,08/Mar/2046,98.3077,7.8911
IN1120250031,07.75 AR SGS 2046,7.75,11/Mar/2046,98.6044,7.8911
IN4920250276,07.80 JK SGS 2046,7.8,18/Mar/2046,99.0999,7.8911
IN2120240253,07.18 MP SGS 2046,7.18,19/Mar/2046,92.9812,7.8911
IN2720240190,07.18 OD SGS 2046,7.18,19/Mar/2046,92.9812,7.8911
IN3420240274,07.18 WB SGS 2046,7.18,19/Mar/2046,92.9812,7.8911
IN1020250610,07.88 AP SGS 2046,7.88,25/Mar/2046,100.2078,7.8588
IN2020250329,07.88 KL SGS 2046,7.88,25/Mar/2046,99.8890,7.8911
IN3620250123,07.88 UK SGS 2046,7.88,25/Mar/2046,99.8890,7.8911
IN3320250266,07.88 UP SGS 2046,7.88,25/Mar/2046,99.8890,7.8911
IN3420240308,07.10 WB SGS 2046,7.1,26/Mar/2046,92.1872,7.8911
IN3220250085,08.00 TR SGS 2046,8,30/Mar/2046,101.0720,7.8911
IN2020250345,08.04 KL SGS 2046,8.04,30/Mar/2046,101.4671,7.8911
IN2820250024,06.88 PN SGS 2046,6.88,04/Apr/2046,90.0075,7.8911
IN1220260013,07.83 AS SGS 2046,7.83,29/Apr/2046,99.3831,7.8911
IN2020250014,06.78 KL SGS 2046,6.78,30/Apr/2046,88.9957,7.8911
IN3420230028,07.46 WB SGS 2046,7.46,03/May/2046,95.7211,7.8911
IN4520250080,06.86 TS SGS 2046,6.86,14/May/2046,89.7759,7.8911
IN1020240207,07.42 AP SGS 2046,7.42,15/May/2046,95.3198,7.8911
IN3120210056,06.97 TN SDL 2046,6.97,25/May/2046,90.8575,7.8911
IN2820250065,06.89 PN SGS 2046,6.89,28/May/2046,90.0629,7.8911
IN3120210064,07.03 TN SDL 2046,7.03,02/Jun/2046,91.4477,7.8911
IN4920260010,07.91 JK SGS 2046,7.91,03/Jun/2046,100.1692,7.8911
IN1020240280,07.43 AP SGS 2046,7.43,05/Jun/2046,95.4110,7.8911
IN4920240046,07.43 JK SGS 2046,7.43,05/Jun/2046,95.4110,7.8911
IN2920210134,07.07 RJ SDL 2046,7.07,09/Jun/2046,91.8403,7.8911
IN3320260042,07.82 UP SGS 2046,7.82,10/Jun/2046,99.1223,7.9067
IN4920250060,07.08 JK SGS 2046 25 JUN,7.08,25/Jun/2046,91.9315,7.8911
IN2020210083,07.13 KL SDL 2046,7.13,30/Jun/2046,92.4256,7.8911
IN2220250145,07.15 MH SGS 2046,7.15,02/Jul/2046,92.6234,7.8911
IN4920240087,07.36 JK SGS 2046,7.36,03/Jul/2046,94.7081,7.8911
IN2020240072,07.42 KL SGS 2046,7.42,03/Jul/2046,95.3039,7.8911
IN2220250178,07.14 MH SGS 2046,7.14,09/Jul/2046,92.5215,7.8911
IN2920240180,07.36 RJ SGS 2046,7.36,10/Jul/2046,94.7064,7.8911
IN4520230157,07.34 TS SGS 2046,7.34,19/Jul/2046,94.5058,7.8911
IN4920240111,07.35 JK SGS 2046,7.35,31/Jul/2046,94.6033,7.8911
IN4520240248,07.28 TS SGS 2046,7.28,07/Aug/2046,93.9059,7.8911
IN4520220133,07.74 TS SGS 2046,7.74,24/Aug/2046,98.4856,7.8911
IN1020240470,07.23 AP SGS 2046,7.23,28/Aug/2046,93.4054,7.8911
IN2920240263,07.23 RJ SGS 2046,7.23,28/Aug/2046,93.4054,7.8911
IN3420250091,07.77 WB SGS 2046,7.77,28/Aug/2046,98.7853,7.8911
IN4520240297,07.25 TS SGS 2046,7.25,04/Sep/2046,93.6043,7.8911
IN1120260014,07.94 AR SGS 2046,7.94,16/Sep/2046,100.2309,7.9166
IN3420250125,07.47 WB SGS 2046,7.47,17/Sep/2046,95.7983,7.8911
IN2120250179,07.44 MP SGS 2046,7.44,24/Sep/2046,95.4976,7.8911
IN2920240313,07.13 RJ SGS 2046,7.13,25/Sep/2046,92.4034,7.8911
IN1020250339,07.50 AP SGS 2046,7.5,01/Oct/2046,96.0921,7.8911
IN2120250203,07.40 MP SGS 2046,7.4,29/Oct/2046,95.0777,7.8911
IN2020230164,07.66 KL SGS 2046,7.66,01/Nov/2046,97.6763,7.8911
IN2920230314,07.59 RJ SGS 2046,7.59,08/Nov/2046,96.9738,7.8911
IN3120210247,06.92 TN SDL 2046,6.92,01/Dec/2046,90.2564,7.8911
IN4520250585,07.55 TS SGS 2046,7.55,03/Dec/2046,96.5654,7.8911
IN4920240186,07.08 JK SGS 2046,7.08,11/Dec/2046,91.8536,7.8911
IN2920240404,07.10 RJ SGS 2046,7.1,18/Dec/2046,92.0507,7.8911
IN4520240404,07.10 TS SGS 2046,7.1,18/Dec/2046,92.0507,7.8911
IN2120250302,07.54 MP SGS 2046,7.54,31/Dec/2046,96.4593,7.8911
IN3420250240,07.57 WB SGS 2046,7.57,31/Dec/2046,96.8476,7.8822
IN2120240147,07.12 MP SGS 2047,7.12,01/Jan/2047,92.0296,7.9140
IN1020250495,07.59 AP SGS 2047,7.59,07/Jan/2047,96.7357,7.9140
IN3420250273,07.60 WB SGS 2047,7.6,07/Jan/2047,96.8359,7.9140
IN4920240228,07.20 JK SGS 2047,7.2,15/Jan/2047,92.8261,7.9140
IN4520230397,07.60 TS SGS 2047,7.6,17/Jan/2047,96.8351,7.9140
IN3420250323,07.62 WB SGS 2047,7.62,28/Jan/2047,97.0354,7.9140
IN4520240461,07.11 TS SGS 2047,7.11,29/Jan/2047,91.9196,7.9140
IN2020250246,07.64 KL SGS 2047,7.64,04/Feb/2047,97.2362,7.9140
IN4520240503,07.18 TS SGS 2047,7.18,05/Feb/2047,92.6204,7.9140
IN2120250393,07.84 MP SGS 2047,7.84,11/Feb/2047,99.2442,7.9140
IN4520250700,07.84 TS SGS 2047,7.84,11/Feb/2047,99.2442,7.9140
IN3420250364,07.84 WB SGS 2047,7.84,11/Feb/2047,99.2442,7.9140
IN3120210338,07.13 TN SDL 2047,7.13,16/Feb/2047,92.1162,7.9140
IN1020250560,07.70 AP SGS 2047,7.7,25/Feb/2047,97.8409,7.9140
IN2220250509,07.66 MH SGS 2047,7.66,04/Mar/2047,97.4405,7.9140
IN4520240529,07.27 TS SGS 2047,7.27,05/Mar/2047,93.5204,7.9140
IN2120250492,07.74 MP SGS 2047,7.74,11/Mar/2047,97.9715,7.9417
IN2120240238,07.23 MP SGS 2047,7.23,12/Mar/2047,93.1180,7.9140
IN2720240166,07.23 OD SGS 2047,7.23,12/Mar/2047,93.1180,7.9140
IN3420240282,07.18 WB SGS 2047,7.18,19/Mar/2047,92.6148,7.9140
IN3120210494,07.43 TN SDL 2047,7.43,23/Mar/2047,95.1289,7.9140
IN3420250463,07.84 WB SGS 2047 25 MAR,7.84,25/Mar/2047,99.2538,7.9140
IN3420240316,07.10 WB SGS 2047,7.1,26/Mar/2047,91.8057,7.9140
IN2120220149,07.77 MP SGS 2047,7.77,29/Mar/2047,98.5474,7.9140
IN4520250015,06.87 TS SGS 2047,6.87,09/Apr/2047,89.4791,7.9140
IN4520260055,07.82 TS SGS 2047,7.82,22/Apr/2047,99.0419,7.9140
IN2920250023,06.78 RJ SGS 2047,6.78,30/Apr/2047,88.5544,7.9140
IN4520250098,06.86 TS SGS 2047,6.86,14/May/2047,89.3503,7.9140
IN1020240215,07.41 AP SGS 2047,7.41,15/May/2047,94.8988,7.9140
IN2020250030,06.84 KL SGS 2047,6.84,21/May/2047,89.1434,7.9140
IN2920250031,06.85 RJ SGS 2047,6.85,21/May/2047,89.2443,7.9140
IN3420250026,07.11 WB SGS 2047,7.11,18/Jun/2047,91.8547,7.9140
IN2920220075,07.81 RJ SDL 2047,7.81,29/Jun/2047,98.9294,7.9140
IN2220250152,07.15 MH SGS 2047,7.15,02/Jul/2047,92.2535,7.9140
IN2220250186,07.12 MH SGS 2047,7.12,16/Jul/2047,92.6745,7.8377
IN3420260058,07.71 WB SGS 2047,7.71,22/Jul/2047,97.6722,7.9386
IN1720250068,07.28 HP SGS 2047,7.28,30/Jul/2047,93.5619,7.9140
IN4520250270,07.21 TS SGS 2047,7.21,06/Aug/2047,92.8516,7.9140
IN4520230207,07.45 TS SGS 2047,7.45,17/Aug/2047,95.2834,7.9140
IN3420250109,07.75 WB SGS 2047,7.75,28/Aug/2047,98.3277,7.9140
IN1020240512,07.25 AP SGS 2047,7.25,04/Sep/2047,93.2541,7.9140
IN3520260081,07.99 CG SGS 2047,7.99,16/Sep/2047,100.5271,7.9378
IN2020240163,07.14 KL SGS 2047,7.14,19/Sep/2047,92.1365,7.9140
IN4520250395,07.44 TS SGS 2047,7.44,24/Sep/2047,95.1825,7.9140
IN2020220074,07.70 KL SGS 2047,7.7,04/Oct/2047,97.8195,7.9140
IN2120250211,07.40 MP SGS 2047,7.4,29/Oct/2047,94.7556,7.9140
IN1020240579,07.16 AP SGS 2047,7.16,30/Oct/2047,92.3122,7.9140
IN4520240354,07.16 TS SGS 2047,7.16,30/Oct/2047,92.3122,7.9140
IN1020240595,07.15 AP SGS 2047,7.15,06/Nov/2047,92.2067,7.9140
IN3120220212,07.63 TN SGS 2047,7.63,23/Nov/2047,97.0887,7.9140
IN4520220273,07.53 TS SGS 2047,7.53,07/Dec/2047,96.0655,7.9140
IN4520240412,07.10 TS SGS 2047,7.1,18/Dec/2047,91.6754,7.9140
IN3420250224,07.59 WB SGS 2047,7.59,24/Dec/2047,96.6741,7.9140
IN4520250676,07.58 TS SGS 2048,7.58,28/Jan/2048,96.9658,7.8743
IN2020220157,07.65 KL SGS 2048,7.65,01/Feb/2048,97.6839,7.8743
IN2120250369,07.63 MP SGS 2048,7.63,04/Feb/2048,97.4789,7.8743
IN2920220281,07.56 RJ SGS 2048,7.56,08/Feb/2048,96.7609,7.8743
IN4520220398,07.56 TS SGS 2048,7.56,08/Feb/2048,96.7609,7.8743
IN3420250380,07.74 WB SGS 2048,7.74,18/Feb/2048,98.6097,7.8743
IN2120240170,07.18 MP SGS 2048,7.18,20/Feb/2048,92.8597,7.8743
IN2920220307,07.58 RJ SGS 2048,7.58,01/Mar/2048,96.9687,7.8743
IN2120240204,07.27 MP SGS 2048,7.27,05/Mar/2048,93.7835,7.8743
IN3420250422,07.70 WB SGS 2048,7.7,11/Mar/2048,98.2042,7.8743
IN2120220123,07.66 MP SGS 2048,7.66,15/Mar/2048,97.7940,7.8743
IN2020250287,07.77 KL SGS 2048,7.77,18/Mar/2048,98.9261,7.8743
IN4520220463,07.74 TS SGS 2048,7.74,23/Mar/2048,98.6176,7.8743
IN3220250093,08.04 TR SGS 2048,8.04,30/Mar/2048,101.7015,7.8743
IN2920230033,07.59 RJ SGS 2048,7.59,19/Apr/2048,97.0619,7.8743
IN3520260040,07.82 CG SGS 2048,7.82,29/Apr/2048,99.4278,7.8743
IN2120260046,07.83 MP SGS 2048,7.83,29/Apr/2048,100.0366,7.8252
IN2020230016,07.46 KL SGS 2048,7.46,03/May/2048,95.7166,7.8743
IN4520230033,07.46 TS SGS 2048 03 MAY,7.46,03/May/2048,95.7166,7.8743
IN4520240073,07.42 TS SGS 2048,7.42,08/May/2048,95.3022,7.8743
IN4520230041,07.32 TS SGS 2048,7.32,17/May/2048,94.2673,7.8743
IN2920250056,06.89 RJ SGS 2048,6.89,28/May/2048,89.8260,7.8743
IN1020240249,07.34 AP SGS 2048,7.34,29/May/2048,94.4688,7.8743
IN2920230090,07.39 RJ SGS 2048,7.39,28/Jun/2048,94.9767,7.8743
IN1020240397,07.36 AP SGS 2048,7.36,03/Jul/2048,94.6656,7.8743
IN2820230083,07.43 PN SGS 2048,7.43,05/Jul/2048,95.3888,7.8743
IN2920230116,07.43 RJ SGS 2048,7.43,05/Jul/2048,95.3888,7.8743
IN2220250194,07.13 MH SGS 2048,7.13,16/Jul/2048,92.2845,7.8743
IN3620260056,07.70 UK SGS 2048,7.7,22/Jul/2048,97.8497,7.9067
IN4520250288,07.21 TS SGS 2048,7.21,06/Aug/2048,93.1082,7.8743
IN2120250112,07.22 MP SGS 2048,7.22,06/Aug/2048,93.2117,7.8743
IN2820230091,07.43 PN SGS 2048 09 AUG,7.43,09/Aug/2048,95.3858,7.8743
IN2120260087,07.66 MP SGS 2048 19 AUG,7.66,19/Aug/2048,97.5999,7.8909
IN1620260027,07.69 HR SGS 2048,7.69,27/Aug/2048,98.0811,7.8743
IN2920260113,07.76 RJ SGS 2048,7.76,09/Sep/2048,98.8099,7.8743
IN4520220166,07.46 TS SGS 2048,7.46,14/Sep/2048,95.6994,7.8743
IN4520250403,07.44 TS SGS 2048,7.44,24/Sep/2048,95.4912,7.8743
IN2120250195,07.51 MP SGS 2048,7.51,01/Oct/2048,96.2138,7.8743
IN1020240546,07.14 AP SGS 2048,7.14,03/Oct/2048,92.3711,7.8743
IN2920230280,07.65 RJ SGS 2048,7.65,01/Nov/2048,97.6551,7.8743
IN4920230153,07.56 JK SGS 2048,7.56,22/Nov/2048,96.7125,7.8743
IN4520250544,07.45 TS SGS 2048,7.45,26/Nov/2048,95.5666,7.8743
IN2120250278,07.54 MP SGS 2048,7.54,03/Dec/2048,96.5014,7.8743
IN4920230195,07.71 JK SGS 2048,7.71,20/Dec/2048,98.2692,7.8743
IN4520250619,07.59 TS SGS 2048,7.59,24/Dec/2048,97.0184,7.8743
IN4520240438,07.13 TS SGS 2049,7.13,08/Jan/2049,92.4101,7.8550
IN4520240479,07.08 TS SGS 2049,7.08,29/Jan/2049,91.8824,7.8550
IN4520240511,07.18 TS SGS 2049,7.18,05/Feb/2049,92.9270,7.8550
IN4920230237,07.46 JK SGS 2049,7.46,14/Feb/2049,95.8553,7.8550
IN2120250435,07.72 MP SGS 2049,7.72,18/Feb/2049,98.5763,7.8550
IN2020220165,07.58 KL SGS 2049,7.58,01/Mar/2049,97.1133,7.8550
IN3420250406,07.69 WB SGS 2049,7.69,04/Mar/2049,98.2658,7.8550
IN4520240537,07.27 TS SGS 2049,7.27,05/Mar/2049,93.8673,7.8550
IN4520230454,07.38 TS SGS 2049,7.38,06/Mar/2049,95.0195,7.8550
IN2020250279,07.68 KL SGS 2049,7.68,11/Mar/2049,98.1630,7.8550
IN4520240545,07.23 TS SGS 2049,7.23,12/Mar/2049,93.4486,7.8550
IN4520180204,08.38 TS SDL 2049,8.38,13/Mar/2049,105.4978,7.8550
IN4920230260,07.36 JK SGS 2049,7.36,13/Mar/2049,94.8107,7.8550
IN3420250448,07.76 WB SGS 2049,7.76,18/Mar/2049,99.0034,7.8550
IN2120240261,07.18 MP SGS 2049,7.18,19/Mar/2049,92.9250,7.8550
IN2020230255,07.42 KL SGS 2049,7.42,20/Mar/2049,95.4405,7.8550
IN2920220331,07.74 RJ SGS 2049,7.74,23/Mar/2049,98.7939,7.8550
IN3420250489,08.06 WB SGS 2049,8.06,30/Mar/2049,102.1462,7.8550
IN2220260037,08.07 MH SGS 2049,8.07,08/Apr/2049,102.7753,7.8059
IN2920260048,07.81 RJ SGS 2049,7.81,22/Apr/2049,99.5172,7.8550
IN2020260047,07.83 KL SGS 2049,7.83,29/Apr/2049,99.7252,7.8550
IN4920240012,07.41 JK SGS 2049,7.41,15/May/2049,95.3094,7.8550
IN2020230024,07.29 KL SGS 2049,7.29,24/May/2049,94.0450,7.8550
IN1020240256,07.34 AP SGS 2049,7.34,29/May/2049,94.5688,7.8550
IN4520230058,07.32 TS SGS 2049,7.32,31/May/2049,94.3582,7.8550
IN1020240298,07.38 AP SGS 2049,7.38,05/Jun/2049,94.9874,7.8550
IN4920240053,07.35 JK SGS 2049,7.35,12/Jun/2049,94.6699,7.8550
IN1720260034,07.77 HP SGS 2049,7.77,24/Jun/2049,99.0869,7.8550
IN4520260089,07.65 TS SGS 2049,7.65,01/Jul/2049,97.3169,7.9041
IN4520250205,07.14 TS SGS 2049,7.14,02/Jul/2049,92.4545,7.8550
IN4920240095,07.38 JK SGS 2049,7.38,10/Jul/2049,94.9798,7.8550
IN2220250202,07.15 MH SGS 2049,7.15,16/Jul/2049,92.5562,7.8550
IN2820250081,07.19 PN SGS 2049,7.19,16/Jul/2049,92.9776,7.8550
IN1020240447,07.34 AP SGS 2049 31 JUL,7.34,31/Jul/2049,94.5563,7.8550
IN2920240222,07.35 RJ SGS 2049,7.35,31/Jul/2049,94.6617,7.8550
IN4520250296,07.19 TS SGS 2049,7.19,06/Aug/2049,92.9744,7.8550
IN2220240138,07.26 MH SGS 2049,7.26,07/Aug/2049,93.7124,7.8550
IN4920240137,07.27 JK SGS 2049,7.27,14/Aug/2049,93.8174,7.8550
IN2220260094,07.70 MH SGS 2049,7.7,27/Aug/2049,98.3556,7.8550
IN2220240211,07.22 MH SGS 2049,7.22,28/Aug/2049,93.2894,7.8550
IN3420240084,07.23 WB SGS 2049,7.23,28/Aug/2049,93.3950,7.8550
IN4520220174,07.46 TS SGS 2049,7.46,14/Sep/2049,95.8250,7.8550
IN4520250411,07.44 TS SGS 2049,7.44,24/Sep/2049,95.6133,7.8550
IN2820240215,07.14 PN SGS 2049,7.14,25/Sep/2049,92.4422,7.8550
IN2920230215,07.43 RJ SGS 2049,7.43,27/Sep/2049,95.5059,7.8550
IN1320250153,07.57 BR SGS 2049,7.57,01/Oct/2049,96.9836,7.8550
IN4520190112,07.35 TS SDL 2049,7.35,09/Oct/2049,94.6534,7.8550
IN4920240160,07.16 JK SGS 2049,7.16,09/Oct/2049,92.6443,7.8550
IN2720250108,07.28 OD SGS 2049,7.28,15/Oct/2049,93.9099,7.8550
IN4520240362,07.16 TS SGS 2049,7.16,30/Oct/2049,92.6321,7.8550
IN2920230348,07.64 RJ SGS 2049,7.64,29/Nov/2049,97.7044,7.8550
IN4920240194,07.10 JK SGS 2049,7.1,18/Dec/2049,91.9751,7.8550
IN1320250260,07.60 BR SGS 2050,7.6,28/Jan/2050,97.0863,7.8732
IN2920240420,07.10 RJ SGS 2050,7.1,29/Jan/2050,91.7827,7.8732
IN4520240487,07.10 TS SGS 2050,7.1,29/Jan/2050,91.7827,7.8732
IN2020240262,07.18 KL SGS 2050,7.18,05/Feb/2050,92.6305,7.8732
IN3120190266,06.94 TN SDL 2050,6.94,11/Mar/2050,90.0783,7.8732
IN4520230470,07.36 TS SGS 2050,7.36,13/Mar/2050,94.5421,7.8732
IN2020220173,07.66 KL SGS 2050,7.66,15/Mar/2050,97.7312,7.8732
IN2020240304,07.18 KL SGS 2050 19 MAR,7.18,19/Mar/2050,92.6293,7.8732
IN4520230504,07.48 TS SGS 2050,7.48,27/Mar/2050,95.8158,7.8732
IN2020230289,07.53 KL SGS 2050,7.53,27/Mar/2050,96.3475,7.8732
IN2920220364,07.83 RJ SGS 2050,7.83,29/Mar/2050,99.5371,7.8732
IN2120250534,08.09 MP SGS 2050,8.09,30/Mar/2050,102.3021,7.8732
IN2020240023,07.47 KL SGS 2050,7.47,02/May/2050,95.6928,7.8732
IN4520250106,06.85 TS SGS 2050,6.85,14/May/2050,89.0830,7.8732
IN3120200123,06.74 TN SDL 2050,6.74,10/Jun/2050,87.8957,7.8732
IN2820250073,07.13 PN SGS 2050,7.13,11/Jun/2050,92.0546,7.8732
IN3120200131,06.69 TN SDL 2050,6.69,17/Jun/2050,87.3587,7.8732
IN2920200176,06.70 RJ SDL 2050,6.7,24/Jun/2050,87.4618,7.8732
IN3120200164,06.70 TN SDL 2050,6.7,24/Jun/2050,87.4618,7.8732
IN3420250034,07.10 WB SGS 2050,7.1,25/Jun/2050,91.7298,7.8732
IN2920200192,06.67 RJ SDL 2050,6.67,01/Jul/2050,87.1382,7.8732
IN1720250050,07.15 HP SGS 2050,7.15,02/Jul/2050,92.2614,7.8732
IN4520230124,07.43 TS SGS 2050,7.43,05/Jul/2050,95.2498,7.8732
IN4520200119,06.64 TS SDL 2050,6.64,08/Jul/2050,86.8146,7.8732
IN2820200086,06.65 PN SDL 2050,6.65,08/Jul/2050,86.9214,7.8732
IN2920200226,06.55 RJ SDL 2050,6.55,15/Jul/2050,85.8502,7.8732
IN2220250210,07.16 MH SGS 2050,7.16,16/Jul/2050,92.3649,7.8732
IN3120200230,06.49 TN SDL 2050,6.49,22/Jul/2050,85.2059,7.8732
IN4520200127,06.49 TS SDL 2050,6.49,29/Jul/2050,85.2027,7.8732
IN2720250041,07.16 OD SGS 2050,7.16,30/Jul/2050,92.3625,7.8732
IN4520240214,07.31 TS SGS 2050,7.31,31/Jul/2050,93.9656,7.8732
IN2920200291,06.50 RJ SDL 2050,6.5,05/Aug/2050,85.3070,7.8732
IN4520200135,06.52 TS SDL 2050,6.52,05/Aug/2050,85.5207,7.8732
IN3120200263,06.67 TN SDL 2050,6.67,19/Aug/2050,87.1197,7.8732
IN4520200143,06.69 TS SDL 2050,6.69,19/Aug/2050,87.3336,7.8732
IN2220240179,07.22 MH SGS 2050,7.22,21/Aug/2050,93.0023,7.8732
IN2020250147,07.58 KL SGS 2050,7.58,28/Aug/2050,96.8542,7.8732
IN4520200150,06.71 TS SDL 2050,6.71,02/Sep/2050,87.5444,7.8732
IN2220240252,07.26 MH SGS 2050,7.26,04/Sep/2050,93.4305,7.8732
IN2020250170,07.44 KL SGS 2050,7.44,24/Sep/2050,95.3582,7.8732
IN1320250138,07.45 BR SGS 2050,7.45,24/Sep/2050,95.4653,7.8732
IN4520200176,06.94 TS SDL 2050,6.94,30/Sep/2050,89.9977,7.8732
IN4520200184,06.94 TS SDL 2050 14 OCT,6.94,14/Oct/2050,89.9879,7.8732
IN2220250350,07.29 MH SGS 2050,7.29,23/Oct/2050,93.7350,7.8732
IN4520200192,06.78 TS SDL 2050,6.78,28/Oct/2050,88.2629,7.8732
IN4520200200,06.80 TS SDL 2050,6.8,04/Nov/2050,88.4734,7.8732
IN4920230138,07.58 JK SGS 2050,7.58,08/Nov/2050,96.8394,7.8732
IN4520200218,06.80 TS SDL 2050 11 NOV,6.8,11/Nov/2050,88.4690,7.8732
IN4520200226,06.73 TS SDL 2050,6.73,25/Nov/2050,87.7093,7.8732
IN2020250204,07.45 KL SGS 2050,7.45,26/Nov/2050,95.4387,7.8732
IN4520200234,06.74 TS SDL 2050,6.74,02/Dec/2050,87.8127,7.8732
IN4920230179,07.64 JK SGS 2050,7.64,06/Dec/2050,97.4767,7.8732
IN4520200259,06.67 TS SDL 2050,6.67,16/Dec/2050,87.0533,7.8732
IN2820200177,06.65 PN SDL 2050 30 DEC,6.65,30/Dec/2050,86.8313,7.8732
IN4520240420,07.12 TS SGS 2051,7.12,01/Jan/2051,91.7003,7.8915
IN4520200283,06.64 TS SDL 2051,6.64,06/Jan/2051,86.5456,7.8915
IN2820200185,06.63 PN SDL 2051,6.63,13/Jan/2051,86.4351,7.8915
IN1320250245,07.65 BR SGS 2051,7.65,14/Jan/2051,97.3890,7.8915
IN4520200317,06.61 TS SDL 2051,6.61,27/Jan/2051,86.2145,7.8915
IN2920240438,07.10 RJ SGS 2051,7.1,29/Jan/2051,91.4793,7.8915
IN3120200354,06.85 TN SDL 2051,6.85,03/Feb/2051,88.7917,7.8915
IN2920200671,06.97 RJ SDL 2051,6.97,10/Feb/2051,90.0801,7.8915
IN2920200713,06.97 RJ SDL 2051 17 FEB,6.97,17/Feb/2051,90.0790,7.8915
IN4520200333,07.00 TS SDL 2051,7,17/Feb/2051,90.4016,7.8915
IN4520200358,07.20 TS SDL 2051,7.2,10/Mar/2051,92.5525,7.8915
IN1020250628,07.79 AP SGS 2051,7.79,25/Mar/2051,98.9056,7.8915
IN4920250284,07.79 JK SGS 2051,7.79,25/Mar/2051,98.9056,7.8915
IN3320250274,07.79 UP SGS 2051,7.79,25/Mar/2051,98.9056,7.8915
IN3420250471,07.79 WB SGS 2051,7.79,25/Mar/2051,98.9056,7.8915
IN2020220199,07.76 KL SGS 2051,7.76,29/Mar/2051,98.5807,7.8915
IN3320250282,08.09 UP SGS 2051,8.09,30/Mar/2051,102.1352,7.8915
IN1020260023,08.07 AP SGS 2051,8.07,08/Apr/2051,101.9173,7.8915
IN4520240024,07.44 TS SGS 2051,7.44,10/Apr/2051,95.1277,7.8915
IN1320260012,07.92 BR SGS 2051,7.92,15/Apr/2051,100.2988,7.8915
IN4520210019,06.89 TS SDL 2051,6.89,20/Apr/2051,89.1940,7.8915
IN4520210027,06.96 TS SDL 2051,6.96,05/May/2051,89.9396,7.8915
IN3120210023,06.96 TN SDL 2051,6.96,19/May/2051,89.9320,7.8915
IN2920250049,06.85 RJ SGS 2051,6.85,21/May/2051,88.7439,7.8915
IN4920240020,07.38 JK SGS 2051,7.38,22/May/2051,94.4632,7.8915
IN2020250048,06.89 KL SGS 2051,6.89,28/May/2051,89.1720,7.8915
IN3120210072,07.03 TN SDL 2051,7.03,02/Jun/2051,90.6815,7.8915
IN2020230040,07.29 KL SGS 2051,7.29,07/Jun/2051,93.4869,7.8915
IN4520210050,07.04 TS SDL 2051,7.04,09/Jun/2051,90.7866,7.8915
IN4920260028,07.81 JK SGS 2051,7.81,10/Jun/2051,99.1015,7.8915
IN4520210068,07.03 TS SDL 2051,7.03,16/Jun/2051,90.6759,7.8915
IN4920240061,07.33 JK SGS 2051,7.33,19/Jun/2051,93.9157,7.8915
IN3420250042,07.10 WB SGS 2051,7.1,25/Jun/2051,91.4292,7.8915
IN4520230108,07.39 TS SGS 2051,7.39,28/Jun/2051,94.5621,7.8915
IN4520210084,07.18 TS SDL 2051,7.18,30/Jun/2051,92.2923,7.8915
IN4520210092,07.24 TS SDL 2051,7.24,14/Jul/2051,92.9381,7.8915
IN4920240103,07.35 JK SGS 2051,7.35,18/Jul/2051,94.1271,7.8915
IN3120210130,07.24 TN SDL 2051,7.24,20/Jul/2051,92.9372,7.8915
IN1020260106,07.68 AP SGS 2051,7.68,29/Jul/2051,97.6966,7.8915
IN2020250105,07.17 KL SGS 2051,7.17,30/Jul/2051,92.1787,7.8915
IN3120260119,07.70 TN SGS 2051,7.7,05/Aug/2051,97.8965,7.8931
IN4920240145,07.23 JK SGS 2051,7.23,21/Aug/2051,92.8269,7.8915
IN2020210117,07.19 KL SDL 2051,7.19,25/Aug/2051,92.3937,7.8915
IN4520250312,07.54 TS SGS 2051,7.54,28/Aug/2051,96.1847,7.8915
IN3420210111,07.12 WB SDL 2051,7.12,01/Sep/2051,91.6354,7.8915
IN1320260079,07.76 BR SGS 2051,7.76,02/Sep/2051,98.5687,7.8915
IN4520250346,07.74 TS SGS 2051,7.74,03/Sep/2051,98.3523,7.8915
IN2020260088,07.91 KL SGS 2051,7.91,16/Sep/2051,100.2165,7.8898
IN4520250429,07.44 TS SGS 2051 24 SEP,7.44,24/Sep/2051,95.1037,7.8915
IN2920250239,07.46 RJ SGS 2051,7.46,01/Oct/2051,95.3168,7.8915
IN4520250478,07.30 TS SGS 2051,7.3,15/Oct/2051,93.5738,7.8915
IN2920250254,07.30 RJ SGS 2051,7.3,23/Oct/2051,93.5698,7.8915
IN4520250502,07.50 TS SGS 2051,7.5,19/Nov/2051,95.7312,7.8915
IN4920240202,07.14 JK SGS 2051,7.14,26/Dec/2051,91.8079,7.8915
IN4520250650,07.61 TS SGS 2052,7.61,14/Jan/2052,96.8220,7.9006
IN3120210312,07.33 TN SDL 2052,7.33,02/Feb/2052,93.7756,7.9006
IN1320250286,07.77 BR SGS 2052,7.77,11/Feb/2052,98.5652,7.9006
IN4520250734,07.65 TS SGS 2052,7.65,04/Mar/2052,97.2631,7.9006
IN2220250517,07.66 MH SGS 2052,7.66,04/Mar/2052,97.3721,7.9006
IN3120210411,07.33 TN SDL 2052 09 MAR,7.33,09/Mar/2052,93.7772,7.9006
IN4520240552,07.23 TS SGS 2052,7.23,12/Mar/2052,92.6878,7.9006
IN3120210452,07.39 TN SDL 2052,7.39,16/Mar/2052,94.4322,7.9006
IN4520240578,07.07 TS SGS 2052,7.07,26/Mar/2052,90.9410,7.9006
IN3420250497,08.04 WB SGS 2052,8.04,30/Mar/2052,101.5166,7.9006
IN4520250049,06.79 TS SGS 2052,6.79,30/Apr/2052,87.8642,7.9006
IN2920250064,06.86 RJ SGS 2052,6.86,28/May/2052,88.6132,7.9006
IN3120220048,07.84 TN SDL 2052,7.84,22/Jun/2052,99.3183,7.9006
IN2020250071,07.09 KL SGS 2052,7.09,25/Jun/2052,91.1168,7.9006
IN2020230057,07.39 KL SGS 2052,7.39,28/Jun/2052,94.3969,7.9006
IN3120220055,07.81 TN SDL 2052,7.81,29/Jun/2052,98.9902,7.9006
IN3420250059,07.15 WB SGS 2052,7.15,02/Jul/2052,91.7712,7.9006
IN3420260033,07.65 WB SGS 2052,7.65,08/Jul/2052,97.2400,7.9006
IN2020240098,07.30 KL SGS 2052,7.3,31/Jul/2052,93.4088,7.9006
IN2920250155,07.17 RJ SGS 2052,7.17,06/Aug/2052,91.9850,7.9006
IN1620260043,07.92 HR SGS 2052,7.92,16/Sep/2052,100.2107,7.9006
IN4520250437,07.53 TS SGS 2052,7.53,01/Oct/2052,95.9296,7.9006
IN4520250510,07.50 TS SGS 2052,7.5,19/Nov/2052,95.5815,7.9006
IN4520250593,07.52 TS SGS 2052,7.52,03/Dec/2052,95.7978,7.9006
IN2020220132,07.62 KL SGS 2053,7.62,04/Jan/2053,97.6350,7.8320
IN3120220295,07.65 TN SGS 2053,7.65,01/Feb/2053,97.9686,7.8320
IN3120220303,07.55 TN SGS 2053,7.55,08/Feb/2053,96.8611,7.8320
IN4520250718,07.75 TS SGS 2053,7.75,11/Feb/2053,99.0785,7.8320
IN3120220311,07.53 TN SGS 2053,7.53,22/Feb/2053,96.6413,7.8320
IN3120220337,07.56 TN SGS 2053,7.56,01/Mar/2053,96.9758,7.8320
IN3120220345,07.57 TN SGS 2053,7.57,08/Mar/2053,97.0883,7.8320
IN4520240560,07.23 TS SGS 2053,7.23,12/Mar/2053,93.3163,7.8320
IN3120220352,07.67 TN SGS 2053,7.67,15/Mar/2053,98.2001,7.8320
IN2020250295,07.71 KL SGS 2053,7.71,18/Mar/2053,98.6450,7.8320
IN3120220386,07.76 TN SGS 2053,7.76,29/Mar/2053,99.1978,7.8320
IN4520240032,07.44 TS SGS 2053,7.44,10/Apr/2053,95.6394,7.8320
IN4520250064,06.79 TS SGS 2053,6.79,07/May/2053,88.4037,7.8320
IN2020230032,07.32 KL SGS 2053,7.32,31/May/2053,94.2876,7.8320
IN3120230054,07.32 TN SGS 2053,7.32,31/May/2053,94.2876,7.8320
IN3120230062,07.29 TN SGS 2053,7.29,07/Jun/2053,93.9520,7.8320
IN3120230120,07.39 TN SGS 2053,7.39,28/Jun/2053,95.0611,7.8320
IN2920260097,07.65 RJ SGS 2053,7.65,01/Jul/2053,97.9555,7.8320
IN2920250148,07.15 RJ SGS 2053,7.15,30/Jul/2053,92.3847,7.8320
IN3120230203,07.43 TN SGS 2053,7.43,02/Aug/2053,95.5053,7.8320
IN4920230054,07.44 JK SGS 2053,7.44,02/Aug/2053,95.6167,7.8320
IN4920230062,07.43 JK SGS 2053,7.43,09/Aug/2053,95.5057,7.8320
IN4920230070,07.45 JK SGS 2053,7.45,17/Aug/2053,95.7294,7.8320
IN2920250189,07.54 RJ SGS 2053,7.54,28/Aug/2053,96.7349,7.8320
IN4520250320,07.54 TS SGS 2053,7.54,28/Aug/2053,96.7349,7.8320
IN4920230088,07.43 JK SGS 2053 13 SEP,7.43,13/Sep/2053,95.5107,7.8320
IN4520250387,07.46 TS SGS 2053,7.46,17/Sep/2053,95.8464,7.8320
IN4920230096,07.41 JK SGS 2053,7.41,22/Sep/2053,95.2887,7.8320
IN3120230237,07.43 TN SGS 2053 27 SEP,7.43,27/Sep/2053,95.5094,7.8320
IN3120230252,07.62 TN SGS 2053,7.62,11/Oct/2053,97.6250,7.8320
IN4920230104,07.56 JK SGS 2053,7.56,18/Oct/2053,96.9521,7.8320
IN4920230112,07.60 JK SGS 2053,7.6,25/Oct/2053,97.3965,7.8320
IN4920230120,07.63 JK SGS 2053,7.63,01/Nov/2053,97.7299,7.8320
IN4920230146,07.60 JK SGS 2053 15 NOV,7.6,15/Nov/2053,97.3908,7.8320
IN4520250551,07.45 TS SGS 2053,7.45,26/Nov/2053,95.7109,7.8320
IN4920230187,07.63 JK SGS 2053 13 DEC,7.63,13/Dec/2053,97.7215,7.8320
IN4520250627,07.58 TS SGS 2053,7.58,24/Dec/2053,97.1610,7.8320
IN3120230351,07.56 TN SGS 2053 27 DEC,7.56,27/Dec/2053,96.9370,7.8320
IN4520240446,07.12 TS SGS 2054,7.12,08/Jan/2054,92.0095,7.8320
IN3120230377,07.56 TN SGS 2054,7.56,17/Jan/2054,96.9366,7.8320
IN3120230393,07.58 TN SGS 2054,7.58,24/Jan/2054,97.1610,7.8320
IN3120230427,07.55 TN SGS 2054,7.55,31/Jan/2054,96.8253,7.8320
IN4920230229,07.48 JK SGS 2054,7.48,07/Feb/2054,96.0414,7.8320
IN4920230245,07.45 JK SGS 2054,7.45,21/Feb/2054,95.7066,7.8320
IN1320250302,07.69 BR SGS 2054,7.69,25/Feb/2054,98.3987,7.8320
IN3120230468,07.38 TN SGS 2054,7.38,06/Mar/2054,94.9239,7.8320
IN2020230248,07.36 KL SGS 2054,7.36,13/Mar/2054,94.7008,7.8320
IN3120230476,07.36 TN SGS 2054,7.36,13/Mar/2054,94.7008,7.8320
IN4520250767,07.70 TS SGS 2054,7.7,18/Mar/2054,98.5178,7.8320
IN3120230500,07.40 TN SGS 2054,7.4,20/Mar/2054,95.1513,7.8320
IN3120230526,07.50 TN SGS 2054,7.5,27/Mar/2054,96.2710,7.8320
IN4920230286,07.51 JK SGS 2054,7.51,27/Mar/2054,96.3832,7.8320
IN2220260060,07.79 MH SGS 2054,7.79,22/Apr/2054,99.5179,7.8320
IN4920240038,07.34 JK SGS 2054,7.34,29/May/2054,94.4505,7.8320
IN3120240129,07.27 TN SGS 2054,7.27,26/Jun/2054,93.6576,7.8320
IN4920240079,07.28 JK SGS 2054,7.28,26/Jun/2054,93.7701,7.8320
IN3120240145,07.31 TN SGS 2054,7.31,10/Jul/2054,94.1061,7.8320
IN2020240080,07.33 KL SGS 2054,7.33,24/Jul/2054,94.3306,7.8320
IN3120240194,07.29 TN SGS 2054,7.29,31/Jul/2054,93.8800,7.8320
IN2220250228,07.17 MH SGS 2054,7.17,06/Aug/2054,92.5280,7.8320
IN3120240244,07.22 TN SGS 2054,7.22,28/Aug/2054,93.0923,7.8320
IN4920240152,07.23 JK SGS 2054,7.23,28/Aug/2054,93.2051,7.8320
IN3120240285,07.22 TN SGS 2054 11 SEP,7.22,11/Sep/2054,93.0939,7.8320
IN4520250445,07.52 TS SGS 2054,7.52,01/Oct/2054,96.4755,7.8320
IN4520190120,07.35 TS SDL 2054,7.35,30/Oct/2054,94.5443,7.8320
IN3120240335,07.16 TN SGS 2054,7.16,30/Oct/2054,92.3986,7.8320
IN4520190138,07.43 TS SDL 2054,7.43,13/Nov/2054,95.4436,7.8320
IN3120240392,07.16 TN SGS 2054 27 NOV,7.16,27/Nov/2054,92.3886,7.8320
IN3120190241,07.33 TN SDL 2054,7.33,04/Dec/2054,94.3081,7.8320
IN3120240442,07.10 TN SGS 2054,7.1,18/Dec/2054,91.7046,7.8320
IN4920240210,07.11 JK SGS 2055,7.11,01/Jan/2055,92.5444,7.7633
IN3120240483,07.11 TN SGS 2055,7.11,08/Jan/2055,92.5434,7.7633
IN4520240453,07.11 TS SGS 2055,7.11,08/Jan/2055,92.5434,7.7633
IN3120240517,07.12 TN SGS 2055,7.12,22/Jan/2055,92.6558,7.7633
IN4920240236,07.08 JK SGS 2055,7.08,29/Jan/2055,92.1997,7.7633
IN3120240533,07.18 TN SGS 2055,7.18,05/Feb/2055,93.3390,7.7633
IN3120240566,07.18 TN SGS 2055 12 FEB,7.18,12/Feb/2055,93.3391,7.7633
IN3120240590,07.20 TN SGS 2055,7.2,27/Feb/2055,93.5681,7.7633
IN4520250742,07.65 TS SGS 2055,7.65,04/Mar/2055,98.7013,7.7633
IN3120240632,07.26 TN SGS 2055,7.26,05/Mar/2055,94.2534,7.7633
IN3120240673,07.23 TN SGS 2055,7.23,12/Mar/2055,93.9124,7.7633
IN3120240731,07.18 TN SGS 2055,7.18,19/Mar/2055,93.3432,7.7633
IN2020240338,07.06 KL SGS 2055,7.06,26/Mar/2055,91.9713,7.7633
IN4520240586,07.07 TS SGS 2055,7.07,26/Mar/2055,92.0854,7.7633
IN2020230297,07.54 KL SGS 2055,7.54,27/Mar/2055,97.4489,7.7633
IN4520250023,06.87 TS SGS 2055,6.87,09/Apr/2055,89.7951,7.7633
IN3120250029,06.79 TN SGS 2055,6.79,30/Apr/2055,88.8703,7.7633
IN2020240049,07.34 KL SGS 2055,7.34,29/May/2055,95.1440,7.7633
IN3120250094,06.94 TN SGS 2055,6.94,04/Jun/2055,90.5703,7.7633
IN2020240056,07.38 KL SGS 2055,7.38,05/Jun/2055,95.6000,7.7633
IN4520250130,07.10 TS SGS 2055,7.1,11/Jun/2055,92.3976,7.7633
IN3120250144,07.09 TN SGS 2055,7.09,25/Jun/2055,92.2802,7.7633
IN3120200180,06.68 TN SDL 2055,6.68,01/Jul/2055,87.5888,7.7633
IN4520260097,07.65 TS SGS 2055 01 JUL,7.65,01/Jul/2055,98.6854,7.7633
IN4520250213,07.14 TS SGS 2055,7.14,02/Jul/2055,92.8510,7.7633
IN3120200206,06.63 TN SDL 2055,6.63,08/Jul/2055,87.0148,7.7633
IN4520250221,07.13 TS SGS 2055,7.13,09/Jul/2055,92.7357,7.7633
IN2920200234,06.55 RJ SDL 2055,6.55,15/Jul/2055,86.0974,7.7633
IN3120250177,07.07 TN SGS 2055,7.07,23/Jul/2055,92.0477,7.7633
IN2220250236,07.16 MH SGS 2055,7.16,06/Aug/2055,93.0776,7.7633
IN1320250054,07.43 BR SGS 2055,7.43,13/Aug/2055,96.1701,7.7633
IN3120250219,07.44 TN SGS 2055,7.44,20/Aug/2055,96.2857,7.7633
IN4520250338,07.54 TS SGS 2055,7.54,28/Aug/2055,97.4329,7.7633
IN2920250197,07.73 RJ SGS 2055,7.73,03/Sep/2055,99.6116,7.7633
IN4520250353,07.74 TS SGS 2055,7.74,03/Sep/2055,99.7262,7.7633
IN3120250318,07.44 TN SGS 2055 01 OCT,7.44,01/Oct/2055,96.2880,7.7633
IN3120250367,07.46 TN SGS 2055,7.46,06/Nov/2055,96.5046,7.7633
IN3120250433,07.44 TN SGS 2055,7.44,26/Nov/2055,96.2701,7.7633
IN3120250474,07.52 TN SGS 2055,7.52,03/Dec/2055,97.1876,7.7633
IN3120250524,07.45 TN SGS 2055,7.45,17/Dec/2055,96.3817,7.7633
IN3120250607,07.58 TN SGS 2056,7.58,07/Jan/2056,96.3590,7.8992
IN3120250649,07.58 TN SGS 2056 21 JAN,7.58,21/Jan/2056,96.3592,7.8992
IN3120250680,07.61 TN SGS 2056,7.61,04/Feb/2056,96.7009,7.8992
IN3120250789,07.63 TN SGS 2056,7.63,04/Mar/2056,96.9337,7.8992
IN4520250775,07.69 TS SGS 2056,7.69,18/Mar/2056,97.6200,7.8992
IN3420250505,08.04 WB SGS 2056,8.04,30/Mar/2056,101.5978,7.8992
IN3320250290,08.09 UP SGS 2056,8.09,30/Mar/2056,102.1664,7.8992
IN4520260022,08.07 TS SGS 2056,8.07,08/Apr/2056,101.9364,7.8992
IN2120260020,07.90 MP SGS 2056,7.9,15/Apr/2056,100.0002,7.8992
IN4520250031,06.84 TS SGS 2056,6.84,16/Apr/2056,87.9399,7.8992
IN1020260056,07.81 AP SGS 2056,7.81,22/Apr/2056,98.9741,7.8992
IN4520250056,06.79 TS SGS 2056,6.79,30/Apr/2056,87.3634,7.8992
IN3120210031,06.96 TN SDL 2056,6.96,19/May/2056,89.2900,7.8992
IN4520250148,07.08 TS SGS 2056,7.08,11/Jun/2056,90.6494,7.8992
IN2020210091,07.20 KL SDL 2056,7.2,30/Jun/2056,92.0127,7.8992
IN1020260122,07.64 AP SGS 2056,7.64,12/Aug/2056,97.0300,7.8992
IN2020250121,07.49 KL SGS 2056,7.49,20/Aug/2056,95.3198,7.8992
IN2120260095,07.75 MP SGS 2056,7.75,02/Sep/2056,98.2898,7.8992
IN4520250452,07.44 TS SGS 2056,7.44,01/Oct/2056,94.7506,7.8992
IN4520250494,07.44 TS SGS 2056 12 NOV,7.44,12/Nov/2056,94.7348,7.8992
IN3120210429,07.33 TN SDL 2057,7.33,09/Mar/2057,93.4700,7.8992
IN2920260022,08.06 RJ SGS 2057,8.06,08/Apr/2057,101.8380,7.8992
IN4520250072,06.80 TS SGS 2057,6.8,07/May/2057,87.3693,7.8992
IN4520250155,07.08 TS SGS 2057,7.08,11/Jun/2057,90.5721,7.8992
IN4520250239,07.10 TS SGS 2057,7.1,16/Jul/2057,90.7959,7.8992
IN4520250361,07.72 TS SGS 2057,7.72,03/Sep/2057,97.9310,7.8992
IN4520250486,07.45 TS SGS 2057,7.45,06/Nov/2057,94.8099,7.8992
IN2020220207,07.76 KL SGS 2058,7.76,29/Mar/2058,98.3879,7.8992
IN4520250163,07.09 TS SGS 2058,7.09,18/Jun/2058,90.6148,7.8992
IN2020250089,07.13 KL SGS 2058,7.13,02/Jul/2058,91.0755,7.8992
IN4520250460,07.44 TS SGS 2058,7.44,01/Oct/2058,94.6692,7.8992
IN4520250171,07.09 TS SGS 2059,7.09,18/Jun/2059,90.5495,7.8992
IN2020240114,07.27 KL SGS 2059,7.27,07/Aug/2059,92.6454,7.8992
IN2020240130,07.22 KL SGS 2059,7.22,28/Aug/2059,92.0642,7.8992
IN4520190146,07.39 TS SDL 2059,7.39,11/Dec/2059,94.0276,7.8992
IN4520190153,07.31 TS SDL 2060,7.31,15/Jan/2060,93.0892,7.8992
IN4520190161,06.94 TS SDL 2060,6.94,11/Mar/2060,88.7616,7.8992
IN4520250189,07.09 TS SGS 2060,7.09,18/Jun/2060,90.4890,7.8992
IN4520250247,07.09 TS SGS 2060 16 JUL,7.09,16/Jul/2060,90.4859,7.8992
IN4520250304,07.33 TS SGS 2060,7.33,13/Aug/2060,93.3040,7.8992
IN2020250162,07.74 KL SGS 2060,7.74,03/Sep/2060,98.1231,7.8992
IN4520250197,07.09 TS SGS 2061,7.09,18/Jun/2061,90.4331,7.8992
IN2020250063,06.94 KL SGS 2062,6.94,04/Jun/2062,88.6048,7.8992
IN4520250254,07.09 TS SGS 2063,7.09,16/Jul/2063,90.3312,7.8992
IN4520250379,07.72 TS SGS 2063,7.72,03/Sep/2063,97.8543,7.8992
IN2020230263,07.42 KL SGS 2064,7.42,20/Mar/2064,94.2653,7.8992
,,,,,
,,,,,
,,,,,
,,,,,
,,,,,
,,,,,
,,,,,
,,,,,
,,,,,
,,,,,
,,,,,
,,,,,
